DAY,RESULT,TEMP,RAIN,WEATHER
2016/4/1,71626.0,12.8,2.5,0.5
2016/4/2,69778.0,10.5,1.5,0.5
2016/4/3,63798.0,13.1,4.0,0.75
2016/4/4,70949.0,15.6,8.0,0.75
2016/4/5,76572.0,10.8,1.5,0.5
2016/4/6,71918.0,14.6,0,0.5
2016/4/7,76125.0,13.8,33.0,1.0
2016/4/8,71008.0,16.1,0,0.5
2016/4/9,63956.0,17.1,0,0.5
2016/4/10,60860.0,17.2,0,0.5
2016/4/11,71974.0,11.6,0.0,0.5
2016/4/12,75294.0,10.5,0,0
2016/4/13,74426.0,14.4,1.5,1.0
2016/4/14,73648.0,15.0,20.0,0.75
2016/4/15,71072.0,16.3,0,0
2016/4/16,65129.0,15.8,0,0.5
2016/4/17,62243.0,19.2,6.0,0.5
2016/4/18,69346.0,18.9,0.5,0
2016/4/19,69886.0,16.2,0.0,0
2016/4/20,70374.0,14.9,0,0.25
2016/4/21,72467.0,16.5,6.0,0.5
2016/4/22,71650.0,17.3,0.0,0.25
2016/4/23,65648.0,17.9,0.0,0.5
2016/4/24,61722.0,15.7,13.5,0.75
2016/4/25,69337.0,18.1,0,0.5
2016/4/26,72682.0,19.2,0,0
2016/4/27,72122.0,18.1,0.0,0.5
2016/4/28,72332.0,14.4,22.0,1.0
2016/4/29,63948.0,15.8,0.0,0
2016/4/30,61786.0,16.0,0,0
2016/5/1,58282.0,18.2,0,0
2016/5/2,63474.0,17.4,0,0.5
2016/5/3,58983.0,20.4,0,0.5
2016/5/4,58690.0,22.1,13.5,0
2016/5/5,58930.0,22.1,0,0
2016/5/6,65718.0,18.1,2.5,0.75
2016/5/7,65133.0,21.2,0.0,0
2016/5/8,60612.0,21.3,0,0.25
2016/5/9,69554.0,18.5,19.0,0.75
2016/5/10,72401.0,18.4,6.0,0.5
2016/5/11,73217.0,21.4,5.5,0.5
2016/5/12,73195.0,21.7,0,0
2016/5/13,73783.0,21.2,0,0
2016/5/14,66058.0,19.8,0,0.5
2016/5/15,61356.0,17.6,0,0.5
2016/5/16,70647.0,19.0,0,0.5
2016/5/17,73343.0,18.3,31.5,1.0
2016/5/18,72231.0,20.0,0,0
2016/5/19,71937.0,19.3,0,0.25
2016/5/20,70976.0,17.2,0,0.5
2016/5/21,65751.0,19.1,0.0,0
2016/5/22,62839.0,22.4,0,0
2016/5/23,74517.0,23.5,0,0.5
2016/5/24,78288.0,23.4,0,0.5
2016/5/25,76192.0,22.2,0.0,0.5
2016/5/26,76618.0,23.0,0,0.5
2016/5/27,73033.0,19.4,36.5,1.0
2016/5/28,64456.0,19.3,0,0.5
2016/5/29,60987.0,21.7,0.0,0.25
2016/5/30,69516.0,17.4,23.0,1.0
2016/5/31,71196.0,20.4,0,0.5
2016/6/1,70825.0,21.5,0,0.5
2016/6/2,70304.0,20.7,0,0
2016/6/3,70214.0,19.4,0,0
2016/6/4,65344.0,21.7,0.0,0.5
2016/6/5,59785.0,19.3,3.0,0.5
2016/6/6,69678.0,20.0,0,0.5
2016/6/7,72071.0,19.6,0.5,0.5
2016/6/8,73539.0,21.9,0.0,0.5
2016/6/9,74555.0,21.2,6.5,0.5
2016/6/10,75644.0,23.5,0,0
2016/6/11,68034.0,23.5,0,0.25
2016/6/12,64572.0,23.9,0.0,0.5
2016/6/13,72350.0,19.8,98.5,1.0
2016/6/14,73759.0,22.2,0,0.5
2016/6/15,72861.0,20.8,0.0,0.5
2016/6/16,74250.0,22.1,7.5,0.5
2016/6/17,77900.0,24.2,2.5,0
2016/6/18,72069.0,26.7,0,0
2016/6/19,66144.0,24.3,5.0,0.5
2016/6/20,79664.0,24.3,4.0,0.5
2016/6/21,78933.0,22.7,10.0,1.0
2016/6/22,77168.0,22.7,0.5,0.5
2016/6/23,78029.0,23.0,9.5,0.5
2016/6/24,76065.0,22.7,1.5,0.5
2016/6/25,71671.0,25.4,1.0,0.5
2016/6/26,67188.0,25.5,0,0.5
2016/6/27,77476.0,24.4,0,0
2016/6/28,74806.0,19.1,23.0,1.0
2016/6/29,74863.0,21.5,0.5,0.5
2016/6/30,75909.0,23.0,1.0,0.5
2016/7/1,80622.0,25.6,0,0.5
2016/7/2,76417.0,27.0,0.0,0.5
2016/7/3,78475.0,29.2,0,0.5
2016/7/4,89812.0,27.8,1.5,0
2016/7/5,78213.0,21.7,0.0,0.5
2016/7/6,78125.0,23.1,0,0.5
2016/7/7,88051.0,27.4,0,0
2016/7/8,82639.0,25.3,0.0,0.5
2016/7/9,69921.0,22.4,12.5,1.0
2016/7/10,71667.0,25.6,0,0.5
2016/7/11,87564.0,28.0,0,0
2016/7/12,88043.0,27.1,0,0
2016/7/13,85886.0,25.1,2.0,1.0
2016/7/14,88895.0,25.9,21.0,0.5
2016/7/15,79415.0,22.2,5.5,1.0
2016/7/16,70477.0,24.1,0,0.5
2016/7/17,70417.0,25.9,0.0,0.5
2016/7/18,81184.0,28.7,0.0,0
2016/7/19,89968.0,27.3,5.0,0
2016/7/20,86684.0,26.3,1.0,0.25
2016/7/21,78846.0,21.8,28.5,1.0
2016/7/22,75158.0,21.4,3.5,1.0
2016/7/23,66837.0,22.4,0,0.5
2016/7/24,65281.0,23.9,0,0
2016/7/25,76865.0,24.7,0,0.5
2016/7/26,77843.0,23.8,1.0,0.5
2016/7/27,77976.0,24.5,0.0,0.5
2016/7/28,83408.0,26.5,0,0.5
2016/7/29,86012.0,27.2,0,0
2016/7/30,79628.0,27.2,0,0
2016/7/31,75648.0,27.5,0.0,0.5
2016/8/1,87434.0,27.4,2.0,0.5
2016/8/2,87793.0,25.9,27.0,0.5
2016/8/3,88785.0,26.8,16.0,0.5
2016/8/4,92312.0,28.1,0,0
2016/8/5,94404.0,28.7,0,0
2016/8/6,88254.0,29.1,0,0
2016/8/7,81528.0,28.6,0,0
2016/8/8,90967.0,28.5,0.0,0.5
2016/8/9,99197.0,31.9,0,0
2016/8/10,94296.0,29.1,0,0.5
2016/8/11,79806.0,27.3,0.0,0.5
2016/8/12,80439.0,26.7,0,0.25
2016/8/13,72934.0,26.5,0.0,0
2016/8/14,67836.0,26.0,0.0,0.5
2016/8/15,73116.0,26.6,0.5,0.5
2016/8/16,78216.0,26.9,33.0,0.5
2016/8/17,86580.0,28.7,14.0,0
2016/8/18,86061.0,26.9,67.0,0.5
2016/8/19,86933.0,27.6,5.0,0
2016/8/20,77807.0,25.7,82.0,1.0
2016/8/21,77758.0,27.9,0.0,0.5
2016/8/22,84069.0,25.7,106.5,1.0
2016/8/23,87429.0,26.8,0.5,0.5
2016/8/24,87015.0,26.5,0.0,0.5
2016/8/25,91617.0,28.0,0,0
2016/8/26,92323.0,28.3,0,0
2016/8/27,74596.0,24.3,2.0,1.0
2016/8/28,65597.0,22.6,2.0,0.5
2016/8/29,81713.0,25.6,16.0,0.5
2016/8/30,81689.0,25.1,40.5,0.5
2016/8/31,81745.0,26.8,0,0
2016/9/1,84812.0,27.0,0,0
2016/9/2,86185.0,26.7,0.0,0
2016/9/3,79681.0,27.2,0.0,0
2016/9/4,74388.0,26.7,3.0,0.5
2016/9/5,90002.0,28.4,0.0,0
2016/9/6,93688.0,28.8,0.0,0
2016/9/7,89980.0,27.1,4.5,0.5
2016/9/8,87702.0,26.4,11.5,0.5
2016/9/9,88021.0,27.0,0.0,0
2016/9/10,78366.0,26.6,0.0,0.5
2016/9/11,68188.0,23.2,5.0,0.5
2016/9/12,78796.0,24.7,0.0,0.5
2016/9/13,78794.0,22.6,34.5,1.0
2016/9/14,77790.0,23.1,0.0,0.5
2016/9/15,81374.0,24.1,24.0,0.5
2016/9/16,78457.0,22.9,3.5,0.5
2016/9/17,74716.0,25.3,0,0
2016/9/18,68633.0,24.6,2.0,0.5
2016/9/19,69972.0,21.3,21.5,1.0
2016/9/20,74615.0,19.1,91.5,1.0
2016/9/21,73270.0,20.1,0.0,0.5
2016/9/22,70881.0,19.4,56.5,1.0
2016/9/23,75288.0,20.8,16.5,1.0
2016/9/24,69927.0,21.8,10.5,0.75
2016/9/25,66522.0,23.6,0,0.5
2016/9/26,80030.0,25.4,0.0,0.5
2016/9/27,84095.0,25.6,0,0.5
2016/9/28,85638.0,26.5,0.0,0.5
2016/9/29,82223.0,24.6,0.0,0.5
2016/9/30,73950.0,21.4,2.5,0.5
2016/10/1,67459.0,19.7,1.5,0.5
2016/10/2,65988.0,23.1,0,0
2016/10/3,76847.0,22.7,2.0,1.0
2016/10/4,80875.0,24.9,0,0.5
2016/10/5,77983.0,24.0,0.5,0.5
2016/10/6,81325.0,26.0,0.0,0.5
2016/10/7,73437.0,21.4,0,0
2016/10/8,68137.0,21.2,10.0,0.5
2016/10/9,64376.0,22.3,32.5,0.75
2016/10/10,63490.0,18.4,0.0,0.5
2016/10/11,69408.0,17.6,0,0.5
2016/10/12,70439.0,17.9,0,0
2016/10/13,71302.0,16.5,0.0,0.5
2016/10/14,70422.0,15.6,0,0.5
2016/10/15,65039.0,16.7,0,0
2016/10/16,61006.0,17.4,0.0,0
2016/10/17,71179.0,17.5,24.0,0.75
2016/10/18,73620.0,20.9,6.0,0
2016/10/19,73329.0,20.8,0.0,0.5
2016/10/20,73871.0,21.9,0.0,0
2016/10/21,70818.0,18.2,0,0.5
2016/10/22,65635.0,16.7,0.0,0.5
2016/10/23,60889.0,18.1,0.0,0.5
2016/10/24,68712.0,14.9,0,0
2016/10/25,72143.0,14.0,1.0,0.5
2016/10/26,72058.0,19.1,0.0,0
2016/10/27,71041.0,19.0,0,0
2016/10/28,74009.0,12.2,18.0,0.75
2016/10/29,66843.0,15.5,0.0,0.5
2016/10/30,65008.0,11.9,1.0,0.5
2016/10/31,71290.0,14.3,0,0.5
2016/11/1,74153.0,13.4,10.0,1.0
2016/11/2,77102.0,10.9,1.5,0.5
2016/11/3,70147.0,12.9,3.0,0
2016/11/4,72700.0,14.0,0,0
2016/11/5,67616.0,14.6,0.0,0
2016/11/6,62774.0,14.8,0,0
2016/11/7,73988.0,11.0,0,0
2016/11/8,77800.0,9.9,2.0,0.5
2016/11/9,79242.0,10.4,5.0,0
2016/11/10,82622.0,9.6,0.0,0.5
2016/11/11,83972.0,9.0,49.0,1.0
2016/11/12,70071.0,13.6,0,0
2016/11/13,65060.0,13.6,0,0
2016/11/14,75367.0,13.7,6.0,0.5
2016/11/15,75170.0,15.3,0.0,0.5
2016/11/16,77313.0,12.5,0,0.5
2016/11/17,76267.0,12.6,0,0
2016/11/18,77198.0,11.3,0,0
2016/11/19,75416.0,9.8,18.0,1.0
2016/11/20,66016.0,13.6,0,0.5
2016/11/21,77526.0,12.6,2.5,0.5
2016/11/22,75699.0,14.0,2.0,0
2016/11/23,76488.0,11.4,0.0,0.5
2016/11/24,94780.0,2.8,23.0,1.0
2016/11/25,89697.0,5.6,0,0
2016/11/26,79231.0,8.3,0,0.25
2016/11/27,72161.0,10.6,9.5,0.5
2016/11/28,80811.0,11.1,7.5,0.5
2016/11/29,82841.0,10.5,0,0
2016/11/30,84329.0,8.8,0.0,0.5
2016/12/1,83027.0,10.0,10.5,0.75
2016/12/2,79953.0,11.5,0,0
2016/12/3,74197.0,10.8,0,0
2016/12/4,68716.0,11.6,2.5,0.5
2016/12/5,76076.0,12.7,1.5,0.5
2016/12/6,79928.0,10.8,0,0
2016/12/7,85672.0,7.5,0,0.5
2016/12/8,84691.0,8.6,0,0
2016/12/9,81940.0,11.1,0,0
2016/12/10,77929.0,8.5,0,0
2016/12/11,75842.0,6.8,0,0
2016/12/12,87266.0,7.0,0,0.5
2016/12/13,86333.0,9.4,3.0,0.5
2016/12/14,87452.0,8.1,37.0,1.0
2016/12/15,89345.0,6.2,0,0
2016/12/16,92184.0,4.8,0,0
2016/12/17,83602.0,6.7,0,0
2016/12/18,75957.0,8.2,0,0
2016/12/19,83277.0,10.0,0,0.25
2016/12/20,84186.0,9.6,0,0.25
2016/12/21,82357.0,10.5,0,0
2016/12/22,81965.0,14.6,10.5,0.5
2016/12/23,73428.0,14.0,7.5,0
2016/12/24,75507.0,8.6,0,0
2016/12/25,74369.0,6.6,0,0.25
2016/12/26,86334.0,6.9,0.0,0.5
2016/12/27,82737.0,11.1,11.5,0.5
2016/12/28,81063.0,6.0,0,0
2016/12/29,78190.0,4.3,0,0.75
2016/12/30,71973.0,6.0,0,0
2016/12/31,67855.0,6.3,0,0
2017/1/1,62234.0,7.4,0,0
2017/1/2,63592.0,7.2,0,0
2017/1/3,65243.0,8.0,0,0
2017/1/4,71644.0,8.5,0,0
2017/1/5,81938.0,6.7,0,0
2017/1/6,88836.0,4.5,0,0
2017/1/7,85318.0,4.1,0,0
2017/1/8,83725.0,3.9,20.5,0.5
2017/1/9,81743.0,7.2,5.5,0.5
2017/1/10,86621.0,8.1,0,0
2017/1/11,88357.0,6.9,0,0
2017/1/12,90131.0,6.0,0,0
2017/1/13,90085.0,6.2,0.0,0
2017/1/14,90338.0,2.4,0.0,0.5
2017/1/15,88008.0,0.7,0,0
2017/1/16,97278.0,3.2,0,0
2017/1/17,94044.0,5.4,0,0
2017/1/18,93059.0,5.8,0,0
2017/1/19,93116.0,6.4,0,0.5
2017/1/20,100374.0,3.0,0.0,0.5
2017/1/21,86144.0,5.9,0,0
2017/1/22,78853.0,6.0,0,0
2017/1/23,94202.0,4.0,0,0
2017/1/24,98512.0,2.5,0,0
2017/1/25,97141.0,3.9,0,0
2017/1/26,94748.0,4.6,0.0,0
2017/1/27,90792.0,8.8,0,0.25
2017/1/28,80079.0,8.4,0,0
2017/1/29,74984.0,8.0,0,0.5
2017/1/30,80987.0,11.2,0.0,0
2017/1/31,88426.0,5.9,0,0
2017/2/1,88985.0,6.0,0,0
2017/2/2,92452.0,4.5,0,0
2017/2/3,89458.0,7.4,0,0
2017/2/4,80233.0,8.2,0,0
2017/2/5,78212.0,7.2,0.0,0.5
2017/2/6,85371.0,8.7,0.0,0
2017/2/7,91063.0,5.6,0,0
2017/2/8,90545.0,6.3,0,0
2017/2/9,99064.0,2.4,8.0,1.0
2017/2/10,94774.0,4.3,0.5,0.5
2017/2/11,85296.0,4.1,0,0
2017/2/12,80389.0,5.0,0,0
2017/2/13,90150.0,6.3,0,0
2017/2/14,91315.0,6.1,0,0
2017/2/15,89563.0,6.5,0,0
2017/2/16,87272.0,7.3,0,0
2017/2/17,80947.0,13.2,0,0
2017/2/18,78656.0,8.1,0.0,0.5
2017/2/19,75104.0,6.2,0.0,0
2017/2/20,82895.0,9.9,6.5,0
2017/2/21,87893.0,6.1,0,0
2017/2/22,89133.0,7.0,0,0.5
2017/2/23,83349.0,12.4,0.5,0.75
2017/2/24,85497.0,7.4,0.0,0.5
2017/2/25,77774.0,7.5,0,0
2017/2/26,71624.0,8.6,0,0.25
2017/2/27,85473.0,6.2,0,0.5
2017/2/28,86833.0,5.5,0,0
2017/3/1,86583.0,6.4,4.5,0.5
2017/3/2,88340.0,6.8,9.5,0.75
2017/3/3,83520.0,8.7,0,0
2017/3/4,76791.0,8.7,0,0.5
2017/3/5,69847.0,10.4,0,0.25
2017/3/6,82490.0,9.3,1.0,0.5
2017/3/7,87653.0,6.6,0.5,0.5
2017/3/8,87640.0,5.5,0,0
2017/3/9,85194.0,7.5,0,0
2017/3/10,83360.0,8.6,0,0
2017/3/11,77220.0,7.9,0,0
2017/3/12,72440.0,7.6,0.0,0.5
2017/3/13,83567.0,8.8,0.5,0.5
2017/3/14,86229.0,8.1,2.5,1.0
2017/3/15,90074.0,5.4,1.0,0.5
2017/3/16,84525.0,8.2,0.0,0
2017/3/17,82605.0,9.5,0.0,0
2017/3/18,74363.0,10.3,0,0.25
2017/3/19,67726.0,12.2,0,0
2017/3/20,69869.0,12.6,0,0.25
2017/3/21,82730.0,9.1,25.5,1.0
2017/3/22,80740.0,9.8,0,0
2017/3/23,81469.0,9.7,0.0,0.5
2017/3/24,81629.0,8.5,0,0.5
2017/3/25,76045.0,7.8,0,0.5
2017/3/26,76906.0,5.9,12.5,1.0
2017/3/27,89772.0,5.0,21.5,1.0
2017/3/28,84822.0,8.6,0.0,0
2017/3/29,81411.0,9.1,0,0.25
2017/3/30,77344.0,11.9,0,0.25
2017/3/31,81840.0,8.8,6.5,0.5
2017/4/1,79382.0,6.3,5.5,1.0
2017/4/2,70068.0,8.7,0,0.5
2017/4/3,77643.0,9.9,1.5,0
2017/4/4,77227.0,11.2,0,0
2017/4/5,74060.0,14.7,0,0.5
2017/4/6,72748.0,16.7,0.5,0.5
2017/4/7,72436.0,17.5,3.0,1.0
2017/4/8,67690.0,15.3,7.0,1.0
2017/4/9,64520.0,13.8,9.0,1.0
2017/4/10,73518.0,10.4,0,0.5
2017/4/11,83935.0,8.5,46.0,1.0
2017/4/12,74490.0,14.3,0.0,0.5
2017/4/13,74713.0,12.3,0.0,0
2017/4/14,72869.0,15.0,0,0
2017/4/15,65658.0,18.6,0.0,0.5
2017/4/16,61353.0,18.9,0,0
2017/4/17,69719.0,18.3,13.0,0.5
2017/4/18,72154.0,20.0,17.5,0.5
2017/4/19,71217.0,18.0,0,0
2017/4/20,70973.0,15.7,0.0,0.25
2017/4/21,71058.0,15.6,0.0,0.5
2017/4/22,66202.0,14.3,15.0,0.5
2017/4/23,61999.0,13.6,0.5,0
2017/4/24,70135.0,14.5,0,0.25
2017/4/25,71205.0,16.0,0,0
2017/4/26,71409.0,16.9,0.0,0.5
2017/4/27,71005.0,14.7,3.5,0.5
2017/4/28,69419.0,15.9,0,0
2017/4/29,62669.0,16.2,0.0,0
2017/4/30,59242.0,17.8,0,0
2017/5/1,65733.0,17.7,1.0,0
2017/5/2,64196.0,16.6,0,0
2017/5/3,58081.0,17.1,0,0.5
2017/5/4,56786.0,18.1,0,0.25
2017/5/5,57024.0,19.6,0,0
2017/5/6,59206.0,21.7,0,0.5
2017/5/7,58563.0,19.9,0.0,0.5
2017/5/8,68647.0,20.8,0,0
2017/5/9,69578.0,19.1,0.0,0.5
2017/5/10,70920.0,16.3,4.0,1.0
2017/5/11,72374.0,21.0,0.0,0
2017/5/12,73074.0,21.6,0.0,0.5
2017/5/13,66410.0,17.8,27.0,1.0
2017/5/14,59751.0,17.8,0.0,0.5
2017/5/15,69092.0,17.7,0.0,0.5
2017/5/16,70155.0,18.9,0.0,0.5
2017/5/17,69790.0,17.2,0,0.5
2017/5/18,70607.0,17.6,1.5,0.5
2017/5/19,71191.0,20.0,0,0
2017/5/20,66583.0,22.1,0,0
2017/5/21,64325.0,23.8,0,0
2017/5/22,74187.0,23.2,0,0
2017/5/23,74634.0,22.5,0,0
2017/5/24,73440.0,22.2,0.0,0.5
2017/5/25,73281.0,20.9,1.0,0.75
2017/5/26,72159.0,18.8,14.5,0.75
2017/5/27,65374.0,20.9,0.0,0.5
2017/5/28,61312.0,20.9,0,0
2017/5/29,71253.0,21.5,0,0
2017/5/30,75927.0,23.3,0,0
2017/5/31,76319.0,23.6,0,0.5
2017/6/1,75845.0,21.5,15.5,0.5
2017/6/2,74423.0,23.0,0,0
2017/6/3,65542.0,21.4,0,0
2017/6/4,60753.0,21.0,0,0
2017/6/5,70202.0,19.6,3.5,0
2017/6/6,71354.0,19.6,0.0,0.5
2017/6/7,71510.0,20.3,0.0,0.5
2017/6/8,73408.0,22.0,0.0,0.5
2017/6/9,74439.0,23.1,0,0.5
2017/6/10,69666.0,24.6,0.0,0.5
2017/6/11,62863.0,21.7,0.0,0.5
2017/6/12,70880.0,20.5,0.0,0.5
2017/6/13,71904.0,16.9,9.5,1.0
2017/6/14,71817.0,19.3,3.5,0.5
2017/6/15,73518.0,21.3,0,0
2017/6/16,75655.0,22.4,0.0,0
2017/6/17,67118.0,22.3,0,0
2017/6/18,62047.0,19.5,11.5,0.75
2017/6/19,72914.0,22.6,1.0,0
2017/6/20,76448.0,22.7,0,0.5
2017/6/21,76393.0,22.4,45.5,1.0
2017/6/22,76605.0,24.0,0,0.5
2017/6/23,78943.0,24.6,0,0
2017/6/24,72045.0,24.6,0.0,0.5
2017/6/25,66929.0,22.3,10.0,1.0
2017/6/26,76050.0,23.1,0.5,0.5
2017/6/27,77746.0,23.2,1.0,0.5
2017/6/28,77419.0,22.4,3.0,1.0
2017/6/29,80138.0,24.6,0,0.5
2017/6/30,78759.0,23.8,2.0,1.0
2017/7/1,71733.0,23.4,2.0,1.0
2017/7/2,71679.0,25.7,1.0,0.5
2017/7/3,88138.0,28.3,0.0,0.5
2017/7/4,87514.0,26.8,15.0,0.5
2017/7/5,86643.0,26.3,0.5,0.5
2017/7/6,85923.0,26.2,0.0,0.5
2017/7/7,88413.0,27.0,0.0,0
2017/7/8,83424.0,27.9,0,0
2017/7/9,79309.0,27.3,0,0
2017/7/10,91154.0,27.4,0,0
2017/7/11,93044.0,27.7,0,0
2017/7/12,95916.0,28.9,0,0
2017/7/13,95196.0,28.5,0.0,0
2017/7/14,94016.0,28.2,0,0
2017/7/15,85955.0,28.1,0,0
2017/7/16,83347.0,28.9,0,0.5
2017/7/17,87988.0,29.7,0.0,0.5
2017/7/18,90272.0,26.3,10.5,0.5
2017/7/19,88977.0,26.5,0.0,0
2017/7/20,93669.0,28.2,0,0
2017/7/21,96503.0,29.1,0,0
2017/7/22,87531.0,28.7,0,0.5
2017/7/23,76399.0,27.3,0.0,0.5
2017/7/24,91469.0,29.1,0.0,0.5
2017/7/25,94699.0,29.4,0.0,0.5
2017/7/26,84668.0,24.6,35.0,1.0
2017/7/27,80696.0,24.2,0.5,0.5
2017/7/28,87508.0,26.8,0.0,0.5
2017/7/29,80027.0,26.8,16.0,0.5
2017/7/30,72316.0,25.6,0.5,0.5
2017/7/31,90183.0,28.0,0,0
2017/8/1,88381.0,26.3,6.5,0.5
2017/8/2,78368.0,22.9,0.5,0.5
2017/8/3,79830.0,24.3,0.0,0.5
2017/8/4,83611.0,25.6,0.0,0.5
2017/8/5,82766.0,27.8,0.5,0.5
2017/8/6,82533.0,29.0,0.0,0.25
2017/8/7,95582.0,28.7,9.0,0.5
2017/8/8,96422.0,29.3,0.0,0.5
2017/8/9,100302.0,30.0,0.0,0
2017/8/10,86036.0,25.7,2.5,0.5
2017/8/11,72015.0,22.9,10.5,0.5
2017/8/12,69380.0,24.1,9.5,0.5
2017/8/13,69880.0,26.9,0.0,0.5
2017/8/14,69401.0,24.4,9.5,0.5
2017/8/15,67701.0,23.7,43.5,1.0
2017/8/16,66904.0,21.9,18.5,1.0
2017/8/17,73313.0,24.2,3.5,0.5
2017/8/18,79177.0,26.5,0.0,0.5
2017/8/19,77044.0,26.0,17.0,0.5
2017/8/20,70451.0,25.3,0.0,0.5
2017/8/21,84975.0,27.0,0.5,0.5
2017/8/22,91390.0,27.8,0,0.5
2017/8/23,96163.0,29.4,0,0.25
2017/8/24,98326.0,29.9,0.0,0.5
2017/8/25,99805.0,30.4,0.0,0.5
2017/8/26,87409.0,28.9,0.0,0.5
2017/8/27,74363.0,26.6,0,0.5
2017/8/28,85922.0,26.4,0,0.25
2017/8/29,94416.0,28.7,0.0,0.5
2017/8/30,92805.0,27.7,2.0,0.5
2017/8/31,78444.0,21.6,8.0,1.0
2017/9/1,75236.0,21.8,9.5,0.5
2017/9/2,66086.0,20.0,14.5,1.0
2017/9/3,64437.0,22.2,0,0
2017/9/4,72330.0,20.6,8.0,0.5
2017/9/5,77150.0,23.0,0.5,0.5
2017/9/6,76720.0,21.6,9.5,1.0
2017/9/7,78179.0,22.1,3.0,0.5
2017/9/8,79581.0,23.8,0.0,0.25
2017/9/9,72233.0,24.5,0.0,0
2017/9/10,70262.0,25.3,0.0,0
2017/9/11,81327.0,25.8,3.0,0.5
2017/9/12,82975.0,24.8,4.5,1.0
2017/9/13,84256.0,26.2,0.0,0.25
2017/9/14,83636.0,25.7,0.0,0.5
2017/9/15,77689.0,23.9,0.0,0.5
2017/9/16,68017.0,20.5,8.0,0.5
2017/9/17,63860.0,19.0,52.0,1.0
2017/9/18,75695.0,27.0,16.0,0
2017/9/19,79140.0,24.6,0,0.5
2017/9/20,76999.0,23.3,0.0,0.5
2017/9/21,77834.0,24.2,0,0
2017/9/22,76116.0,21.9,20.5,0.75
2017/9/23,66161.0,20.1,12.5,0.5
2017/9/24,64008.0,21.9,0,0.5
2017/9/25,76010.0,23.7,0.0,0
2017/9/26,78193.0,23.8,0,0
2017/9/27,77258.0,23.7,2.5,0.5
2017/9/28,74613.0,19.2,45.5,0.5
2017/9/29,71509.0,19.9,0.0,0
2017/9/30,65344.0,20.1,0,0.5
2017/10/1,61888.0,20.9,0,0.25
2017/10/2,72576.0,22.3,3.5,0.5
2017/10/3,76545.0,22.1,0.5,0.5
2017/10/4,71598.0,18.3,0.0,0.5
2017/10/5,70551.0,16.9,0,0.5
2017/10/6,71230.0,15.7,28.0,0.75
2017/10/7,66220.0,18.0,33.5,1.0
2017/10/8,62216.0,20.9,0,0.5
2017/10/9,65895.0,21.0,0.0,0
2017/10/10,76465.0,22.8,0,0
2017/10/11,75795.0,21.2,0.0,0.5
2017/10/12,78329.0,23.1,0.5,0
2017/10/13,73358.0,15.9,4.5,1.0
2017/10/14,67473.0,14.6,19.0,1.0
2017/10/15,64094.0,15.0,13.5,1.0
2017/10/16,74487.0,12.7,32.0,1.0
2017/10/17,75463.0,13.3,7.5,0.75
2017/10/18,73145.0,14.5,0.0,0.25
2017/10/19,78811.0,11.0,42.0,1.0
2017/10/20,76240.0,14.3,15.5,1.0
2017/10/21,69780.0,16.4,21.5,1.0
2017/10/22,66367.0,17.4,147.5,1.0
2017/10/23,71535.0,19.0,40.0,0.5
2017/10/24,73234.0,15.1,0.0,0.5
2017/10/25,75759.0,12.8,9.5,1.0
2017/10/26,72831.0,14.4,0,0
2017/10/27,72414.0,15.1,0,0
2017/10/28,68833.0,14.4,7.5,1.0
2017/10/29,66723.0,14.5,105.5,1.0
2017/10/30,71540.0,15.3,0,0
2017/10/31,74441.0,12.7,0,0.5
2017/11/1,73700.0,13.1,0,0
2017/11/2,72742.0,15.3,0.0,0.5
2017/11/3,66956.0,16.2,5.5,0
2017/11/4,65395.0,16.1,0.5,0
2017/11/5,63519.0,13.3,0,0
2017/11/6,72503.0,13.6,0,0
2017/11/7,73370.0,15.5,0,0
2017/11/8,74941.0,14.6,0.0,0.75
2017/11/9,74492.0,14.4,0,0
2017/11/10,75481.0,12.9,0,0
2017/11/11,68791.0,16.4,0,0
2017/11/12,65531.0,12.0,0,0
2017/11/13,75513.0,11.8,7.0,0.5
2017/11/14,78334.0,11.9,4.0,0.75
2017/11/15,77015.0,12.8,0,0.5
2017/11/16,77881.0,11.6,0,0
2017/11/17,79438.0,9.9,0,0
2017/11/18,76221.0,10.7,0.5,1.0
2017/11/19,71194.0,8.6,0,0
2017/11/20,86561.0,6.4,0,0.5
2017/11/21,85942.0,7.9,0,0
2017/11/22,88002.0,7.1,2.0,0.5
2017/11/23,81050.0,9.4,27.0,0.5
2017/11/24,82434.0,9.4,0.0,0
2017/11/25,76933.0,9.1,0,0
2017/11/26,70829.0,11.6,0,0
2017/11/27,79574.0,11.4,0,0.25
2017/11/28,81025.0,11.6,0.0,0.5
2017/11/29,78900.0,12.7,0,0
2017/11/30,82504.0,11.0,0.5,0.5
2017/12/1,84238.0,8.5,0.0,0.5
2017/12/2,78232.0,7.6,0,0
2017/12/3,73556.0,8.2,0,0
2017/12/4,85194.0,8.8,0.0,0.5
2017/12/5,84315.0,9.2,0,0
2017/12/6,87013.0,6.9,0,0
2017/12/7,88428.0,6.4,0,0
2017/12/8,92675.0,5.7,4.5,0.5
2017/12/9,83697.0,5.9,0,0
2017/12/10,77848.0,6.9,0,0
2017/12/11,84360.0,9.9,0.0,0
2017/12/12,89108.0,6.8,0,0
2017/12/13,91630.0,5.9,0,0
2017/12/14,93097.0,5.7,0,0
2017/12/15,93876.0,5.4,0.0,0.5
2017/12/16,83860.0,7.7,0,0
2017/12/17,80075.0,6.1,0,0
2017/12/18,93421.0,4.4,0,0
2017/12/19,93129.0,6.5,0,0
2017/12/20,93156.0,5.7,0,0
2017/12/21,93870.0,5.3,0,0
2017/12/22,92833.0,5.4,0,0
2017/12/23,82537.0,7.1,0,0
2017/12/24,79714.0,7.4,0.0,0.5
2017/12/25,84716.0,9.4,10.5,0
2017/12/26,87322.0,7.5,0,0
2017/12/27,90742.0,4.5,0,0
2017/12/28,87757.0,4.8,0,0
2017/12/29,79897.0,6.1,0,0
2017/12/30,73059.0,6.2,0,0
2017/12/31,74438.0,3.8,0.0,0.5
2018/1/1,66839.0,6.2,0,0
2018/1/2,67168.0,6.1,0,0
2018/1/3,71952.0,4.9,0,0
2018/1/4,80242.0,4.7,0,0
2018/1/5,90618.0,3.7,0.0,0.5
2018/1/6,85337.0,4.6,0,0
2018/1/7,78182.0,6.3,0,0
2018/1/8,85578.0,5.5,8.0,0.5
2018/1/9,87928.0,8.5,1.5,0.25
2018/1/10,90161.0,7.5,0,0
2018/1/11,93313.0,5.3,0,0
2018/1/12,97694.0,2.7,0,0
2018/1/13,90842.0,2.7,0,0
2018/1/14,83776.0,4.1,0,0
2018/1/15,95621.0,4.2,0,0
2018/1/16,92198.0,7.1,0,0
2018/1/17,92990.0,6.9,15.0,0.75
2018/1/18,88021.0,8.3,0.0,0.25
2018/1/19,88883.0,8.4,0,0.25
2018/1/20,83561.0,6.3,0.0,0.25
2018/1/21,78224.0,7.0,0,0
2018/1/22,101258.0,1.7,24.0,1.0
2018/1/23,97870.0,3.7,0.0,0
2018/1/24,99323.0,2.2,0,0
2018/1/25,104453.0,0.0,0,0
2018/1/26,104906.0,0.5,0,0
2018/1/27,95818.0,2.6,0,0
2018/1/28,92001.0,1.7,0.0,0.5
2018/1/29,97941.0,3.7,0.0,0
2018/1/30,99910.0,3.3,0.0,0
2018/1/31,98086.0,3.9,0,0.25
2018/2/1,101949.0,3.0,9.0,0.75
2018/2/2,106343.0,1.9,6.0,1.0
2018/2/3,90872.0,4.5,0.0,0.5
2018/2/4,83338.0,5.4,0.0,0
2018/2/5,96604.0,4.3,0,0
2018/2/6,98445.0,3.3,0,0
2018/2/7,98042.0,3.4,0,0
2018/2/8,98507.0,3.6,0,0
2018/2/9,97190.0,4.2,0,0
2018/2/10,87053.0,7.0,1.5,0.5
2018/2/11,76013.0,8.5,0.0,0.5
2018/2/12,85614.0,4.4,0,0
2018/2/13,95338.0,3.9,0,0
2018/2/14,93347.0,6.0,0,0
2018/2/15,87234.0,9.6,0,0.5
2018/2/16,90469.0,6.3,0,0.5
2018/2/17,83896.0,5.8,0.0,0
2018/2/18,83262.0,3.5,0,0
2018/2/19,91725.0,5.7,0,0
2018/2/20,88644.0,7.5,0,0
2018/2/21,93249.0,5.9,0,0.5
2018/2/22,99183.0,2.7,2.0,1.0
2018/2/23,96111.0,3.7,0.5,1.0
2018/2/24,84173.0,7.4,0,0
2018/2/25,81574.0,5.6,0.0,0.5
2018/2/26,90252.0,6.0,0,0.25
2018/2/27,88553.0,7.7,0,0
2018/2/28,86584.0,9.1,1.0,0.5
2018/3/1,81495.0,12.4,48.0,0.5
2018/3/2,82128.0,9.4,0,0
2018/3/3,76433.0,9.7,0,0
2018/3/4,67607.0,13.9,0,0
2018/3/5,77011.0,15.6,15.5,0.5
2018/3/6,80787.0,8.3,3.0,0.25
2018/3/7,88244.0,5.2,0.0,0.5
2018/3/8,92774.0,5.9,26.0,1.0
2018/3/9,84783.0,11.6,58.0,1.0
2018/3/10,78097.0,7.3,1.5,0.25
2018/3/11,72003.0,9.2,0.0,0.5
2018/3/12,80443.0,9.9,0,0
2018/3/13,79505.0,11.6,0,0
2018/3/14,75637.0,14.3,0,0
2018/3/15,74223.0,15.9,0,0.5
2018/3/16,77015.0,13.2,4.0,1.0
2018/3/17,74251.0,7.4,0,0
2018/3/18,68785.0,11.3,0,0.5
2018/3/19,76564.0,13.0,0.5,0.5
2018/3/20,83239.0,8.4,10.0,1.0
2018/3/21,89395.0,3.8,31.0,1.0
2018/3/22,84565.0,9.5,20.0,0.5
2018/3/23,78284.0,11.9,2.5,0.5
2018/3/24,71249.0,11.3,0.0,0.5
2018/3/25,65336.0,13.0,0,0
2018/3/26,72027.0,14.1,0,0.5
2018/3/27,72143.0,15.7,0,0.5
2018/3/28,70931.0,17.2,0,0
2018/3/29,70547.0,18.1,0,0
2018/3/30,69597.0,13.8,0,0
2018/3/31,65527.0,13.4,0,0
2018/4/1,62002.0,16.0,0,0.25
2018/4/2,69919.0,17.9,0,0
2018/4/3,72180.0,17.9,0,0
2018/4/4,71951.0,20.1,0,0
2018/4/5,72127.0,13.3,0.0,0.5
2018/4/6,72228.0,18.1,1.0,0.5
2018/4/7,66711.0,16.2,0.0,0.5
2018/4/8,63458.0,11.9,0.0,0
2018/4/9,72171.0,13.7,0,0
2018/4/10,72948.0,13.6,0,0
2018/4/11,73116.0,17.6,0.0,0.5
2018/4/12,72230.0,19.1,0,0.5
2018/4/13,71427.0,15.5,0,0
2018/4/14,67375.0,15.2,0.0,0.5
2018/4/15,63321.0,17.9,19.0,0.5
2018/4/16,70643.0,14.7,0,0.5
2018/4/17,74919.0,12.7,2.5,0.5
2018/4/18,74676.0,12.7,28.0,1.0
2018/4/19,72419.0,16.2,0,0
2018/4/20,71765.0,18.7,0,0
2018/4/21,66066.0,18.9,0,0
2018/4/22,62860.0,20.5,0,0
2018/4/23,70314.0,16.5,0.0,0.5
2018/4/24,72390.0,18.0,1.5,0.75
2018/4/25,73226.0,19.0,57.0,1.0
2018/4/26,70571.0,18.9,0.0,0.25
2018/4/27,69468.0,18.5,0,0.5
2018/4/28,63234.0,20.1,0,0
2018/4/29,59196.0,20.1,0,0
2018/4/30,60992.0,20.8,0,0
2018/5/1,66988.0,22.3,0,0.25
2018/5/2,66011.0,20.4,3.5,0.5
2018/5/3,60987.0,21.9,14.0,0.5
2018/5/4,57096.0,18.0,0.0,0
2018/5/5,56853.0,18.3,0,0
2018/5/6,57876.0,21.0,0.0,0.5
2018/5/7,68811.0,17.9,21.0,0.75
2018/5/8,71674.0,12.9,10.5,0.5
2018/5/9,73201.0,12.1,35.0,0.75
2018/5/10,72635.0,12.1,9.0,0.5
2018/5/11,70527.0,16.4,0,0
2018/5/12,64399.0,18.8,0,0.5
2018/5/13,61349.0,17.9,49.0,0.75
2018/5/14,70438.0,21.1,0.0,0
2018/5/15,72612.0,22.3,0,0
2018/5/16,74589.0,23.5,0,0.5
2018/5/17,76840.0,24.0,0.0,0.5
2018/5/18,77813.0,23.4,0,0
2018/5/19,67664.0,21.5,0.0,0.5
2018/5/20,59539.0,16.8,0,0
2018/5/21,69983.0,20.3,0,0.5
2018/5/22,72726.0,21.0,0,0
2018/5/23,72079.0,18.6,9.0,0.75
2018/5/24,73791.0,20.7,6.0,0
2018/5/25,74426.0,22.8,0,0.5
2018/5/26,66042.0,21.4,0,0.5
2018/5/27,62664.0,21.3,0,0
2018/5/28,72441.0,21.6,0,0.5
2018/5/29,75638.0,23.0,0,0.5
2018/5/30,74721.0,21.1,8.5,0.75
2018/5/31,72459.0,19.5,0.0,0.5
2018/6/1,72876.0,21.7,0.0,0
2018/6/2,67353.0,21.9,0,0
2018/6/3,64241.0,22.5,0,0
2018/6/4,75647.0,23.5,0,0
2018/6/5,77811.0,23.2,0.0,0.5
2018/6/6,75696.0,20.3,12.5,1.0
2018/6/7,76994.0,22.2,1.5,0.25
2018/6/8,78591.0,23.7,1.0,0.5
2018/6/9,74778.0,25.7,0.0,0.5
2018/6/10,64908.0,20.0,31.0,1.0
2018/6/11,72911.0,18.9,50.0,1.0
2018/6/12,75600.0,20.5,0.0,0.5
2018/6/13,75517.0,21.5,0,0.5
2018/6/14,74345.0,20.6,0.0,0.5
2018/6/15,73129.0,17.6,9.5,1.0
2018/6/16,65666.0,15.9,3.0,0.5
2018/6/17,61079.0,18.7,0.0,0.5
2018/6/18,72116.0,19.4,2.0,0.5
2018/6/19,76223.0,22.7,0.0,0.5
2018/6/20,75671.0,20.8,24.5,1.0
2018/6/21,75567.0,21.2,2.0,0.5
2018/6/22,77565.0,23.1,0,0.5
2018/6/23,68542.0,20.6,16.0,0.75
2018/6/24,64926.0,21.3,2.5,1.0
2018/6/25,81581.0,26.2,0,0
2018/6/26,83887.0,25.7,0,0.25
2018/6/27,87623.0,27.7,0.0,0.25
2018/6/28,89018.0,27.4,0.0,0.5
2018/6/29,91522.0,28.2,0,0
2018/6/30,85628.0,28.6,0,0.25
2018/7/1,80473.0,28.1,0,0
2018/7/2,94539.0,28.8,0,0
2018/7/3,95409.0,28.4,0,0.5
2018/7/4,91734.0,27.6,0.0,0.5
2018/7/5,88895.0,26.7,2.0,1.0
2018/7/6,81470.0,21.7,28.5,1.0
2018/7/7,75164.0,25.0,0.0,0.5
2018/7/8,76011.0,27.4,0,0.5
2018/7/9,91179.0,27.3,3.5,0
2018/7/10,95351.0,28.5,0,0
2018/7/11,97041.0,29.0,0.0,0.5
2018/7/12,91642.0,26.6,3.5,0.5
2018/7/13,97110.0,29.1,0,0.5
2018/7/14,91621.0,30.1,0,0
2018/7/15,87383.0,29.7,0,0
2018/7/16,93374.0,29.9,0,0.5
2018/7/17,103315.0,29.9,0,0.5
2018/7/18,106693.0,30.5,0,0
2018/7/19,105399.0,29.9,0,0.25
2018/7/20,104646.0,29.9,0,0
2018/7/21,96899.0,30.5,0,0.25
2018/7/22,94123.0,31.0,0,0.5
2018/7/23,107220.0,32.2,0,0.5
2018/7/24,105890.0,29.8,2.5,0
2018/7/25,100877.0,28.1,0.0,0.5
2018/7/26,90318.0,26.5,0.0,0.5
2018/7/27,85587.0,25.4,0.0,0.25
2018/7/28,76814.0,24.0,52.0,1.0
2018/7/29,80754.0,27.9,15.0,0
2018/7/30,93767.0,28.0,0.0,0.5
2018/7/31,98834.0,28.4,0,0
2018/8/1,104247.0,30.3,0,0
2018/8/2,107653.0,31.2,0.0,0.25
2018/8/3,106708.0,30.5,0.0,0
2018/8/4,94789.0,29.8,0,0
2018/8/5,92993.0,30.4,0,0
2018/8/6,100589.0,28.7,0.0,0.5
2018/8/7,83199.0,22.2,4.5,1.0
2018/8/8,83073.0,23.6,41.0,1.0
2018/8/9,90771.0,27.4,4.0,0.5
2018/8/10,97309.0,29.8,0,0
2018/8/11,86470.0,28.7,0.5,0.5
2018/8/12,76980.0,27.7,0.0,0.5
2018/8/13,82104.0,27.5,10.5,0
2018/8/14,84364.0,28.8,0,0.5
2018/8/15,85442.0,29.7,0,0.5
2018/8/16,84618.0,29.1,0.0,0.5
2018/8/17,75818.0,26.3,0.0,0
2018/8/18,67673.0,22.7,0,0.5
2018/8/19,66187.0,23.6,0,0.5
2018/8/20,78290.0,24.7,0.0,0.5
2018/8/21,92518.0,28.2,0.0,0.25
2018/8/22,100221.0,29.7,0.0,0
2018/8/23,100633.0,29.4,0.0,0.25
2018/8/24,96985.0,28.2,7.5,0.75
2018/8/25,95131.0,31.1,0,0
2018/8/26,93626.0,31.0,0,0
2018/8/27,101439.0,29.4,16.0,0
2018/8/28,92946.0,26.6,1.0,0.5
2018/8/29,89713.0,26.1,0.5,0.5
2018/8/30,97132.0,28.8,0.0,0.25
2018/8/31,98748.0,28.7,1.0,0.5
2018/9/1,81402.0,25.9,6.0,0.5
2018/9/2,68878.0,22.1,7.5,0.75
2018/9/3,80565.0,23.6,4.0,1.0
2018/9/4,87884.0,26.5,14.5,0.5
2018/9/5,90813.0,27.6,8.5,0
2018/9/6,89434.0,27.6,0,0.5
2018/9/7,88801.0,27.5,0.0,0.5
2018/9/8,85087.0,28.8,0.0,0
2018/9/9,78761.0,28.3,0,0
2018/9/10,86580.0,25.5,38.5,0.5
2018/9/11,77452.0,21.4,4.0,0.5
2018/9/12,74358.0,21.0,0.0,0.5
2018/9/13,76631.0,22.4,0.0,0.5
2018/9/14,77317.0,21.9,7.5,0.5
2018/9/15,69767.0,20.5,14.5,1.0
2018/9/16,66441.0,23.1,0.0,0.25
2018/9/17,74870.0,24.7,26.0,0.5
2018/9/18,79966.0,23.3,40.5,0
2018/9/19,76723.0,22.2,0.0,0
2018/9/20,74972.0,19.9,40.5,1.0
2018/9/21,73366.0,17.7,36.0,1.0
2018/9/22,69299.0,21.5,0.0,0.5
2018/9/23,66298.0,24.5,0.0,0.5
2018/9/24,72696.0,24.4,1.5,0.5
2018/9/25,76736.0,21.3,14.5,1.0
2018/9/26,73270.0,17.7,38.5,0.5
2018/9/27,72439.0,15.9,19.0,1.0
2018/9/28,71488.0,19.7,0,0
2018/9/29,66735.0,18.8,9.5,1.0
2018/9/30,63858.0,20.4,34.0,1.0
2018/10/1,78116.0,26.1,18.0,0
2018/10/2,75031.0,22.0,0,0
2018/10/3,74127.0,21.0,0,0.5
2018/10/4,73760.0,20.1,0.0,0.5
2018/10/5,73817.0,18.7,9.5,1.0
2018/10/6,71549.0,23.7,0,0
2018/10/7,71781.0,27.5,0,0
2018/10/8,67221.0,21.9,0.0,0.5
2018/10/9,74851.0,21.9,0,0
2018/10/10,76351.0,22.4,0.5,0.5
2018/10/11,76883.0,21.7,1.0,0.5
2018/10/12,74325.0,20.0,0.0,0.5
2018/10/13,66169.0,17.4,0.0,0.5
2018/10/14,62085.0,16.4,7.5,0.5
2018/10/15,70689.0,18.1,0.5,0.5
2018/10/16,72389.0,18.4,0.0,0.5
2018/10/17,72198.0,18.2,1.0,0.5
2018/10/18,71803.0,17.2,0,0
2018/10/19,71904.0,16.6,0.5,0.5
2018/10/20,65994.0,16.6,9.0,0
2018/10/21,61717.0,16.6,0,0
2018/10/22,70032.0,16.6,0,0
2018/10/23,73125.0,14.6,1.5,0.5
2018/10/24,72596.0,17.7,0.5,0.25
2018/10/25,71877.0,18.1,0,0
2018/10/26,71622.0,18.0,0.0,0.5
2018/10/27,66897.0,19.1,12.0,0.5
2018/10/28,61665.0,16.9,0,0.25
2018/10/29,70048.0,17.0,0,0
2018/10/30,71631.0,17.0,0,0
2018/10/31,71752.0,15.0,0,0.5
2018/11/1,72346.0,14.7,0,0
2018/11/2,72279.0,14.5,0,0
2018/11/3,65159.0,14.9,0,0
2018/11/4,63359.0,14.8,0.0,0.75
2018/11/5,71333.0,18.0,1.5,0.5
2018/11/6,73871.0,17.6,35.5,0.75
2018/11/7,72549.0,16.6,0.0,0
2018/11/8,73026.0,16.9,0.0,0
2018/11/9,74078.0,15.6,7.0,1.0
2018/11/10,66295.0,18.1,1.5,0
2018/11/11,61629.0,16.3,0,0
2018/11/12,71463.0,15.7,0.5,0.5
2018/11/13,73606.0,14.9,1.5,0.5
2018/11/14,72725.0,13.6,0.0,0
2018/11/15,74072.0,12.5,0,0
2018/11/16,74721.0,13.0,0,0.25
2018/11/17,67691.0,14.9,0,0
2018/11/18,64519.0,13.8,0.0,0.5
2018/11/19,74151.0,13.4,8.5,0.5
2018/11/20,76053.0,11.3,1.0,0
2018/11/21,77070.0,11.6,1.5,0
2018/11/22,78994.0,10.7,4.0,0.5
2018/11/23,73107.0,10.8,0,0
2018/11/24,72229.0,9.4,0,0.5
2018/11/25,68366.0,10.1,0,0.25
2018/11/26,77674.0,12.4,0,0.5
2018/11/27,77201.0,13.8,0.0,0.25
2018/11/28,76581.0,14.1,0.0,0.25
2018/11/29,76918.0,12.8,0.5,0.5
2018/11/30,77007.0,12.4,0,0
2018/12/1,71885.0,12.0,0,0
2018/12/2,71022.0,10.0,0.0,0.5
2018/12/3,78359.0,13.2,0.0,0.5
2018/12/4,76295.0,17.7,0.0,0.25
2018/12/5,74991.0,16.8,0.0,0.5
2018/12/6,81901.0,10.1,18.0,0.75
2018/12/7,79384.0,12.2,0,0.5
2018/12/8,75456.0,9.3,0,0.25
2018/12/9,75529.0,7.8,0,0.25
2018/12/10,89970.0,5.9,0,0.25
2018/12/11,95305.0,4.7,7.0,0.5
2018/12/12,93128.0,6.9,15.0,0.75
2018/12/13,92667.0,6.7,0.5,0.5
2018/12/14,92412.0,6.3,0,0
2018/12/15,86380.0,6.1,0,0
2018/12/16,86463.0,3.3,0.0,0.5
2018/12/17,91640.0,6.6,2.5,1.0
2018/12/18,88628.0,8.9,0.0,0
2018/12/19,89021.0,8.2,0,0
2018/12/20,88482.0,8.7,0,0.5
2018/12/21,87061.0,8.9,0.0,0
2018/12/22,81153.0,9.0,0.5,0
2018/12/23,75224.0,9.9,0.5,0.5
2018/12/24,80274.0,8.2,0,0
2018/12/25,90141.0,5.8,0,0.5
2018/12/26,90314.0,7.3,0,0.5
2018/12/27,84380.0,9.0,0,0.25
2018/12/28,85146.0,4.8,0,0
2018/12/29,78720.0,4.3,0,0
2018/12/30,74762.0,4.8,0,0
2018/12/31,73301.0,4.9,0,0
2019/1/1,67313.0,5.3,0,0
2019/1/2,67881.0,6.2,0,0
2019/1/3,71562.0,4.9,0,0
2019/1/4,77948.0,5.1,0,0
2019/1/5,75575.0,7.4,0,0
2019/1/6,80133.0,5.3,0,0.25
2019/1/7,90877.0,5.4,0,0
2019/1/8,94329.0,4.6,0,0
2019/1/9,95515.0,4.5,0,0
2019/1/10,102474.0,2.0,0,0.5
2019/1/11,94960.0,6.4,0,0
2019/1/12,91597.0,4.6,0.0,0.5
2019/1/13,79635.0,6.2,0.0,0
2019/1/14,85018.0,5.6,0,0
2019/1/15,97436.0,5.6,0.5,0.5
2019/1/16,93291.0,6.6,0,0.25
2019/1/17,91616.0,6.6,0,0
2019/1/18,93240.0,5.9,0,0
2019/1/19,85245.0,6.6,0,0
2019/1/20,79513.0,7.1,0,0
2019/1/21,90595.0,5.8,0,0
2019/1/22,94096.0,5.0,0,0
2019/1/23,92349.0,6.7,0,0
2019/1/24,92950.0,6.2,0,0
2019/1/25,94612.0,6.0,0,0.25
2019/1/26,88655.0,4.5,0,0
2019/1/27,83435.0,4.6,0,0
2019/1/28,94522.0,6.5,0,0.25
2019/1/29,93914.0,6.0,0,0
2019/1/30,94529.0,5.2,0,0
2019/1/31,97179.0,5.1,15.5,0.5
2019/2/1,96247.0,4.1,0,0
2019/2/2,84607.0,6.0,0,0
2019/2/3,76097.0,8.5,0,0
2019/2/4,80008.0,13.2,0.0,0
2019/2/5,89818.0,6.7,0.0,0.5
2019/2/6,93557.0,5.7,15.0,1.0
2019/2/7,87523.0,9.6,0,0.5
2019/2/8,91899.0,6.1,0,0.25
2019/2/9,96648.0,0.8,2.0,1.0
2019/2/10,85330.0,3.5,0.0,0.25
2019/2/11,92289.0,3.0,0.0,0.75
2019/2/12,93984.0,6.2,0,0.25
2019/2/13,95671.0,5.2,0.0,0.5
2019/2/14,96166.0,4.5,0,0.5
2019/2/15,99972.0,3.0,0.0,0.5
2019/2/16,84838.0,6.8,0,0.5
2019/2/17,78671.0,6.4,0,0
2019/2/18,86350.0,8.2,0,0
2019/2/19,89426.0,9.1,1.5,0.5
2019/2/20,80717.0,11.6,0.5,0
2019/2/21,81990.0,10.3,0.0,0
2019/2/22,82735.0,9.3,0,0.5
2019/2/23,76028.0,8.9,0.0,0
2019/2/24,72495.0,8.8,0,0.5
2019/2/25,79569.0,11.3,0.0,0.5
2019/2/26,81368.0,10.2,0.0,0.5
2019/2/27,85458.0,7.7,0.5,0.5
2019/2/28,89531.0,6.6,22.5,1.0
2019/3/1,83451.0,8.8,1.5,0.5
2019/3/2,74270.0,10.3,0,0
2019/3/3,77013.0,6.5,13.5,1.0
2019/3/4,87953.0,7.3,27.5,1.0
2019/3/5,82025.0,9.6,0.5,0
2019/3/6,82193.0,10.8,3.0,0.5
2019/3/7,85315.0,8.2,28.0,1.0
2019/3/8,84636.0,7.3,0,0
2019/3/9,75362.0,10.0,0,0
2019/3/10,68162.0,12.5,6.5,0.5
2019/3/11,77165.0,12.3,32.0,0.5
2019/3/12,76538.0,12.4,0,0
2019/3/13,76676.0,11.7,0,0
2019/3/14,80920.0,8.4,0,0
2019/3/15,80322.0,9.7,0,0
2019/3/16,74714.0,8.9,0.0,0.5
2019/3/17,70029.0,9.1,0.0,0.25
2019/3/18,78295.0,9.7,0,0
2019/3/19,76414.0,13.2,0,0.5
2019/3/20,73233.0,15.0,0,0
2019/3/21,69025.0,17.7,0.0,0.5
2019/3/22,70737.0,16.2,0.0,0.5
2019/3/23,75972.0,7.1,0.0,0.5
2019/3/24,69739.0,8.2,0,0
2019/3/25,77553.0,9.9,0,0.5
2019/3/26,77317.0,11.9,0.0,0.5
2019/3/27,74221.0,14.2,0,0
2019/3/28,73967.0,13.6,0.0,0.5
2019/3/29,80292.0,7.7,0.0,0.5
2019/3/30,75022.0,8.7,3.5,0.5
2019/3/31,67283.0,10.5,1.5,0.25
2019/4/1,77535.0,8.8,5.5,0.25
2019/4/2,81719.0,7.2,0.0,0.25
2019/4/3,81962.0,8.1,0,0
2019/4/4,78301.0,10.6,0,0
2019/4/5,73841.0,15.4,0,0.25
2019/4/6,65098.0,15.9,0,0
2019/4/7,61838.0,15.5,0,0
2019/4/8,76155.0,9.3,11.0,1.0
2019/4/9,76580.0,10.3,0,0
2019/4/10,88078.0,5.7,29.5,1.0
2019/4/11,80364.0,10.4,1.5,0.25
2019/4/12,80606.0,9.6,0.0,0.5
2019/4/13,69384.0,12.1,0,0
2019/4/14,63949.0,14.7,0.0,0.5
2019/4/15,70026.0,16.0,5.0,0
2019/4/16,71581.0,15.3,0,0
2019/4/17,71580.0,15.5,0,0.5
2019/4/18,70883.0,17.5,0,0
2019/4/19,71017.0,18.3,0.0,0.5
2019/4/20,64460.0,14.2,0,0
2019/4/21,60774.0,17.5,0,0
2019/4/22,69717.0,19.2,0.0,0.25
2019/4/23,70442.0,18.7,0.0,0.5
2019/4/24,71041.0,19.1,3.0,0.5
2019/4/25,72047.0,20.3,4.0,0.5
2019/4/26,71063.0,11.6,4.5,0.75
2019/4/27,66881.0,10.2,6.5,0.5
2019/4/28,60439.0,12.6,0,0.5
2019/4/29,59601.0,14.8,0.0,0.5
2019/4/30,61237.0,14.8,20.0,1.0
2019/5/1,59052.0,17.4,26.0,0.75
2019/5/2,57168.0,17.3,3.5,1.0
2019/5/3,55680.0,18.5,0,0.5
2019/5/4,56188.0,18.4,0.0,0
2019/5/5,56241.0,18.9,0,0.5
2019/5/6,59686.0,18.8,0.0,0.5
2019/5/7,66858.0,15.3,0.0,0
2019/5/8,69377.0,16.5,0,0
2019/5/9,69252.0,18.6,0,0.5
2019/5/10,70086.0,20.6,0,0.25
2019/5/11,65106.0,20.9,0,0
2019/5/12,59906.0,17.6,0,0.5
2019/5/13,68641.0,17.7,0.0,0.5
2019/5/14,71042.0,17.9,0.5,1.0
2019/5/15,70625.0,18.7,0.0,0
2019/5/16,71136.0,20.0,0.0,0
2019/5/17,71221.0,20.0,0,0
2019/5/18,64658.0,20.3,0.0,0.5
2019/5/19,61821.0,20.5,0.0,0
2019/5/20,70109.0,20.5,0.0,0.5
2019/5/21,73122.0,19.4,82.0,1.0
2019/5/22,70224.0,19.4,0,0.5
2019/5/23,71101.0,21.3,0,0
2019/5/24,72910.0,23.1,0,0
2019/5/25,67661.0,24.4,0,0
2019/5/26,66699.0,25.2,0,0.5
2019/5/27,79382.0,26.1,0,0
2019/5/28,76158.0,23.5,1.0,0.5
2019/5/29,73656.0,20.2,7.5,0.5
2019/5/30,72975.0,21.2,0.0,0
2019/5/31,72603.0,21.6,0.0,0.5
2019/6/1,65917.0,21.8,0,0.5
2019/6/2,62272.0,22.0,0,0.5
2019/6/3,72584.0,22.2,0.0,0.5
2019/6/4,75291.0,22.4,0,0.5
2019/6/5,74975.0,22.6,0,0.5
2019/6/6,79952.0,25.2,0,0
2019/6/7,76213.0,21.0,19.5,1.0
2019/6/8,67236.0,20.8,0.0,0.5
2019/6/9,61326.0,17.5,10.0,0.5
2019/6/10,70750.0,16.2,92.5,1.0
2019/6/11,70730.0,18.3,1.0,0.5
2019/6/12,70936.0,18.0,0.5,0.5
2019/6/13,72651.0,20.7,0,0
2019/6/14,73394.0,22.2,0.0,0.5
2019/6/15,66074.0,17.3,51.0,1.0
2019/6/16,63720.0,23.5,5.0,0
2019/6/17,72020.0,23.6,0,0.25
2019/6/18,75731.0,23.4,0,0.25
2019/6/19,77630.0,23.5,0,0
2019/6/20,78407.0,24.1,0.0,0.25
2019/6/21,79386.0,24.6,0.0,0.5
2019/6/22,69395.0,22.2,6.0,1.0
2019/6/23,63983.0,21.4,0.0,0.5
2019/6/24,71683.0,19.1,25.5,1.0
2019/6/25,75135.0,22.3,0,0.25
2019/6/26,78429.0,24.7,0,0
2019/6/27,81150.0,25.6,2.0,0.5
2019/6/28,83128.0,25.2,3.5,0.5
2019/6/29,69013.0,20.2,3.0,0.75
2019/6/30,66442.0,21.6,5.5,1.0
2019/7/1,76433.0,22.7,1.5,1.0
2019/7/2,79757.0,23.8,0.5,0.5
2019/7/3,80535.0,24.9,1.0,0.5
2019/7/4,78434.0,22.7,10.5,1.0
2019/7/5,74855.0,21.9,4.5,0.5
2019/7/6,67514.0,21.0,14.5,0.5
2019/7/7,63405.0,19.2,22.5,1.0
2019/7/8,71129.0,20.3,0.0,0.5
2019/7/9,71863.0,19.7,0.0,0.5
2019/7/10,72795.0,21.0,0.0,0.5
2019/7/11,73477.0,19.9,2.0,0.75
2019/7/12,74035.0,20.2,12.5,1.0
2019/7/13,69367.0,23.4,0.5,0.5
2019/7/14,65296.0,21.3,39.0,1.0
2019/7/15,68196.0,21.3,7.0,0.75
2019/7/16,74589.0,20.5,33.5,1.0
2019/7/17,79488.0,23.9,0.5,0.25
2019/7/18,82858.0,25.6,9.5,0.5
2019/7/19,87259.0,26.7,3.5,0.5
2019/7/20,79014.0,26.5,0.0,0.5
2019/7/21,72677.0,25.0,0.0,0.5
2019/7/22,78461.0,22.7,0.5,0.5
2019/7/23,83594.0,24.5,4.0,0.5
2019/7/24,88164.0,26.8,6.0,0.5
2019/7/25,92035.0,28.0,0.0,0
2019/7/26,92567.0,28.5,0.5,0
2019/7/27,84300.0,28.0,4.0,0
2019/7/28,80713.0,27.7,15.0,0
2019/7/29,95870.0,29.0,0.0,0
2019/7/30,99676.0,29.5,0,0
2019/7/31,102492.0,30.0,0,0.25
2019/8/1,104681.0,30.5,0,0
2019/8/2,104832.0,30.2,0,0
2019/8/3,93242.0,29.4,0,0
2019/8/4,87728.0,29.4,0,0
2019/8/5,101268.0,29.8,0,0
2019/8/6,104708.0,30.3,0,0.25
2019/8/7,103939.0,30.4,0,0.5
2019/8/8,103759.0,29.9,0,0
2019/8/9,101726.0,30.1,0,0
2019/8/10,91074.0,29.6,0,0
2019/8/11,82739.0,29.4,0.0,0
2019/8/12,81644.0,28.8,0.5,0.5
2019/8/13,85387.0,29.3,0.0,0.5
2019/8/14,83975.0,29.2,8.5,0.5
2019/8/15,83737.0,29.2,20.0,0.5
2019/8/16,83726.0,29.0,0.0,0.5
2019/8/17,87460.0,30.3,0,0
2019/8/18,85810.0,30.1,0,0
2019/8/19,93277.0,28.1,0.5,0.5
2019/8/20,91432.0,26.5,13.0,0.5
2019/8/21,91035.0,27.0,3.0,0.5
2019/8/22,88771.0,26.0,20.0,0.5
2019/8/23,88090.0,26.3,4.5,1.0
2019/8/24,80449.0,27.3,0.0,0.5
2019/8/25,74946.0,25.8,15.0,0
2019/8/26,82554.0,25.3,0.0,0.5
2019/8/27,84953.0,25.3,6.0,0.5
2019/8/28,84701.0,25.6,7.0,1.0
2019/8/29,93182.0,28.9,0.0,0
2019/8/30,86456.0,26.0,12.0,1.0
2019/8/31,80801.0,27.3,0.0,0.5
2019/9/1,77114.0,27.7,0.0,0.5
2019/9/2,91073.0,27.6,0,0
2019/9/3,87669.0,25.8,1.5,0.5
2019/9/4,80950.0,23.7,0.0,0.5
2019/9/5,84404.0,25.7,0,0.5
2019/9/6,92929.0,27.9,0,0
2019/9/7,87213.0,28.4,0.0,0
2019/9/8,83981.0,29.1,8.5,0
2019/9/9,94170.0,29.0,119.0,0.5
2019/9/10,100181.0,29.9,0.5,0
2019/9/11,95989.0,27.4,7.5,0
2019/9/12,84893.0,25.1,0,0
2019/9/13,76231.0,22.4,0,0.5
2019/9/14,68329.0,22.1,0.0,0.5
2019/9/15,69365.0,25.2,0.5,0.5
2019/9/16,72840.0,22.9,28.5,0.75
2019/9/17,84475.0,25.8,0,0
2019/9/18,76993.0,21.2,9.5,1.0
2019/9/19,75591.0,22.1,0.0,0
2019/9/20,75731.0,22.8,0.0,0.5
2019/9/21,67835.0,21.8,0.0,0.5
2019/9/22,64405.0,22.4,17.0,0.5
2019/9/23,75686.0,26.0,3.5,0.5
2019/9/24,82651.0,25.4,1.0,0.5
2019/9/25,79799.0,24.3,0.0,0
2019/9/26,77199.0,22.8,0,0
2019/9/27,77924.0,23.0,0,0
2019/9/28,71272.0,24.4,0,0.25
2019/9/29,68787.0,24.7,0.0,0.5
2019/9/30,79109.0,25.2,0,0.5
2019/10/1,80565.0,24.5,0,0
2019/10/2,80326.0,23.9,0,0
2019/10/3,79635.0,24.5,0.0,0.5
2019/10/4,81643.0,24.8,10.0,1.0
2019/10/5,73659.0,26.1,0,0
2019/10/6,63769.0,20.5,5.5,0.75
2019/10/7,72028.0,20.0,7.0,0.5
2019/10/8,75468.0,21.7,5.5,0.5
2019/10/9,72441.0,20.8,0,0
2019/10/10,72365.0,19.4,9.0,0.25
2019/10/11,73503.0,19.6,7.5,0.5
2019/10/12,61846.0,23.3,209.5,1.0
2019/10/13,61586.0,24.5,0.0,0
2019/10/14,64337.0,17.0,5.0,1.0
2019/10/15,70580.0,18.4,0.0,0.5
2019/10/16,70452.0,16.1,0.0,0.5
2019/10/17,71250.0,16.2,4.5,0.75
2019/10/18,71941.0,16.5,5.5,0.5
2019/10/19,66773.0,17.4,53.5,0.5
2019/10/20,61610.0,20.1,0.0,0.5
2019/10/21,67226.0,18.2,6.5,0.5
2019/10/22,67264.0,15.4,65.0,1.0
2019/10/23,70686.0,18.5,0.0,0.25
2019/10/24,71541.0,18.1,3.0,0.5
2019/10/25,74489.0,15.1,120.5,1.0
2019/10/26,65990.0,18.1,0.5,0.5
2019/10/27,61480.0,18.3,0.0,0.5
2019/10/28,68927.0,17.4,0.0,0
2019/10/29,73180.0,14.5,11.5,1.0
2019/10/30,71643.0,16.5,0,0
2019/10/31,71395.0,16.8,0,0.5
2019/11/1,70583.0,17.4,0,0
2019/11/2,64542.0,15.7,0,0
2019/11/3,61724.0,15.8,10.5,0.5
2019/11/4,64344.0,14.6,1.0,0
2019/11/5,71172.0,13.7,0,0
2019/11/6,72143.0,14.3,0,0
2019/11/7,72489.0,16.0,0,0.25
2019/11/8,71787.0,15.1,0,0
2019/11/9,66277.0,13.3,0,0
2019/11/10,62735.0,13.9,0.0,0
2019/11/11,72688.0,12.9,6.5,0
2019/11/12,72945.0,15.1,0,0
2019/11/13,74584.0,13.3,0.5,0.5
2019/11/14,73560.0,16.9,0.0,0
2019/11/15,73553.0,12.6,0,0
2019/11/16,67909.0,12.8,0,0
2019/11/17,64315.0,13.4,0,0
2019/11/18,72979.0,16.1,0.0,0
2019/11/19,72910.0,15.8,3.0,0.5
2019/11/20,75563.0,12.0,0,0
2019/11/21,77289.0,11.3,0,0
2019/11/22,85052.0,8.1,47.0,1.0
2019/11/23,74764.0,11.3,60.5,1.0
2019/11/24,66428.0,15.9,19.0,0.75
2019/11/25,73086.0,16.6,1.0,0.5
2019/11/26,82815.0,8.8,1.5,1.0
2019/11/27,83819.0,9.3,2.5,0.75
2019/11/28,86431.0,8.5,3.5,1.0
2019/11/29,87490.0,5.2,0,0
2019/11/30,80160.0,7.3,0,0
2019/12/1,75818.0,7.4,0,0
2019/12/2,85326.0,9.5,36.0,1.0
2019/12/3,80793.0,11.8,0.0,0
2019/12/4,82436.0,10.2,0,0
2019/12/5,84221.0,9.6,0,0
2019/12/6,88114.0,8.0,0,0.5
2019/12/7,86403.0,5.5,1.5,0.75
2019/12/8,76893.0,7.4,0,0
2019/12/9,91390.0,6.4,1.0,0.5
2019/12/10,86328.0,10.2,5.5,0.5
2019/12/11,82310.0,11.7,0.5,0.5
2019/12/12,81170.0,11.7,0,0
2019/12/13,89090.0,7.5,0,0.5
2019/12/14,78454.0,9.4,0,0
2019/12/15,75423.0,8.7,0,0.5
2019/12/16,86564.0,7.8,0,0
2019/12/17,88947.0,8.2,1.0,1.0
2019/12/18,83227.0,11.1,0.0,0
2019/12/19,87961.0,9.0,0.0,0.5
2019/12/20,82509.0,10.6,0,0
2019/12/21,80890.0,8.1,0.0,0.5
2019/12/22,79672.0,6.8,16.5,0.75
2019/12/23,87886.0,6.8,13.5,0
2019/12/24,87803.0,8.2,0,0.25
2019/12/25,90902.0,5.9,0.0,0.5
2019/12/26,88473.0,7.8,0,0.5
2019/12/27,79824.0,8.7,0.5,0
2019/12/28,76246.0,6.8,0,0
2019/12/29,71523.0,7.0,0,0
2019/12/30,73433.0,6.7,0.5,1.0
2019/12/31,66657.0,8.2,0,0
2020/1/1,65874.0,5.5,0,0
2020/1/2,67003.0,6.2,0,0
2020/1/3,67812.0,6.1,0,0
2020/1/4,71524.0,7.2,0.0,0.5
2020/1/5,74496.0,5.4,1.0,0
2020/1/6,86622.0,7.5,0,0
2020/1/7,92868.0,5.7,2.0,0.75
2020/1/8,93206.0,5.2,11.5,0.5
2020/1/9,85530.0,10.6,0.0,0
2020/1/10,86680.0,8.4,0.0,0
2020/1/11,82136.0,7.0,0,0.25
2020/1/12,79220.0,6.7,0.0,0.5
2020/1/13,78141.0,8.5,0,0
2020/1/14,85948.0,8.4,0,0
2020/1/15,89613.0,6.8,15.0,1.0
2020/1/16,90943.0,6.7,0,0.5
2020/1/17,91101.0,7.3,0.0,0.5
2020/1/18,91726.0,3.8,8.5,1.0
2020/1/19,78994.0,6.5,0.0,0
2020/1/20,87122.0,7.5,0,0
2020/1/21,89601.0,7.4,0,0
2020/1/22,95650.0,4.9,0.0,0.5
2020/1/23,95211.0,6.1,2.5,1.0
2020/1/24,86515.0,9.9,0,0.5
2020/1/25,81689.0,7.8,0,0.5
2020/1/26,81839.0,5.0,6.0,0.75
2020/1/27,96589.0,5.1,5.0,0.5
2020/1/28,100472.0,4.4,55.5,1.0
2020/1/29,83342.0,11.8,28.0,0
2020/1/30,80107.0,11.7,0,0
2020/1/31,85274.0,8.1,0,0
2020/2/1,79631.0,7.9,0,0
2020/2/2,74777.0,8.7,0,0
2020/2/3,83316.0,9.3,0.0,0
2020/2/4,86385.0,7.9,0.0,0.5
2020/2/5,87039.0,7.6,0,0
2020/2/6,96793.0,2.9,0,0
2020/2/7,98628.0,2.4,0,0.5
2020/2/8,84411.0,6.2,0.0,0
2020/2/9,81916.0,3.9,0,0
2020/2/10,92471.0,4.6,0,0
2020/2/11,85143.0,6.3,0,0
2020/2/12,88017.0,8.7,0.0,0.5
2020/2/13,81416.0,11.7,0.0,0.5
2020/2/14,80393.0,12.0,0.0,0.5
2020/2/15,73580.0,12.4,0,0.5
2020/2/16,73799.0,9.3,8.5,1.0
2020/2/17,79822.0,10.3,0.0,0.25
2020/2/18,84408.0,7.6,0.0,0
2020/2/19,85260.0,8.1,0,0.25
2020/2/20,85045.0,9.0,0.0,0.5
2020/2/21,80988.0,10.0,0,0
2020/2/22,72747.0,12.5,2.5,0.5
2020/2/23,68171.0,10.4,0,0
2020/2/24,73157.0,9.8,0,0
2020/2/25,82022.0,10.5,0.0,0.5
2020/2/26,86195.0,8.1,3.0,0.5
2020/2/27,86150.0,7.0,0.0,0
2020/2/28,86915.0,7.0,0,0.25
2020/2/29,76060.0,9.4,1.0,0.5
2020/3/1,67371.0,12.0,0.5,0.5
2020/3/2,84425.0,7.3,10.0,1.0
2020/3/3,79360.0,11.3,0.0,0
2020/3/4,84334.0,8.9,1.5,0.5
2020/3/5,82549.0,9.2,1.0,0
2020/3/6,81707.0,9.4,0,0
2020/3/7,77405.0,7.3,1.5,0.5
2020/3/8,75864.0,7.2,6.0,1.0
2020/3/9,76855.0,13.1,0.0,0.5
2020/3/10,77130.0,14.7,24.5,1.0
2020/3/11,71298.0,15.3,0.0,0
2020/3/12,74862.0,11.4,0,0
2020/3/13,74675.0,12.5,0,0.5
2020/3/14,80808.0,5.5,25.0,1.0
2020/3/15,72533.0,7.1,0,0
2020/3/16,82835.0,7.1,0,0
2020/3/17,84476.0,7.7,0,0
2020/3/18,76943.0,11.9,0.0,0
2020/3/19,73711.0,14.6,1.0,0
2020/3/20,66697.0,14.5,0.0,0
2020/3/21,64708.0,13.8,0,0
2020/3/22,60690.0,16.8,0,0.5
2020/3/23,74142.0,10.3,0.0,0.5
2020/3/24,78772.0,8.2,0.0,0
2020/3/25,77845.0,10.0,0,0
2020/3/26,73749.0,13.0,0,0
2020/3/27,72428.0,16.2,0.0,0.5
2020/3/28,65334.0,15.5,8.5,0.5
2020/3/29,78157.0,3.6,51.5,1.0
2020/3/30,83383.0,7.6,0,0.5
2020/3/31,80908.0,9.8,0.0,0.5
2020/4/1,80114.0,11.4,31.0,1.0
2020/4/2,74014.0,13.9,0.0,0
2020/4/3,74017.0,12.8,0,0.25
2020/4/4,63443.0,15.7,0,0
2020/4/5,64390.0,10.2,0.0,0.5
2020/4/6,72418.0,12.1,0,0
2020/4/7,73380.0,12.4,0,0.5
2020/4/8,70555.0,14.3,0,0
2020/4/9,69995.0,13.3,0.5,0.25
2020/4/10,71634.0,11.2,0,0
2020/4/11,65066.0,11.4,0.5,0
2020/4/12,64088.0,10.3,6.5,0.5
2020/4/13,81206.0,8.0,132.0,1.0
2020/4/14,74449.0,10.9,1.5,0
2020/4/15,70745.0,13.8,0,0.5
2020/4/16,71011.0,11.7,0.5,0.5
2020/4/17,70733.0,12.4,0.5,0.5
2020/4/18,67174.0,12.9,89.5,1.0
2020/4/19,58631.0,14.7,0,0
2020/4/20,73786.0,9.7,15.0,1.0
2020/4/21,68284.0,14.2,0,0.5
2020/4/22,68045.0,13.5,0.0,0
2020/4/23,68236.0,11.9,1.0,0
2020/4/24,68300.0,12.2,0.5,0
2020/4/25,61370.0,12.7,0,0
2020/4/26,56660.0,18.3,0,0.5
2020/4/27,65812.0,12.8,12.5,0.75
2020/4/28,65734.0,12.3,5.0,0.5
2020/4/29,59673.0,15.1,0,0
2020/4/30,60934.0,18.0,0,0
2020/5/1,59439.0,19.9,0,0
2020/5/2,55362.0,20.6,0,0
2020/5/3,52843.0,20.7,0,0.5
2020/5/4,53336.0,19.3,2.0,0.75
2020/5/5,54250.0,21.3,0.0,0.5
2020/5/6,55413.0,15.8,19.0,0.5
2020/5/7,58454.0,16.5,0.5,0
2020/5/8,59907.0,16.7,0,0
2020/5/9,56957.0,18.3,0.0,0.5
2020/5/10,55773.0,21.5,1.0,0.5
2020/5/11,65868.0,22.9,0.5,0
2020/5/12,66190.0,21.7,0.0,0.5
2020/5/13,66652.0,22.3,0,0
2020/5/14,65053.0,20.8,0,0.25
2020/5/15,65533.0,21.5,0.0,0.5
2020/5/16,59438.0,18.5,24.0,1.0
2020/5/17,56975.0,21.6,0.0,0
2020/5/18,65383.0,19.2,2.0,1.0
2020/5/19,66510.0,17.7,54.5,1.0
2020/5/20,65796.0,12.7,3.0,0.5
2020/5/21,68084.0,12.7,0.5,0.5
2020/5/22,65159.0,15.3,1.0,0.5
2020/5/23,58520.0,18.4,0.0,0.5
2020/5/24,55794.0,20.8,0,0
2020/5/25,64982.0,21.6,0,0.5
2020/5/26,67284.0,20.9,0.5,0.75
2020/5/27,67310.0,21.4,0.0,0.5
2020/5/28,65715.0,19.4,9.5,0.5
2020/5/29,65363.0,20.7,0,0
2020/5/30,59867.0,22.0,0,0.5
2020/5/31,56565.0,21.3,0.0,0.5
2020/6/1,66993.0,19.6,4.0,1.0
2020/6/2,70445.0,22.3,0.0,0.5
2020/6/3,72322.0,24.0,0.0,0.5
2020/6/4,72578.0,23.5,0.0,0.5
2020/6/5,74592.0,24.8,0,0.5
2020/6/6,66034.0,24.2,6.5,0.5
2020/6/7,59461.0,22.0,0.5,0
2020/6/8,70946.0,23.2,0.0,0
2020/6/9,76978.0,25.5,0,0.5
2020/6/10,78253.0,26.2,0.0,0
2020/6/11,79754.0,25.1,10.0,0.75
2020/6/12,80957.0,26.2,5.5,0.5
2020/6/13,66598.0,21.3,35.5,1.0
2020/6/14,61964.0,21.7,5.5,1.0
2020/6/15,79314.0,25.9,0,0.5
2020/6/16,78265.0,25.5,0.0,0.25
2020/6/17,74579.0,23.6,0,0
2020/6/18,72781.0,22.1,2.0,0.5
2020/6/19,68943.0,18.7,50.0,1.0
2020/6/20,63641.0,22.9,0,0.5
2020/6/21,60349.0,21.9,2.5,0.5
2020/6/22,68404.0,19.2,27.5,1.0
2020/6/23,71651.0,22.3,3.0,0.5
2020/6/24,72037.0,22.5,0.0,0.5
2020/6/25,70696.0,20.2,14.5,0.5
2020/6/26,76101.0,24.7,0.0,0.25
2020/6/27,70954.0,25.5,0.0,0.5
2020/6/28,63851.0,22.2,30.0,0.75
2020/6/29,74219.0,24.9,0,0
2020/6/30,77018.0,24.6,15.5,0.75
2020/7/1,79003.0,25.1,21.0,0.5
2020/7/2,80847.0,25.9,0.5,0
2020/7/3,76012.0,23.8,6.0,0.5
2020/7/4,67943.0,23.8,25.5,0.5
2020/7/5,66411.0,24.9,3.5,0.5
2020/7/6,77600.0,24.8,40.5,1.0
2020/7/7,83653.0,27.2,0.5,0.5
2020/7/8,81110.0,26.0,3.0,0.5
2020/7/9,78875.0,23.7,14.0,1.0
2020/7/10,79287.0,25.3,0.5,1.0
2020/7/11,75049.0,27.5,2.0,0.5
2020/7/12,71623.0,26.0,0.5,0.5
2020/7/13,71888.0,21.0,6.0,0.5
2020/7/14,75111.0,22.3,6.0,0.75
2020/7/15,73088.0,20.4,6.5,1.0
2020/7/16,71360.0,20.7,0.5,0.5
2020/7/17,70357.0,19.3,34.5,1.0
2020/7/18,64809.0,20.4,20.0,1.0
2020/7/19,66371.0,24.3,0,0
2020/7/20,82533.0,26.9,0.0,0.5
2020/7/21,81210.0,25.5,1.0,0.5
2020/7/22,85091.0,26.6,0.0,0.5
2020/7/23,72242.0,23.2,31.5,1.0
2020/7/24,69944.0,24.5,0.0,0.5
2020/7/25,70816.0,25.1,23.5,1.0
2020/7/26,69940.0,25.6,18.5,0.5
2020/7/27,81637.0,26.3,2.0,0.5
2020/7/28,84364.0,26.7,2.0,1.0
2020/7/29,75800.0,22.9,0.0,0.5
2020/7/30,74557.0,23.2,0.0,0.5
2020/7/31,78481.0,24.8,1.0,0.5
2020/8/1,72700.0,26.1,0.5,0
2020/8/2,70561.0,26.3,0,0
2020/8/3,85552.0,27.2,0,0
2020/8/4,92096.0,28.3,0,0
2020/8/5,95595.0,29.1,0.0,0
2020/8/6,95022.0,28.5,0,0
2020/8/7,95210.0,29.5,0,0.5
2020/8/8,81280.0,28.1,0,0.25
2020/8/9,79838.0,28.7,0,0.5
2020/8/10,86669.0,30.5,0,0.5
2020/8/11,96287.0,31.7,0,0
2020/8/12,92852.0,30.0,0.5,0
2020/8/13,89163.0,29.4,21.5,0
2020/8/14,87337.0,29.4,0.0,0
2020/8/15,89731.0,31.0,0,0
2020/8/16,88941.0,31.2,0.0,0
2020/8/17,102687.0,30.8,0.0,0.5
2020/8/18,101865.0,30.3,0,0
2020/8/19,99024.0,29.0,0,0
2020/8/20,101777.0,29.7,0,0
2020/8/21,103416.0,30.1,0,0
2020/8/22,89563.0,29.3,0.0,0
2020/8/23,74958.0,25.6,38.0,0.5
2020/8/24,90551.0,27.2,0.0,0
2020/8/25,92885.0,27.8,0,0
2020/8/26,96404.0,28.8,0,0
2020/8/27,99878.0,29.3,0.0,0
2020/8/28,101360.0,30.2,0,0
2020/8/29,92566.0,30.3,0,0
2020/8/30,87688.0,30.0,0,0
2020/8/31,91924.0,27.5,1.0,0.5
2020/9/1,83484.0,24.9,1.0,0.5
2020/9/2,91241.0,26.8,7.5,0.5
2020/9/3,96444.0,28.4,3.5,0
2020/9/4,99330.0,29.3,0.0,0
2020/9/5,87138.0,28.6,8.5,0
2020/9/6,75755.0,25.7,25.5,0.5
2020/9/7,90259.0,26.7,19.0,0.5
2020/9/8,97159.0,29.5,0,0
2020/9/9,96903.0,29.0,0.5,0
2020/9/10,92257.0,27.7,0.0,0.5
2020/9/11,95095.0,28.3,0.0,0
2020/9/12,74975.0,23.7,14.5,1.0
2020/9/13,68696.0,23.3,0.5,0.5
2020/9/14,77537.0,23.4,0.5,0.5
2020/9/15,78659.0,23.8,0.5,0.5
2020/9/16,77728.0,24.0,2.0,0.5
2020/9/17,81563.0,24.9,0.0,0.5
2020/9/18,90522.0,29.0,0.0,0.5
2020/9/19,73058.0,24.7,0.0,0.5
2020/9/20,62825.0,22.2,0.5,0.5
2020/9/21,64574.0,22.0,0.5,0.25
2020/9/22,66748.0,22.5,3.5,0.5
2020/9/23,71974.0,20.2,7.5,1.0
2020/9/24,71240.0,19.0,10.0,1.0
2020/9/25,71007.0,19.4,5.5,1.0
2020/9/26,63759.0,18.5,6.0,1.0
2020/9/27,59893.0,19.7,0.5,0.5
2020/9/28,68858.0,21.5,0,0
2020/9/29,68631.0,19.7,0.0,0.5
2020/9/30,68260.0,20.0,0,0
2020/10/1,69848.0,19.5,1.0,0.5
2020/10/2,70415.0,21.0,0,0
2020/10/3,63916.0,21.7,0.0,0.5
2020/10/4,60780.0,22.0,0.0,0.5
2020/10/5,70531.0,21.7,0.0,0
2020/10/6,70291.0,21.0,0.0,0.5
2020/10/7,70212.0,18.3,6.0,0.5
2020/10/8,71249.0,14.7,44.0,1.0
2020/10/9,72196.0,14.5,38.0,1.0
2020/10/10,66246.0,16.0,73.5,1.0
2020/10/11,60297.0,19.8,0.5,0.5
2020/10/12,69386.0,21.5,0.0,0.5
2020/10/13,72074.0,22.1,0,0
2020/10/14,69987.0,20.3,0,0.5
2020/10/15,70598.0,16.8,1.0,1.0
2020/10/16,69156.0,16.1,0.0,0.5
2020/10/17,67475.0,12.7,23.0,1.0
2020/10/18,61347.0,14.3,0.5,0.5
2020/10/19,72608.0,13.1,9.0,0.75
2020/10/20,71687.0,15.6,0,0.25
2020/10/21,70333.0,16.0,0.0,0
2020/10/22,71052.0,17.4,0.0,0.5
2020/10/23,71999.0,16.8,8.5,1.0
2020/10/24,62929.0,17.3,0,0
2020/10/25,60095.0,15.5,0,0
2020/10/26,69083.0,16.2,0,0
2020/10/27,70542.0,16.7,0,0
2020/10/28,70739.0,16.6,0,0.5
2020/10/29,70150.0,17.3,0,0
2020/10/30,70575.0,14.9,0.0,0.5
2020/10/31,64501.0,13.8,0,0
2020/11/1,62052.0,14.3,0,0.5
2020/11/2,69889.0,15.6,2.5,0.5
2020/11/3,67481.0,14.8,4.5,0.5
2020/11/4,71788.0,13.7,0,0
2020/11/5,73030.0,13.4,0,0
2020/11/6,74589.0,12.8,0,0.5
2020/11/7,67320.0,15.5,0.0,0.5
2020/11/8,61604.0,17.3,2.5,0.5
2020/11/9,71524.0,13.5,0,0
2020/11/10,75237.0,11.9,0,0
2020/11/11,76830.0,11.9,0,0
2020/11/12,80280.0,10.2,0,0.5
2020/11/13,74982.0,13.7,0,0
2020/11/14,66571.0,14.7,0,0
2020/11/15,63830.0,13.4,0,0
2020/11/16,72184.0,14.7,0,0
2020/11/17,73122.0,15.2,0,0
2020/11/18,73072.0,15.8,0,0
2020/11/19,71653.0,19.1,0,0
2020/11/20,70966.0,21.9,0.0,0.5
2020/11/21,63359.0,16.6,0,0
2020/11/22,61912.0,15.0,0,0
2020/11/23,64278.0,15.5,0.0,0.25
2020/11/24,75509.0,11.8,0.0,0.5
2020/11/25,78692.0,10.5,5.0,0.75
2020/11/26,75453.0,12.8,0,0
2020/11/27,77541.0,11.6,0.0,0.5
2020/11/28,69945.0,11.8,0,0
2020/11/29,69383.0,10.1,0,0.5
2020/11/30,79364.0,9.9,0,0
2020/12/1,81401.0,10.2,0,0
2020/12/2,86457.0,8.2,8.0,0.5
2020/12/3,86201.0,8.1,0.0,0.5
2020/12/4,84328.0,9.2,0,0
2020/12/5,81916.0,6.6,3.5,1.0
2020/12/6,74365.0,8.2,0,0
2020/12/7,83114.0,9.7,0,0
2020/12/8,82785.0,11.4,0.0,0
2020/12/9,85422.0,9.8,0.0,0.5
2020/12/10,86237.0,9.3,0.0,0.5
2020/12/11,85119.0,10.2,0,0.5
2020/12/12,75754.0,11.4,0,0.5
2020/12/13,72199.0,9.9,0,0.25
2020/12/14,86536.0,8.5,0.0,0.5
2020/12/15,91814.0,6.1,0,0
2020/12/16,95077.0,4.6,0,0
2020/12/17,97806.0,4.3,0,0
2020/12/18,95474.0,6.1,0,0
2020/12/19,87687.0,5.8,0,0.5
2020/12/20,85015.0,4.4,0,0
2020/12/21,95703.0,5.3,0,0
2020/12/22,96024.0,5.6,0,0
2020/12/23,92244.0,7.7,0,0
2020/12/24,91326.0,8.0,0,0.5
2020/12/25,86052.0,8.7,0,0
2020/12/26,81185.0,6.4,0,0
2020/12/27,75963.0,7.8,0,0.25
2020/12/28,79014.0,8.5,0.0,0.25
2020/12/29,75651.0,8.7,0,0.5
2020/12/30,72885.0,6.9,1.5,0.5
2020/12/31,76065.0,3.4,0,0