,elec_tra,elec_tes,elec,HAZURE
0,,,71626,0
1,,,69778,0
2,,,63798,1
3,,,70949,0
4,,,76572,1
5,,,71918,0
6,,,76125,0
7,,,71008,0
8,,,63956,1
9,,,60860,1
10,,,71974,0
11,,,75294,0
12,73893.88,,74426,0
13,73630.8,,73648,0
14,70966.77,,71072,0
15,61884.484,,65128.996,1
16,62325.332,,62243.004,1
17,68845.61,,69346,0
18,70569.86,,69886,0
19,68885.89,,70374,0
20,69280.836,,72467,0
21,69707.7,,71650,0
22,63573.938,,65648,0
23,61223.535,,61722,1
24,66846.766,,69337,0
25,69592.836,,72682,0
26,71232.086,,72122,0
27,70897.46,,72332,0
28,69117.875,,63947.996,1
29,56971.223,,61786,1
30,59244.945,,58282.004,1
31,62254.055,,63474,0
32,66742.766,,58982.996,1
33,60000.836,,58690,1
34,60607.008,,58930,0
35,58907.453,,65718,0
36,63459.098,,65133,0
37,63935.703,,60611.996,0
38,65160.145,,69554,0
39,68323.89,,72401,1
40,71010.96,,73217,1
41,72896.44,,73195,1
42,73030.84,,73783,0
43,69181.516,,66058,0
44,60426.305,,61356,1
45,64944.656,,70647,0
46,70739.44,,73343,0
47,69909.58,,72231,0
48,71903.13,,71937,0
49,70934.73,,70976,0
50,64658.633,,65751,0
51,61578.01,,62838.996,1
52,68160.38,,74517,1
53,74914.734,,78288,1
54,73247.87,,76192,0
55,72789.85,,76618,0
56,72895.73,,73033,0
57,67160.8,,64455.996,1
58,61469.844,,60987.004,1
59,65761.305,,69516,0
60,71607.11,,71196,0
61,71275.266,,70825,0
62,70871.39,,70304,0
63,68604.52,,70214,0
64,62648.4,,65344,0
65,61110.844,,59785.004,1
66,65724.92,,69678,0
67,71043.01,,72071,0
68,70267.516,,73539,0
69,70984.29,,74555,0
70,70855.664,,75644,1
71,66017.47,,68034,0
72,61042.395,,64572,1
73,68590.36,,72350,0
74,73321.18,,73759,0
75,71730.77,,72861,0
76,71661.055,,74250,0
77,71187.19,,77900,1
78,69124.26,,72069,0
79,66487.23,,66144,1
80,70529.086,,79664,1
81,77948.85,,78933,1
82,74168.305,,77168,0
83,73958.59,,78029,0
84,76952.13,,76065,0
85,71716.836,,71671,0
86,68079.664,,67188,1
87,72648.555,,77476,0
88,76130.76,,74806,0
89,72899.586,,74863,0
90,74729.57,,75909,0
91,72590.76,,80622,1
92,72553.086,,76417,0
93,70610.375,,78475,0
94,81152.56,,89812,1
95,83253.04,,78213,0
96,71545.62,,78125,0
97,76486.86,,88051,1
98,82517.32,,82639,0
99,74523.75,,69921,1
100,68213.01,,71667,0
101,76824.36,,87564,1
102,80527.02,,88043,1
103,80061.02,,85886,0
104,86237.08,,88895,1
105,82028.93,,79415,0
106,67661.11,,70477,1
107,71960.195,,70417,1
108,74711.02,,81184,0
109,82071.02,,89968,1
110,85962.09,,86684,0
111,82973.41,,78846,0
112,74223.234,,75158,0
113,67708.45,,66837,1
114,65221.066,,65281,1
115,71138.08,,76865,0
116,80417.3,,77843,0
117,77638.414,,77976,0
118,72802.35,,83408,0
119,79516.09,,86012,1
120,73358.43,,79628,0
121,74699.09,,75648,0
122,80610,,87434,1
123,83734.734,,87793,1
124,82341.15,,88785,1
125,84107.96,,92312,1
126,85626.1,,94404,1
127,85552.04,,88254,0
128,81392.664,,81528,0
129,86115.33,,90967,0
130,90789.91,,99197,1
131,93712.88,,94296,0
132,89504.27,,79806,0
133,78996.51,,80439,0
134,77577.664,,72934,1
135,65629.07,,67836,1
136,70994.23,,73116,0
137,79108.266,,78216,0
138,78497.695,,86580,0
139,80404.74,,86061,0
140,82894.37,,86933,0
141,77465.61,,77807,0
142,70877.72,,77758,0
143,80317.06,,84069,0
144,82109.9,,87429,0
145,85391.62,,87015,0
146,82657.13,,91617,1
147,84979.73,,92323,1
148,80512.23,,74596,1
149,66742.086,,65597,1
150,67014.3,,81713,0
151,83540.55,,81689,0
152,80302.74,,81745,0
153,84189.77,,84812,0
154,84941.586,,86185,0
155,72986.695,,79681,0
156,73050.21,,74388,1
157,81529.76,,90002,1
158,86223.82,,93688,1
159,87654.74,,89980,0
160,85764.87,,87702,0
161,84146.43,,88021,0
162,81508.95,,78366,0
163,72124.41,,68188,1
164,72507.1,,78796,0
165,81502.47,,78794,0
166,76530.88,,77790,0
167,77027.41,,81374,0
168,79744.22,,78457,0
169,69222.445,,74716,0
170,67373.92,,68633,1
171,72774.09,,69972,1
172,70022.65,,74615,0
173,73590.375,,73270,0
174,74530.05,,70881,0
175,68951,,75288,0
176,72974.234,,69927,0
177,62962.797,,66522,1
178,65236.21,,80030,0
179,81390,,84095,1
180,77632.92,,85638,1
181,81229.08,,82223,0
182,77752.49,,73950,0
183,65196.785,,67459,1
184,61832.426,,65988,1
185,71601.87,,76847,0
186,75276.914,,80875,0
187,81265.445,,77983,0
188,75548.4,,81325,0
189,75184.1,,73437,0
190,65097.695,,68137,1
191,66006.61,,64376,1
192,72046.03,,63490,1
193,65718.336,,69408,0
194,70777.99,,70439,0
195,71592.234,,71302,0
196,68811.74,,70422,0
197,66724.11,,65038.996,1
198,60566.375,,61006,1
199,61824.766,,71179,0
200,74706.66,,73620,0
201,71495.38,,73329,0
202,71814.055,,73871,0
203,71460.78,,70818,0
204,62753.67,,65635,0
205,60324.023,,60889,1
206,67231.45,,68712,0
207,70111.7,,72143,0
208,70922.39,,72058,0
209,70416.016,,71041,0
210,67215.445,,74009,0
211,66437.336,,66843,0
212,60002.34,,65008.004,0
213,68382.01,,71290,0
214,72233.67,,74153,0
215,70832.97,,77102,1
216,74554.33,,70147,0
217,67808.63,,72700,0
218,66645.17,,67616,0
219,63391.24,,62774,1
220,63853.55,,73988,0
221,73401.836,,77800,1
222,73090.36,,79242,1
223,74462.266,,82622,1
224,76928.5,,83972,1
225,72667.63,,70071,0
226,61586.02,,65059.996,1
227,72384.46,,75367,0
228,76622.71,,75170,0
229,76176.44,,77313,0
230,79289.22,,76267,0
231,74681.56,,77198,0
232,68646.88,,75416,0
233,70022.07,,66016,1
234,70468.03,,77526,0
235,76513.58,,75699,0
236,74040.59,,76488,0
237,74586.28,,94780,1
238,88503.24,,89697,1
239,75879,,79231,0
240,68926.25,,72161,0
241,78178.03,,80811,0
242,76723.89,,82841,0
243,80439.89,,84329,0
244,86167.29,,83027,0
245,78206.94,,79953,0
246,72562.21,,74197,0
247,69460.31,,68716,1
248,69601.914,,76076,0
249,77597.875,,79928,0
250,78526.99,,85672,1
251,80620.914,,84691,0
252,77992.945,,81940,0
253,73284.08,,77929,0
254,70670.42,,75842,0
255,77213.01,,87266,1
256,83049.69,,86333,0
257,82596.78,,87452,0
258,84704.97,,89345,1
259,81976.95,,92184,1
260,83398.09,,83602,0
261,75829.91,,75957,1
262,76414.766,,83277,0
263,84234.83,,84186,0
264,80428.87,,82357,0
265,81502.984,,81965,0
266,80639.72,,73428,1
267,67368.336,,75507,0
268,71310.67,,74369,1
269,78666.59,,86334,0
270,83327.54,,82737,0
271,80593.28,,81063,0
272,77935.734,,78190,0
273,71308.29,,71973,1
274,66923.38,,67855,1
275,67726.55,,62234.004,1
276,68319.82,,63592,1
277,64545.715,,65242.996,0
278,67468.48,,71644,0
279,74082.76,,81938,0
280,78173.98,,88836,1
281,82642.62,,85318,0
282,76692,,83725,0
283,80924.33,,81743,0
284,79630.23,,86621,0
285,81630.54,,88357,0
286,86329.63,,90131,1
287,86948.69,,90085,0
288,83969.45,,90338,0
289,82033.35,,88008,0
290,83011.1,,97278,1
291,91294.08,,94044,0
292,86270.94,,93059,0
293,86850.766,,93116,0
294,91819.95,,100374,1
295,90526.41,,86144,0
296,78879.34,,78853,1
297,79930.945,,94202,0
298,92676.945,,98512,1
299,87652.25,,97141,0
300,92097.26,,94748,0
301,91347.54,,90792,0
302,81506.02,,80079,1
303,70939.164,,74984,1
304,80523.92,,80987,0
305,80588.5,,88426,0
306,89287.48,,88985,0
307,84844.03,,92452,0
308,87059.38,,89458,0
309,78111.36,,80233,1
310,72985.67,,78212,1
311,81414.47,,85371,0
312,83918.85,,91063,0
313,88486.43,,90545,0
314,87077.79,,99064,1
315,90844.336,,94774,0
316,80147.17,,85296,0
317,80118.05,,80389,1
318,83373.89,,90150,0
319,86218.99,,91315,0
320,86518.914,,89563,0
321,87877.3,,87272,0
322,83594.88,,80947,1
323,69670.41,,78656,1
324,73476.96,,75104,1
325,78311.23,,82895,0
326,83232.055,,87893,0
327,87079.16,,89133,0
328,85709.96,,83349,0
329,77901.88,,85497,0
330,80581.93,,77774,1
331,73311.01,,71624,1
332,75385.625,,85473,0
333,84812.1,,86833,0
334,82591.91,,86583,0
335,81245.336,,88340,0
336,85185.984,,83520,0
337,72303.445,,76791,1
338,69818.21,,69847,1
339,77140.07,,82490,0
340,80426.67,,87653,0
341,84680.18,,87640,0
342,84260.37,,85194,0
343,79835.38,,83360,0
344,73371.016,,77220,0
345,70105.53,,72440,1
346,77801.52,,83567,0
347,83252.08,,86229,0
348,82352.07,,90074,1
349,84418.48,,84525,0
350,78274.87,,82605,0
351,74086.38,,74363,1
352,65718.33,,67726,1
353,71644.38,,69869,1
354,70206.56,,82730,0
355,82020.65,,80740,0
356,78768.99,,81469,0
357,78990.56,,81629,0
358,77300.52,,76045,0
359,66729.52,,76906,0
360,77841.88,,89772,1
361,91657.36,,84822,0
362,78071.05,,81411,0
363,79734.82,,77344,0
364,74746.945,,81840,0
365,73764.85,,79382,0
366,75653.164,,70068,1
367,71930.08,,77643,0
368,77520.99,,77227,0
369,72503.92,,74060,0
370,71734.336,,72748,0
371,73778.09,,72436,0
372,69486.73,,67690,1
373,60837.43,,64520,1
374,68947.65,,73518,0
375,73279.29,,83935,1
376,77443.07,,74490,0
377,71763.086,,74713,0
378,73815.19,,72869,0
379,65772.34,,65658,1
380,60181.363,,61353,1
381,67692.7,,69719,0
382,72638.445,,72154,0
383,69856.27,,71217,0
384,69671.51,,70973,0
385,70875.43,,71058,0
386,62807.688,,66202,0
387,62155.812,,61999,1
388,67592.64,,70135,0
389,71171.08,,71205,0
390,69370.125,,71409,0
391,69685.234,,71005,0
392,68373.59,,69419,0
393,62647.74,,62669,1
394,58626.973,,59242,1
395,63978.85,,65733,0
396,67298.47,,64196,0
397,63532.258,,58081.004,1
398,59006.883,,56785.996,1
399,59028.64,,57024,1
400,55177.375,,59206,0
401,58795.805,,58563,0
402,65635.414,,68647,0
403,69848.98,,69578,0
404,66211.51,,70920,0
405,66444.836,,72374,1
406,71494.28,,73074,0
407,69618.945,,66410,0
408,64415.49,,59751,1
409,64593.492,,69092,0
410,68625.43,,70155,0
411,66415.17,,69790,0
412,67663.07,,70607,0
413,69400.28,,71191,0
414,64783.344,,66583,0
415,60655.996,,64325,0
416,68175.87,,74187,1
417,73606.305,,74634,1
418,70870.445,,73440,0
419,71062.32,,73281,0
420,69769.89,,72159,0
421,66231.58,,65374,0
422,63450.035,,61311.996,1
423,64150.2,,71253,0
424,70991.6,,75927,1
425,73978.56,,76319,1
426,73544.266,,75845,0
427,71984.81,,74423,0
428,66552.305,,65542,1
429,59982.91,,60752.996,1
430,65423.688,,70202,0
431,70881.305,,71354,0
432,71074.12,,71510,0
433,72133.77,,73408,0
434,71824.81,,74439,0
435,66277.72,,69666,0
436,63753.535,,62862.996,1
437,68524.47,,70880,0
438,71198.47,,71904,0
439,70316.65,,71817,0
440,71064.4,,73518,0
441,71355.555,,75655,1
442,66726.08,,67118,0
443,60156.348,,62047,1
444,65645.72,,72914,0
445,74005.81,,76448,1
446,73186,,76393,0
447,74443.67,,76605,0
448,73930.32,,78943,1
449,68848.81,,72045,0
450,65022.04,,66929,1
451,71150.164,,76050,0
452,75606.32,,77746,0
453,76569.984,,77419,0
454,75094.14,,80138,1
455,79288.266,,78759,0
456,70304.71,,71733,0
457,66058.43,,71679,0
458,77629.44,,88138,1
459,83495.38,,87514,1
460,80077.09,,86643,1
461,82693.32,,85923,0
462,82044.95,,88413,1
463,77102.9,,83424,0
464,81000.055,,79309,0
465,83389.336,,91154,1
466,88216.14,,93044,1
467,86585.68,,95916,1
468,89590.26,,95196,1
469,88538.23,,94016,0
470,87099.695,,85955,0
471,80751.82,,83347,0
472,88468.52,,87988,0
473,87540.18,,90272,0
474,87132.54,,88977,0
475,86890.734,,93669,0
476,88001.97,,96503,1
477,86109.95,,87531,0
478,80699.01,,76399,1
479,76667.57,,91469,0
480,90109.66,,94699,0
481,87903.336,,84668,0
482,82669.14,,80696,0
483,81474.94,,87508,0
484,80234.47,,80027,1
485,68905.1,,72316,1
486,79732.445,,90183,0
487,87421.64,,88381,0
488,79091.92,,78368,0
489,76449.445,,79830,0
490,82290.86,,83611,0
491,73888.72,,82766,0
492,76737.95,,82533,0
493,88242.86,,95582,1
494,88339.305,,96422,1
495,84957.516,,100302,1
496,92245.195,,86036,0
497,80534.49,,72015,1
498,65907.375,,69380,1
499,69090.41,,69880,1
500,72212.164,,69401,1
501,69159.32,,67701,1
502,70386.695,,66904,0
503,69779.26,,73313,0
504,69470.65,,79177,0
505,80740.65,,77044,0
506,76058.93,,70451,0
507,72062.12,,84975,0
508,82911.62,,91390,1
509,85898.164,,96163,1
510,89944.29,,98326,1
511,93201.47,,99805,1
512,88362.12,,87409,0
513,77183.91,,74363,0
514,78089.85,,85922,0
515,88492.21,,94416,0
516,91195.484,,92805,0
517,88749.68,,78444,0
518,77618.77,,75236,0
519,69808.875,,66086,1
520,57226.934,,64437.004,1
521,70665.336,,72330,0
522,79521.375,,77150,0
523,77063.836,,76720,0
524,72718.99,,78179,0
525,74527.38,,79581,0
526,69791.36,,72233,0
527,66770.84,,70262,0
528,76229.73,,81327,0
529,80008.74,,82975,0
530,78325.11,,84256,0
531,80082.9,,83636,0
532,78600.58,,77689,0
533,68220.234,,68017,1
534,63408.91,,63860.004,1
535,67739.56,,75695,0
536,75594.83,,79140,0
537,77296.69,,76999,0
538,76190.67,,77834,0
539,73511.45,,76116,0
540,65525.418,,66161,1
541,60037.113,,64007.996,1
542,72021.66,,76010,0
543,76058.87,,78193,0
544,75144.664,,77258,0
545,75575.69,,74613,0
546,71414.66,,71509,0
547,61392.004,,65344,1
548,61559.797,,61888,1
549,69588.05,,72576,0
550,73101.93,,76545,0
551,74719.47,,71598,0
552,68750.18,,70551,0
553,68324.016,,71230,0
554,63531.656,,66220,0
555,60970.586,,62216.004,1
556,69759.26,,65895,0
557,68869.016,,76465,0
558,73084.21,,75795,0
559,71597.29,,78329,1
560,74387.2,,73358,0
561,65414.18,,67473,0
562,60862.023,,64094,1
563,65038.62,,74487,0
564,75459.25,,75463,0
565,72396.22,,73145,0
566,70977.51,,78811,1
567,75707.836,,76240,0
568,67109.195,,69780,0
569,65675.08,,66367,1
570,70949.805,,71535,0
571,71161.41,,73234,0
572,70034.27,,75759,0
573,75363.96,,72831,0
574,69461.47,,72414,0
575,66801.75,,68833,0
576,64920.43,,66723,1
577,68174.43,,71540,0
578,72626.945,,74441,0
579,73418.234,,73700,0
580,70886.93,,72742,0
581,69578.11,,66956,1
582,60960.43,,65395,1
583,62374.406,,63519,1
584,65865.18,,72503,0
585,72962.47,,73370,0
586,72489.47,,74941,0
587,73323.16,,74492,0
588,70174.48,,75481,0
589,69062.32,,68791,0
590,66144.445,,65531.004,1
591,71076.766,,75513,0
592,74666.51,,78334,1
593,76129.49,,77015,0
594,74565.42,,77881,0
595,74542.12,,79438,1
596,68242.83,,76221,0
597,69131.53,,71194,0
598,74083,,86561,1
599,82724.84,,85942,1
600,81449.055,,88002,1
601,80584.51,,81050,0
602,77217.61,,82434,0
603,78282.38,,76933,0
604,73770.94,,70829,1
605,76407.28,,79574,0
606,79133.84,,81025,0
607,78617.31,,78900,0
608,77586.83,,82504,0
609,78678.8,,84238,0
610,77079.26,,78232,0
611,70334.59,,73556,1
612,77581.85,,85194,1
613,81849.43,,84315,0
614,77690.55,,87013,1
615,84423.46,,88428,1
616,83941.47,,92675,1
617,81271.58,,83697,0
618,74866.766,,77848,0
619,82201.875,,84360,0
620,85637.305,,89108,0
621,85607.92,,91630,1
622,90088.08,,93097,1
623,89794.99,,93876,1
624,86146.586,,83860,0
625,76363.84,,80075,0
626,82534.19,,93421,1
627,90870.836,,93129,0
628,87879.695,,93156,0
629,89969.98,,93870,0
630,90416.125,,92833,0
631,82827.016,,82537,0
632,76312.79,,79714,1
633,83512.64,,84716,0
634,83192.9,,87322,0
635,83167.38,,90742,0
636,89310.15,,87757,0
637,81821.625,,79897,1
638,69724.695,,73059,1
639,67984.37,,74438,1
640,76292.25,,66839,1
641,66156.83,,67168,1
642,70467.74,,71952,0
643,75427.06,,80242,0
644,77166.06,,90618,1
645,85819.38,,85337,0
646,80536.29,,78182,0
647,73836.21,,85578,0
648,84035.39,,87928,0
649,82765.63,,90161,0
650,85598.805,,93313,1
651,92923.74,,97694,1
652,89429.58,,90842,0
653,79316.02,,83776,0
654,83700.414,,95621,1
655,90838.6,,92198,0
656,85776.625,,92990,0
657,88095.16,,88021,0
658,87692.41,,88883,0
659,82177.85,,83561,0
660,77093.53,,78224,1
661,80289.89,,101258,1
662,95211.87,,97870,1
663,87472.695,,99323,1
664,91721.67,,104453,1
665,95438.57,,104906,1
666,91836,,95818,0
667,87984.9,,92001,0
668,98960.33,,97941,0
669,94241.63,,99910,0
670,94204.74,,98086,0
671,94379.36,,101949,0
672,93273.26,,106343,1
673,94674.695,,90872,0
674,81697.53,,83338,1
675,84390.75,,96604,0
676,92826.74,,98445,0
677,90721.6,,98042,0
678,93852.85,,98507,0
679,93480.42,,97190,0
680,84766.445,,87053,1
681,77023.86,,76013,1
682,81332.93,,85614,0
683,84482.05,,95338,0
684,91904.78,,93347,0
685,89348.7,,87234,0
686,84228.24,,90469,0
687,80924.64,,83896,0
688,73531.2,,83262,0
689,86314.04,,91725,0
690,90392.58,,88644,0
691,83201.63,,93249,0
692,86740.74,,99183,1
693,90712.27,,96111,0
694,84149.914,,84173,1
695,78513.75,,81574,1
696,82501.91,,90252,0
697,84444.13,,88553,0
698,85503.555,,86584,0
699,87513.14,,81495,1
700,78523.47,,82128,0
701,74119.04,,76433,1
702,73099.16,,67607,1
703,73024.23,,77011,0
704,78644.06,,80787,0
705,79583.1,,88244,0
706,83305.09,,92774,0
707,88554.98,,84783,0
708,75392.44,,78097,0
709,71981.734,,72003,1
710,75787.42,,80443,0
711,79136.88,,79505,0
712,80566.16,,75637,0
713,76984.836,,74223,0
714,70071.21,,77015,0
715,69869.05,,74251,0
716,67586.266,,68785,1
717,71580.41,,76564,0
718,77172.805,,83239,0
719,78136.11,,89395,1
720,83073.81,,84565,0
721,79121.54,,78284,0
722,71341.36,,71249,1
723,63026.684,,65336.004,1
724,66984.33,,72027,0
725,74047.56,,72143,0
726,73397.85,,70931,0
727,71293.54,,70547,0
728,69246.99,,69597,0
729,63707.23,,65527,1
730,61054.42,,62002,1
731,68269.42,,69919,0
732,70824.086,,72180,0
733,70672.2,,71951,0
734,70226.93,,72127,0
735,70090.21,,72228,0
736,65044.89,,66711,0
737,61485.383,,63457.996,1
738,68593.85,,72171,0
739,72127.11,,72948,0
740,70525.695,,73116,0
741,71246.63,,72230,0
742,69183.47,,71427,0
743,64008.516,,67375,0
744,62269.734,,63321,1
745,66932.79,,70643,0
746,71250.54,,74919,0
747,72357.11,,74676,0
748,72089.984,,72419,0
749,68865.195,,71765,0
750,65374.645,,66066,1
751,60536.62,,62859.996,1
752,66528.63,,70314,0
753,71577.805,,72390,0
754,70226.164,,73226,0
755,71204.19,,70571,0
756,68710.56,,69468,0
757,62500.035,,63234,1
758,59358.883,,59196.004,1
759,65401.145,,60992,1
760,63728.89,,66988,0
761,68377.914,,66011,0
762,65481.82,,60987.004,1
763,60565.63,,57096,1
764,56456.31,,56853,1
765,55353.844,,57876,0
766,61609.344,,68811,0
767,73421.914,,71674,1
768,70034.18,,73201,1
769,71237,,72635,0
770,65932.33,,70527,0
771,65213.094,,64398.996,0
772,64534.37,,61349,0
773,66944.445,,70438,0
774,72335.21,,72612,0
775,69835.81,,74589,1
776,74834.87,,76840,1
777,72256.51,,77813,1
778,70258.445,,67664,0
779,63115.312,,59538.996,1
780,62191.43,,69983,0
781,73168.53,,72726,0
782,71342.05,,72079,0
783,72585.52,,73791,0
784,72262.234,,74426,0
785,67390.7,,66042,0
786,60012.883,,62664.004,1
787,69417.69,,72441,0
788,72899.7,,75638,0
789,72734.24,,74721,0
790,74025.13,,72459,0
791,69307.23,,72876,0
792,64017.82,,67353,0
793,61314.285,,64241,1
794,68562.16,,75647,1
795,75605.64,,77811,1
796,72846.22,,75696,0
797,72210.875,,76994,0
798,74202.766,,78591,1
799,70025.62,,74778,0
800,69402.36,,64908,1
801,68056.19,,72911,0
802,75113.31,,75600,0
803,73442.98,,75517,0
804,73993.49,,74345,0
805,73909.78,,73129,0
806,67879.875,,65666,1
807,60554.844,,61079,1
808,65670.94,,72116,0
809,73621.586,,76223,0
810,73647.164,,75671,0
811,74125.695,,75567,0
812,72692.45,,77565,0
813,67491.164,,68542,0
814,61147.188,,64926,1
815,71587.48,,81581,1
816,80672.02,,83887,1
817,78049.48,,87623,1
818,82646.08,,89018,1
819,82442.234,,91522,1
820,77582.28,,85628,0
821,78102.13,,80473,0
822,87271.28,,94539,1
823,93339.984,,95409,1
824,91468.914,,91734,0
825,87051.65,,88895,0
826,86600.59,,81470,0
827,74562.65,,75164,0
828,72016.68,,76011,0
829,81283.625,,91179,0
830,88448.17,,95351,1
831,89077.12,,97041,1
832,89123.99,,91642,0
833,82134.84,,97110,0
834,87725.04,,91621,0
835,86627.055,,87383,0
836,88674.86,,93374,0
837,89695.13,,103315,1
838,95373.75,,106693,1
839,95408.016,,105399,1
840,94677.125,,104646,0
841,94226.336,,96899,0
842,87990.53,,94123,0
843,93269.1,,107220,1
844,99393.15,,105890,0
845,95798.26,,100877,0
846,93927.88,,90318,0
847,88720.914,,85587,1
848,76737.55,,76814,1
849,72025.49,,80754,1
850,84827.086,,93767,0
851,93525.54,,98834,0
852,90971.18,,104247,0
853,96241.85,,107653,1
854,94283.6,,106708,0
855,92749.766,,94789,0
856,90441.445,,92993,0
857,95692.95,,100589,0
858,92661.57,,83199,1
859,79434.766,,83073,1
860,83896.664,,90771,0
861,88015.83,,97309,0
862,86383.266,,86470,0
863,85449.27,,76980,1
864,79084.95,,82104,0
865,74417.58,,84364,0
866,81978.96,,85442,0
867,89451.83,,84618,0
868,83762.74,,75818,1
869,69026.6,,67673,1
870,61961.676,,66187,1
871,69307.055,,78290,0
872,79629.02,,92518,0
873,91168,,100221,1
874,91982.63,,100633,1
875,88104.24,,96985,0
876,83410.05,,95131,0
877,88796.55,,93626,0
878,92953.28,,101439,0
879,95923.89,,92946,0
880,89776.8,,89713,0
881,86543.59,,97132,0
882,90186.84,,98748,0
883,87454.41,,81402,1
884,76782.414,,68878,1
885,73094.08,,80565,0
886,79491.21,,87884,0
887,83810.195,,90813,0
888,91548.914,,89434,0
889,87276.914,,88801,0
890,75765.02,,85087,0
891,74782.51,,78761,0
892,81865.19,,86580,0
893,86141.54,,77452,1
894,76837.62,,74358,1
895,74690.61,,76631,0
896,75491.914,,77317,0
897,73048.26,,69767,1
898,64702.82,,66441,1
899,69865.195,,74870,0
900,70428.83,,79966,0
901,76566.96,,76723,0
902,78780.08,,74972,0
903,74350.086,,73366,0
904,68016.22,,69299,0
905,64497.477,,66298,1
906,71686.055,,72696,0
907,73979.46,,76736,0
908,74151.42,,73270,0
909,70062.67,,72439,0
910,69678.47,,71488,0
911,65309.176,,66735,1
912,61989.445,,63857.996,1
913,67740.9,,78116,0
914,76901.45,,75031,0
915,69959.56,,74127,0
916,72275.6,,73760,0
917,71747.44,,73817,0
918,64915.78,,71549,0
919,68058.734,,71781,0
920,77240.266,,67221,1
921,66246.99,,74851,0
922,73097.07,,76351,0
923,73533.984,,76883,0
924,71885.64,,74325,0
925,71567.625,,66169,1
926,61253.914,,62085,1
927,59698.137,,70689,0
928,74079.53,,72389,0
929,71549.086,,72198,0
930,72274.31,,71803,0
931,70613.41,,71904,0
932,63433.793,,65994,1
933,60879.21,,61717,1
934,67632.47,,70032,0
935,70568.336,,73125,0
936,71547.83,,72596,0
937,70610.64,,71877,0
938,70143.94,,71622,0
939,63869.566,,66897,0
940,61089.984,,61665,1
941,67142.34,,70048,0
942,71316.016,,71631,0
943,69917.836,,71752,0
944,69777.195,,72346,0
945,69594.29,,72279,0
946,64848.41,,65158.996,1
947,59651.574,,63358.996,1
948,67483.76,,71333,0
949,70833.44,,73871,0
950,71123.91,,72549,0
951,71641.695,,73026,0
952,70734.77,,74078,0
953,65291.94,,66295,1
954,61849.6,,61629,1
955,67634.27,,71463,0
956,71410.11,,73606,0
957,71142.7,,72725,0
958,71182.945,,74072,0
959,72684.086,,74721,0
960,65128.24,,67691,0
961,61285.707,,64518.996,1
962,70524.09,,74151,0
963,73443.48,,76053,1
964,73578.54,,77070,1
965,75380.07,,78994,1
966,74470.15,,73107,0
967,64027.008,,72229,0
968,68278.64,,68366,0
969,74188.62,,77674,1
970,77161.625,,77201,0
971,75290.76,,76581,0
972,75236.67,,76918,0
973,73619.86,,77007,0
974,71730.66,,71885,0
975,68105.37,,71022,0
976,72225.71,,78359,1
977,78362.87,,76295,0
978,72341.19,,74991,0
979,74312.21,,81901,1
980,77154.914,,79384,0
981,71904.96,,75456,0
982,71115.55,,75529,0
983,75643.695,,89970,1
984,85638.71,,95305,1
985,84054.3,,93128,1
986,88336.23,,92667,1
987,87337.81,,92412,0
988,82246.55,,86380,0
989,84298.17,,86463,0
990,89072.625,,91640,0
991,91638.96,,88628,0
992,83226.484,,89021,0
993,86753.95,,88482,0
994,84063.23,,87061,0
995,79057.664,,81153,0
996,79019.41,,75224,1
997,75407.805,,80274,0
998,78850.58,,90141,0
999,86313.5,,90314,0
1000,86012.74,,84380,0
1001,80321.26,,85146,0
1002,78613.15,,78720,1
1003,68658.516,,74762,1
1004,75975.19,,73301,1
1005,76113.3,,67313,1
1006,65293.203,,67881,1
1007,66114.34,,71562,0
1008,75097.15,,77948,0
1009,75780.195,,75575,0
1010,75463.02,,80133,0
1011,80063.04,,90877,1
1012,84484.984,,94329,1
1013,89065.01,,95515,1
1014,91838.766,,102474,1
1015,94299.664,,94960,0
1016,85367.16,,91597,0
1017,88197.836,,79635,0
1018,81944.96,,85018,0
1019,85065.766,,97436,1
1020,92006.54,,93291,0
1021,88479.945,,91616,0
1022,86549.99,,93240,0
1023,85528.01,,85245,0
1024,75027.29,,79513,0
1025,78266.46,,90595,0
1026,91378.305,,94096,0
1027,88098.04,,92349,0
1028,86492.92,,92950,0
1029,89124.9,,94612,0
1030,83392.05,,88655,0
1031,80844.81,,83435,0
1032,84827.45,,94522,0
1033,90541.53,,93914,0
1034,86281.125,,94529,0
1035,89152.97,,97179,0
1036,90463.125,,96247,0
1037,85721.4,,84607,1
1038,76442.56,,76097,1
1039,77927.35,,80008,1
1040,77249.08,,89818,0
1041,87001.61,,93557,0
1042,91578.125,,87523,0
1043,85153.625,,91899,0
1044,84703.15,,96648,1
1045,84838.3,,85330,0
1046,81532.37,,92289,0
1047,93847.63,,93984,0
1048,89159.516,,95671,0
1049,86862.805,,96166,0
1050,89841.414,,99972,1
1051,91035.32,,84838,1
1052,74905.34,,78671,1
1053,78714.66,,86350,0
1054,86900.48,,89426,0
1055,85668.24,,80717,1
1056,80793.63,,81990,0
1057,82697.03,,82735,0
1058,74231.5,,76028,1
1059,68571.375,,72495,1
1060,78152.95,,79569,0
1061,79061.51,,81368,0
1062,77064.69,,85458,0
1063,84335.164,,89531,0
1064,84601.805,,83451,0
1065,74139.73,,74270,1
1066,70915.16,,77013,0
1067,79410.8,,87953,0
1068,83470.19,,82025,0
1069,80756.55,,82193,0
1070,81522.38,,85315,0
1071,77338.15,,84636,0
1072,73034.6,,75362,1
1073,74540.01,,68162,1
1074,72100.1,,77165,0
1075,75218.3,,76538,0
1076,74969.195,,76676,0
1077,78048.07,,80920,0
1078,79087.38,,80322,0
1079,70642.805,,74714,0
1080,67987.22,,70029,1
1081,74218.59,,78295,0
1082,76291.53,,76414,0
1083,74482.445,,73233,0
1084,74268.26,,69025,1
1085,67205.84,,70737,0
1086,66000.49,,75972,0
1087,71004.79,,69739,0
1088,72787.305,,77553,0
1089,76038.71,,77317,0
1090,71645.99,,74221,0
1091,68171.78,,73967,0
1092,73606.04,,80292,1
1093,77777.586,,75022,0
1094,69294.66,,67283,1
1095,69372.94,,77535,0
1096,77405.69,,81719,1
1097,73423.41,,81962,1
1098,75383.5,,78301,0
1099,75752.586,,73841,0
1100,69597.67,,65098,1
1101,58228.01,,61837.996,1
1102,67888.6,,76155,0
1103,75927.875,,76580,0
1104,76069.31,,88078,1
1105,84772.71,,80364,0
1106,73256.74,,80606,0
1107,71838.76,,69384,0
1108,63665.395,,63949,1
1109,69542.16,,70026,0
1110,71900.086,,71581,0
1111,74569.86,,71580,0
1112,70825.6,,70883,0
1113,68559.24,,71017,0
1114,64515.688,,64460,1
1115,58566.203,,60773.996,1
1116,66100.266,,69717,0
1117,70810.71,,70442,0
1118,69095.414,,71041,0
1119,70439.18,,72047,0
1120,70451.52,,71063,0
1121,62770.168,,66881,0
1122,61802.92,,60439,1
1123,66106.664,,59601,1
1124,62410.117,,61236.996,0
1125,63715.61,,59051.996,1
1126,60782.973,,57167.996,1
1127,57819.76,,55679.996,1
1128,56158.816,,56187.996,0
1129,54916.418,,56241,0
1130,58135.312,,59685.996,0
1131,66233.73,,66858,0
1132,67536.83,,69377,0
1133,66723.41,,69252,0
1134,65720.875,,70086,0
1135,67805.305,,65106,0
1136,62539.863,,59906,0
1137,61200.016,,68641,0
1138,70133.82,,71042,0
1139,68288.82,,70625,0
1140,67659.664,,71136,0
1141,68596.734,,71221,0
1142,63861.547,,64658,0
1143,59169.46,,61821,0
1144,64941.395,,70109,0
1145,70042.72,,73122,1
1146,69031.48,,70224,0
1147,68769.664,,71101,0
1148,68092.086,,72910,0
1149,65739.195,,67661,0
1150,63162.953,,66699,0
1151,68183.984,,79382,1
1152,76163.94,,76158,1
1153,71183.586,,73656,0
1154,71072.984,,72975,0
1155,71344.055,,72603,0
1156,66230.83,,65917,0
1157,65639.21,,62272,1
1158,66152.48,,72584,0
1159,70897.53,,75291,0
1160,72822.484,,74975,0
1161,73336.336,,79952,1
1162,76898.61,,76213,0
1163,67253.8,,67236,0
1164,62028.65,,61326,1
1165,65672.81,,70750,0
1166,71326.2,,70730,0
1167,68654.92,,70936,0
1168,71637.61,,72651,0
1169,69958.31,,73394,0
1170,65452.223,,66074,0
1171,60780.23,,63720,1
1172,68198.766,,72020,0
1173,72162.734,,75731,1
1174,72597.45,,77630,1
1175,75653.31,,78407,1
1176,73491.49,,79386,1
1177,67273.56,,69395,0
1178,62711.508,,63983,1
1179,67947.02,,71683,0
1180,73958.14,,75135,0
1181,77430.36,,78429,1
1182,77681.23,,81150,1
1183,79913.04,,83128,1
1184,73873.86,,69013,0
1185,61669.17,,66442,1
1186,71691.875,,76433,0
1187,77108.04,,79757,0
1188,80511.914,,80535,0
1189,80939.39,,78434,0
1190,75464.11,,74855,0
1191,66278.36,,67514,1
1192,64625.29,,63405,1
1193,69953.13,,71129,0
1194,72897.586,,71863,0
1195,72213.54,,72795,0
1196,72121.77,,73477,0
1197,70764.484,,74035,0
1198,65526.453,,69367,0
1199,64003.758,,65296,1
1200,69911.21,,68196,0
1201,69105.95,,74589,0
1202,73729.47,,79488,1
1203,75973.95,,82858,1
1204,77534.586,,87259,1
1205,75230.38,,79014,0
1206,68697.51,,72677,0
1207,73374.08,,78461,0
1208,79938.336,,83594,1
1209,82935.28,,88164,1
1210,85129.25,,92035,1
1211,88964.59,,92567,1
1212,83852.14,,84300,0
1213,75477.59,,80713,0
1214,82861.086,,95870,1
1215,92654.56,,99676,1
1216,94587.13,,102492,1
1217,94693.92,,104681,1
1218,97629.22,,104832,1
1219,92789.61,,93242,0
1220,84828.69,,87728,0
1221,92975.734,,101268,0
1222,98417.11,,104708,1
1223,96958.41,,103939,0
1224,96105.586,,103759,0
1225,95750.44,,101726,0
1226,89387.82,,91074,0
1227,81716.875,,82739,1
1228,84141.06,,81644,1
1229,81270.29,,85387,0
1230,85573.375,,83975,0
1231,83806.17,,83737,0
1232,83567.46,,83726,0
1233,79330.42,,87460,0
1234,80042.38,,85810,0
1235,82735.875,,93277,0
1236,90949.82,,91432,0
1237,85532.87,,91035,0
1238,86114.13,,88771,0
1239,83800.35,,88090,0
1240,83278.22,,80449,1
1241,75423.2,,74946,1
1242,75197.56,,82554,0
1243,80748.734,,84953,0
1244,81439.4,,84701,0
1245,83303.42,,93182,0
1246,88552.98,,86456,0
1247,75692.375,,80801,0
1248,75174.98,,77114,1
1249,80736.484,,91073,0
1250,85727.33,,87669,0
1251,83633.18,,80950,0
1252,81890.38,,84404,0
1253,79857.15,,92929,1
1254,79697.31,,87213,0
1255,79279.12,,83981,0
1256,87778.414,,94170,1
1257,87894.93,,100181,1
1258,88831.57,,95989,0
1259,87446.766,,84893,0
1260,83077.9,,76231,1
1261,71350.51,,68329,1
1262,64968.52,,69365,1
1263,71455.22,,72840,0
1264,77725.32,,84475,0
1265,84677.44,,76993,0
1266,73822.44,,75591,0
1267,72223.24,,75731,0
1268,70051.07,,67835,1
1269,66025.484,,64404.996,1
1270,70914.96,,75686,0
1271,78642.04,,82651,0
1272,77267.125,,79799,0
1273,74666.695,,77199,0
1274,75445.13,,77924,0
1275,67194.51,,71272,0
1276,65271.98,,68787,0
1277,75056.58,,79109,0
1278,79612.08,,80565,0
1279,75842.91,,80326,0
1280,75955.93,,79635,0
1281,75361.24,,81643,0
1282,72967.305,,73659,0
1283,68657.086,,63769,1
1284,66564.4,,72028,0
1285,73412.05,,75468,0
1286,72486.63,,72441,0
1287,71532.79,,72365,0
1288,72465.805,,73503,0
1289,66328.66,,61846,1
1290,53924.766,,61586,1
1291,67512.914,,64337,0
1292,67622.375,,70580,0
1293,69067.58,,70452,0
1294,71227.234,,71250,0
1295,69864.92,,71941,0
1296,62573.195,,66773,0
1297,61777.97,,61609.996,1
1298,65105.9,,67226,0
1299,69336.09,,67264,0
1300,67527.26,,70686,0
1301,69390.41,,71541,0
1302,69501.11,,74489,0
1303,66476.67,,65990,0
1304,59332.066,,61480.004,1
1305,63490.816,,68927,0
1306,69477.445,,73180,0
1307,71452.37,,71643,0
1308,71063.2,,71395,0
1309,69810.625,,70583,0
1310,62581.402,,64542,1
1311,58603.043,,61723.996,1
1312,65976.79,,64344.004,0
1313,66697.81,,71172,0
1314,70133.25,,72143,0
1315,70601.36,,72489,0
1316,70046.766,,71787,0
1317,64187.906,,66277,0
1318,60390.984,,62735,1
1319,65629.01,,72688,0
1320,73635.44,,72945,0
1321,71371.35,,74584,1
1322,72040.67,,73560,0
1323,70163.11,,73553,0
1324,64965.906,,67909,0
1325,61948.195,,64315,1
1326,67980.09,,72979,0
1327,72027.734,,72910,0
1328,70171.73,,75563,1
1329,75074.73,,77289,1
1330,73009.59,,85052,1
1331,74590.805,,74764,0
1332,66669.38,,66428,1
1333,69347.69,,73086,0
1334,74458.64,,82815,1
1335,81032.41,,83819,1
1336,80961.21,,86431,1
1337,85647.65,,87490,1
1338,77940.13,,80160,0
1339,69293.48,,75818,0
1340,81040.29,,85326,0
1341,85700.07,,80793,0
1342,81544.52,,82436,0
1343,81912.29,,84221,0
1344,82414.625,,88114,1
1345,81031.984,,86403,0
1346,79629.33,,76893,0
1347,78123.47,,91390,1
1348,85650.38,,86328,0
1349,80119.9,,82310,0
1350,78962.4,,81170,0
1351,80080.87,,89090,1
1352,84679.82,,78454,0
1353,70895.836,,75423,1
1354,79500.16,,86564,0
1355,85309.03,,88947,0
1356,79936.62,,83227,0
1357,82003.8,,87961,0
1358,85546.49,,82509,0
1359,73656.39,,80890,0
1360,75500.38,,79672,0
1361,85107.38,,87886,0
1362,82784.48,,87803,0
1363,82138.32,,90902,1
1364,86860.336,,88473,0
1365,80660,,79824,0
1366,73765.14,,76246,1
1367,73003.91,,71523,1
1368,71435.32,,73433,1
1369,70575.88,,66657,1
1370,65020.33,,65874,1
1371,66923.47,,67003,1
1372,63161.71,,67812,0
1373,68922.836,,71524,0
1374,74539.4,,74496,0
1375,77333.95,,86622,1
1376,84397.95,,92868,1
1377,86413.75,,93206,1
1378,89004.984,,85530,0
1379,80173.27,,86680,0
1380,81823.1,,82136,0
1381,79983.805,,79220,0
1382,81003.95,,78141,0
1383,80086.484,,85948,0
1384,82658.34,,89613,0
1385,83417.875,,90943,0
1386,84012.68,,91101,0
1387,84163.375,,91726,0
1388,83254.86,,78994,0
1389,74540.625,,87122,0
1390,86659.97,,89601,0
1391,85777.14,,95650,1
1392,87970.555,,95211,1
1393,88693.74,,86515,0
1394,79244.87,,81689,0
1395,74630.734,,81839,0
1396,83404.46,,96589,1
1397,91515.27,,100472,1
1398,90206.47,,83342,0
1399,79804.43,,80107,0
1400,78465.12,,85274,0
1401,80203.664,,79631,0
1402,76953.195,,74777,1
1403,80064.64,,83316,0
1404,85560.016,,86385,0
1405,77393.91,,87039,0
1406,82426.016,,96793,1
1407,92585.33,,98628,1
1408,85085.67,,84411,0
1409,76722.15,,81916,0
1410,87350.945,,92471,0
1411,87807.54,,85143,0
1412,81217.23,,88017,0
1413,87854.9,,81416,0
1414,79176.32,,80393,0
1415,72739.695,,73580,1
1416,70773.734,,73799,1
1417,76745.25,,79822,0
1418,77559.99,,84408,0
1419,83656.59,,85260,0
1420,81943.18,,85045,0
1421,79983.77,,80988,0
1422,73344.445,,72747,1
1423,68239.16,,68171,1
1424,73032.03,,73157,0
1425,74182.445,,82022,0
1426,81875.71,,86195,0
1427,81914.25,,86150,0
1428,80348.08,,86915,0
1429,75988.45,,76060,0
1430,67651.43,,67371,1
1431,69825.28,,84425,0
1432,84630.29,,79360,0
1433,77310.48,,84334,0
1434,82326.63,,82549,0
1435,79346.36,,81707,0
1436,69248.195,,77405,0
1437,69432.18,,75864,0
1438,81546.92,,76855,0
1439,74313.3,,77130,0
1440,77023.46,,71298,1
1441,70429.25,,74862,0
1442,72257.43,,74675,0
1443,71629.74,,80808,0
1444,77547.85,,72533,0
1445,71302.95,,82835,0
1446,78671.484,,84476,1
1447,75483.516,,76943,0
1448,73978.25,,73711,0
1449,73499.06,,66697,1
1450,64542.164,,64708.004,1
1451,61863.633,,60689.996,1
1452,64296.215,,74142,0
1453,74724.57,,78772,0
1454,75394.06,,77845,0
1455,75866.61,,73749,0
1456,70033.7,,72428,0
1457,66350.61,,65334,1
1458,63969.07,,78157,0
1459,81859.266,,83383,1
1460,82007.52,,80908,0
1461,75843.78,,80114,0
1462,75862.09,,74014,0
1463,65998.29,,74017,0
1464,67358.56,,63442.996,1
1465,66361.16,,64389.996,1
1466,68777.73,,72418,0
1467,73039.62,,73380,0
1468,71586.164,,70555,0
1469,68170.16,,69995,0
1470,69313.805,,71634,0
1471,64413.844,,65065.996,1
1472,62212.555,,64088,1
1473,71025.195,,81206,1
1474,77832.516,,74449,0
1475,69134.66,,70745,0
1476,69401.836,,71011,0
1477,71215.414,,70733,0
1478,63916.93,,67174,0
1479,65431.348,,58631.004,1
1480,68081.52,,73786,0
1481,72844.62,,68284,0
1482,64291.78,,68045,0
1483,68651.82,,68236,0
1484,66600.77,,68300,0
1485,62913.496,,61370,1
1486,57364.77,,56659.996,1
1487,64451.97,,65812,0
1488,65988.79,,65734,0
1489,63254.867,,59673,1
1490,60929.062,,60934,0
1491,63079.664,,59439.004,0
1492,55683.547,,55362,1
1493,52843,,52843,1
1494,61367.355,,53336,1
1495,57345.34,,54250,0
1496,54899.6,,55413,0
1497,60475.887,,58453.996,0
1498,61540.234,,59907,0
1499,60326.062,,56957.004,0
1500,55833.04,,55772.996,0
1501,57518.797,,65868,1
1502,68397.05,,66190,0
1503,64421.234,,66652,0
1504,66679.37,,65053,0
1505,62556.3,,65533,0
1506,60082.168,,59438,0
1507,56820.508,,56975.004,0
1508,60321.805,,65383,0
1509,66533.42,,66510,0
1510,64869.223,,65796,0
1511,64931.55,,68084,0
1512,65566.93,,65158.996,0
1513,58922.316,,58519.996,0
1514,56165,,55793.996,1
1515,60632.418,,64981.996,0
1516,65596.99,,67284,0
1517,64860.477,,67310,0
1518,66869.01,,65715,0
1519,62235.43,,65363.004,0
1520,58319.93,,59867,0
1521,56094.336,,56565,1
1522,61851.277,,66993,0
1523,68969.71,,70445,1
1524,68249.38,,72322,1
1525,69180.445,,72578,1
1526,67973.18,,74592,1
1527,63434.72,,66034,0
1528,59119.69,,59460.996,1
1529,64620.1,,70946,0
1530,72932.64,,76978,1
1531,78237.21,,78253,1
1532,76138.34,,79754,1
1533,78781.76,,80957,1
1534,71507.85,,66598,0
1535,58371.418,,61964.004,1
1536,70712.695,,79314,1
1537,80632.49,,78265,0
1538,77087.13,,74579,0
1539,75748.97,,72781,0
1540,72352.945,,68943,0
1541,61706.543,,63641.004,1
1542,62935.652,,60349,1
1543,71403.12,,68404,0
1544,71046.94,,71651,0
1545,69208.414,,72037,0
1546,71614.016,,70696,0
1547,66871.14,,76101,0
1548,69184.37,,70954,0
1549,64888.902,,63851.004,1
1550,68480.97,,74219,0
1551,74512.27,,77018,1
1552,73956.55,,79003,1
1553,75393.73,,80847,1
1554,78060.05,,76012,0
1555,66920.55,,67943,0
1556,60882.133,,66411,0
1557,73969.99,,77600,0
1558,77373.03,,83653,1
1559,81685.305,,81110,0
1560,78448.945,,78875,0
1561,74712.95,,79287,0
1562,71366.35,,75049,0
1563,70459.86,,71623,0
1564,73571.72,,71888,0
1565,73273.6,,75111,0
1566,73914.85,,73088,0
1567,70909.58,,71360,0
1568,69894.51,,70357,0
1569,67358.39,,64809,1
1570,61416.027,,66371,1
1571,66528.695,,82533,1
1572,78851.28,,81210,1
1573,72829.96,,85091,1
1574,78764.05,,72242,0
1575,68133.695,,69944,0
1576,64721.754,,70816,0
1577,73624.72,,69940,0
1578,76261.95,,81637,1
1579,82767.74,,84364,1
1580,83307.13,,75800,0
1581,68597.57,,74557,0
1582,70057.375,,78481,0
1583,76239.11,,72700,0
1584,69244.19,,70561,0
1585,75304.31,,85552,1
1586,84671.266,,92096,1
1587,82416.51,,95595,1
1588,86641.85,,95022,1
1589,89266.77,,95210,1
1590,83976.16,,81280,0
1591,75962.42,,79838,0
1592,85263.91,,86669,0
1593,89901.65,,96287,1
1594,92407.336,,92852,0
1595,87880.69,,89163,0
1596,85086.125,,87337,0
1597,78611.64,,89731,0
1598,81884.82,,88941,0
1599,86862.4,,102687,1
1600,95887.305,,101865,1
1601,94009.19,,99024,0
1602,87316.52,,101777,0
1603,95247.92,,103416,1
1604,93202.77,,89563,0
1605,84008.07,,74958,1
1606,76102.97,,90551,0
1607,91200.25,,92885,0
1608,86194.875,,96404,0
1609,91951.586,,99878,0
1610,94259.586,,101360,0
1611,87067.086,,92566,0
1612,79940.016,,87688,0
1613,91611.06,,91924,0
1614,87495.58,,83484,1
1615,80453.46,,91241,0
1616,89623.06,,96444,0
1617,89429.43,,99330,0
1618,89231.61,,87138,0
1619,81534.586,,75755,1
1620,71574.88,,90259,0
1621,84212.21,,97159,0
1622,93855.86,,96903,0
1623,92375.336,,92257,0
1624,89446.66,,95095,0
1625,83541.98,,74975,1
1626,60292.344,,68696,1
1627,75740.87,,77537,0
1628,81371.266,,78659,0
1629,77686.3,,77728,0
1630,79368.055,,81563,0
1631,81395.12,,90522,0
1632,75927.1,,73058,1
1633,62398.652,,62825,1
1634,70795.25,,64574,1
1635,65729.51,,66748,0
1636,68286.87,,71974,0
1637,76469.38,,71240,0
1638,75886.23,,71007,0
1639,63705.145,,63759,1
1640,55583.06,,59893.004,1
1641,61744.914,,68858,0
1642,71568.6,,68631,0
1643,70447.44,,68260,0
1644,69113.44,,69848,0
1645,68639.586,,70415,0
1646,62934.914,,63916,0
1647,58276.63,,60779.996,1
1648,67140.375,,70531,0
1649,69984.51,,70291,0
1650,68151.19,,70212,0
1651,69635.3,,71249,0
1652,68382.9,,72196,0
1653,63881.61,,66246,0
1654,60893.836,,60297,1
1655,64749.85,,69386,0
1656,69855.7,,72074,0
1657,69290.47,,69987,0
1658,69360.05,,70598,0
1659,68767.98,,69156,0
1660,62040.19,,67475,0
1661,61109.406,,61347,1
1662,65118.504,,72608,0
1663,73029.01,,71687,0
1664,68064.82,,70333,0
1665,69124.23,,71052,0
1666,68410.99,,71999,0
1667,65289.69,,62928.996,1
1668,58264.82,,60094.996,1
1669,66125.51,,69083,0
1670,69126.47,,70542,0
1671,66973.88,,70739,0
1672,71162.88,,70150,0
1673,68688.82,,70575,0
1674,61980.098,,64500.996,0
1675,59541.75,,62052,1
1676,68086.39,,69889,0
1677,70086.85,,67481,0
1678,66591.51,,71788,0
1679,70615.42,,73030,1
1680,69418.8,,74589,1
1681,65248.867,,67320,0
1682,62090.504,,61603.996,1
1683,63632.527,,71524,0
1684,70997.445,,75237,1
1685,74433.8,,76830,1
1686,73159.25,,80280,1
1687,77903.555,,74982,0
1688,68718.75,,66571,0
1689,60545.094,,63830.004,1
1690,70299.43,,72184,0
1691,73053.95,,73122,0
1692,74560.52,,73072,0
1693,74410.06,,71653,0
1694,68285.96,,70966,0
1695,64617.863,,63358.996,1
1696,62331.766,,61912,1
1697,67391.88,,64278.004,0
1698,67021.07,,75509,1
1699,72925.02,,78692,1
1700,74006.74,,75453,0
1701,70534.625,,77541,0
1702,69141.555,,69945,0
1703,63491.06,,69383,0
1704,71459.93,,79364,1
1705,80856.79,,81401,1
1706,81680.414,,86457,1
1707,82363.15,,86201,1
1708,80410.26,,84328,0
1709,75057.39,,81916,0
1710,78641.02,,74365,0
1711,77383.59,,83114,0
1712,83981.055,,82785,0
1713,81457.766,,85422,0
1714,83115.04,,86237,0
1715,82220.695,,85119,0
1716,77904.98,,75754,0
1717,69449.73,,72199,1
1718,73844.52,,86536,0
1719,83967.92,,91814,1
1720,84290.08,,95077,1
1721,89163.9,,97806,1
1722,88268.12,,95474,1
1723,79492.83,,87687,0
1724,79701.21,,85015,0
1725,91395.195,,95703,1
1726,92148.06,,96024,0
1727,92507.85,,92244,0
1728,88655.87,,91326,0
1729,87242.21,,86052,0
1730,77963.14,,81185,0
1731,76760.92,,75963,1
1732,79135.13,,79014,0
1733,80073.305,,75651,1
1734,72939.94,,72885,1
1735,71646.14,,76065,0
1736,74994.99,,72598,1
1737,66145.08,,72828,0
1738,72086.586,,75338,0
1739,79374.49,,80270,0
1740,76512.96,,88676,1
1741,86567.984,,94297,1
1742,87868.21,,94060,1
1743,85434.3,,100194,1
1744,95134.89,,92563,0
1745,83210.67,,87743,0
1746,87273.97,,94741,0
1747,93708.234,,103521,1
1748,97539.99,,96639,0
1749,88365.19,,92320,0
1750,91283.93,,94532,0
1751,,,79933,1
1752,,,80017,0
1753,,,95060,0
1754,,,97888,0
1755,,,98728,0
1756,,,96809,0
1757,,,90882,0
1758,,,85777,0
1759,,,85430,0
1760,,,88396,0
1761,,,92017,0
1762,,,86761,0
1763,,,96598,0
1764,,87951.49,92969,0
1765,,84140.92,87573,0
1766,,82613.97,82057,1
1767,,80291.62,93195,0
1768,,88692.72,88205,0
1769,,81559.625,91611,0
1770,,91226.13,91943,0
1771,,86720.51,90545,0
1772,,80011.27,77609,1
1773,,70734.25,72998,1
1774,,76522.33,90513,0
1775,,85843.44,95474,0
1776,,90621.875,92743,0
1777,,89103.266,83609,0
1778,,79870.03,89225,0
1779,,78185.45,76537,1
1780,,66891.266,68647,1
1781,,77793.38,81946,0
1782,,83544.38,81667,0
1783,,78035.54,87599,0
1784,,82779.99,93648,1
1785,,88496.18,90571,0
1786,,76005.01,77201,1
1787,,68958.695,66708,1
1788,,74432.914,73719,0
1789,,73302.586,73314,0
1790,,75732.61,86944,0
1791,,87722.72,88953,0
1792,,83710.53,87474,0
1793,,75092.16,81778,0
1794,,74000.78,76716,0
1795,,76219.46,80957,0
1796,,78728.44,79074,0
1797,,81953.97,85066,0
1798,,83364.836,84949,0
1799,,78926.41,80265,0
1800,,73713.016,69678,1
1801,,62913.434,72074,1
1802,,71801.99,87195,0
1803,,82899.805,83744,0
1804,,81545.3,78965,0
1805,,79291.67,81407,0
1806,,77036.34,78199,0
1807,,66461.91,74841,0
1808,,73080.63,66776,1
1809,,75096.22,75867,0
1810,,74591.305,75758,0
1811,,72877.57,74114,0
1812,,73357.92,75377,0
1813,,72662.37,73595,0
1814,,67771.29,65813,1
1815,,59898.45,64634,1
1816,,69166.88,74036,0
1817,,73620.55,76798,0
1818,,73447.11,74236,0
1819,,74036.5,73353,0
1820,,70712.47,72891,0
1821,,64209.13,66997,1
1822,,63258.234,63067.004,1
1823,,69480.91,68935,0
1824,,69991.91,68876,0
1825,,67583.445,67839,0
1826,,67385.47,68292,0
1827,,68232.16,68781,0
1828,,62508.902,61381.004,1
1829,,57971.25,59273,1
1830,,65362.27,70436,0
1831,,69845.305,74263,0
1832,,71333.055,71204,0
1833,,69250.33,71370,0
1834,,69571.42,72642,0
1835,,63393.777,66984,0
1836,,61451.34,62865,1
1837,,69962.57,70543,0
1838,,71199.62,72269,0
1839,,69168.63,72108,0
1840,,70130.99,73376,0
1841,,70672.89,72499,0
1842,,64564.43,65890,0
1843,,60375.438,60520,1
1844,,64263.06,68933,0
1845,,70315.03,69759,0
1846,,68008.59,68976,0
1847,,69340.88,68916,0
1848,,67114.24,68719,0
1849,,61722.285,62040,1
1850,,57552.336,59140,1
1851,,64073.938,68164,0
1852,,68900.88,69321,0
1853,,66890.305,67160,0
1854,,67199.26,63699,0
1855,,63695.965,63492,0
1856,,57921.43,57154,1
1857,,55214.312,54744,1
1858,,63409.25,55772.996,1
1859,,60123.312,55845.004,1
1860,,57230.203,56395.004,0
1861,,60123.57,62901.996,0
1862,,64909.535,64445,0
1863,,61606.195,60346,0
1864,,59272.645,58982,0
1865,,60875.54,66901,0
1866,,66016.74,67741,0
1867,,66999.95,67450,0
1868,,68399.484,69360,1
1869,,70486.56,69831,0
1870,,63809.37,62566,0
1871,,59606.91,59307.004,0
1872,,61868.707,71179,1
1873,,69726.664,72422,1
1874,,66274.68,70388,0
1875,,67163.08,70044,0
1876,,69328.586,72432,0
1877,,65369.543,63100.004,0
1878,,60927.574,59944.996,1
1879,,65408.805,69732,0
1880,,70427.52,72343,0
1881,,70120.83,70260,0
1882,,69709.55,70444,0
1883,,69355.82,69206,0
1884,,61182.95,63117,0
1885,,58625.383,60966.004,1
1886,,66490.414,69015,0
1887,,70074.38,71183,0
1888,,68552.63,71081,0
1889,,69805.32,72543,0
1890,,68600.85,73477,0
1891,,64905.57,63695.004,1
1892,,59394.184,61428,1
1893,,66083.234,72528,0
1894,,71652.836,77592,1
1895,,72680.81,76407,1
1896,,73561.07,77582,1
1897,,73431.63,76372,0
1898,,64522.21,66671,0
1899,,62040.273,64680,0
1900,,73504.08,73842,0
1901,,76317.45,77733,1
1902,,76861.55,75176,0
1903,,73893.586,74095,0
1904,,72528.805,74432,0
1905,,66871.94,65435.004,1
1906,,62519.203,63445,1
1907,,67397.75,73645,0
1908,,73780.84,75819,0
1909,,74166.41,74225,0
1910,,72500.195,75177,0
1911,,73815.78,75410,0
1912,,65716.555,68527,0
1913,,63873.727,65109,1
1914,,71606.03,77389,1
1915,,76471.63,76541,0
1916,,72124.43,73131,0
1917,,71826.57,74311,0
1918,,72304.23,74700,0
1919,,67967.76,68047,1
1920,,62563.22,63364.996,1
1921,,68703.69,74343,0
1922,,74786.8,80379,1
1923,,73868.14,83839,1
1924,,81131.78,79730,0
1925,,74481.914,79959,0
1926,,71466.07,79897,0
1927,,74820.13,73461,0
1928,,76165.82,84904,1
1929,,84237.65,83847,1
1930,,83429.28,83405,0
1931,,78050.38,85164,0
1932,,80861.37,91079,1
1933,,85068.1,81639,0
1934,,73948.945,80125,0
1935,,81453.59,97420,1
1936,,92830.6,97945,1
1937,,88387.19,95945,1
1938,,88544.21,88206,0
1939,,85424.71,85542,0
1940,,78748.37,82759,0
1941,,80467.02,80767,0
1942,,86898.445,89337,0
1943,,87227.984,85513,0
1944,,81703.05,93244,0
1945,,87928.484,92793,0
1946,,83860.99,89302,0
1947,,82395.33,81623,0
1948,,78181.45,82811,0
1949,,83196.19,95345,1
1950,,87613.84,99359,1
1951,,91387.41,101097,1
1952,,91464.164,100527,1
1953,,89093.414,99604,0
1954,,89327.086,85307,0
1955,,82057.29,75686,1
1956,,78994.23,82315,0
1957,,85300.05,92891,0
1958,,89325.7,86637,0
1959,,84936.266,76548,1
1960,,76021.79,66219,1
1961,,59635.895,63895,1
1962,,59234.355,59707.004,1
1963,,66446.79,66436,0
1964,,76687.375,74737,0
1965,,78724.805,84038,0
1966,,78877.81,89763,0
1967,,81631.87,92518,0
1968,,82856.52,81159,0
1969,,75288.93,79814,0
1970,,80475.15,88990,0
1971,,85756.305,90192,0
1972,,86134.84,95855,1
1973,,91910.78,103834,1
1974,,93500.95,102898,1
1975,,85734.19,92290,0
1976,,84154.85,80669,0
1977,,82503.734,99282,0
1978,,95623.43,91600,0
1979,,87386.03,77566,1
1980,,78399.34,73623,1
1981,,75731.02,72419,1
1982,,65632.06,65324.004,1
1983,,60008.945,61755,1
1984,,73267.49,69707,0
1985,,75420.77,70444,0
1986,,67479.02,71247,0
1987,,75142.96,72539,0
1988,,72779.98,78610,0
1989,,74889.64,70394,0
1990,,67903.23,67165,0
1991,,70980.86,78359,0
1992,,75880.336,75835,0
1993,,71275.78,76889,0
1994,,75261.83,74361,0
1995,,72817.09,72476,0
1996,,64693.43,69168,0
1997,,65541.92,64972.004,1
1998,,67546.2,66243,0
1999,,66126.32,74170,0
2000,,73197.56,80918,1
2001,,74856.12,79801,0
2002,,73114.09,80092,0
2003,,73362.16,65732,1
2004,,56880.523,60246,1
2005,,60321.996,68784,0
2006,,71709.016,71062,0
2007,,71490.484,72515,0
2008,,73806.7,74592,0
2009,,73504.2,71893,0
2010,,60981.926,66037,0
2011,,59290.484,62718.996,1
2012,,68604.5,75380,0
2013,,74572.46,77954,0
2014,,76023.42,75990,0
2015,,73823.57,72029,0
2016,,67608.14,77165,0
2017,,68371.16,66357,1
2018,,59902.855,63047,1
2019,,69422.266,75859,0
2020,,75696.164,73542,0
2021,,68375.78,71206,0
2022,,70200.695,70821,0
2023,,71488.02,71389,0
2024,,61950.977,64530.996,1
2025,,60465.18,61103,1
2026,,70017.65,68187,0
2027,,67505.47,72919,0
2028,,70915.85,70068,0
2029,,68811.56,71070,0
2030,,69730.41,75757,1
2031,,67158.13,64911,1
2032,,59380.824,62291.996,1
2033,,67578.74,72258,0
2034,,72616.15,72587,0
2035,,69228.98,72934,0
2036,,73428.25,70868,0
2037,,71380.76,70230,0
2038,,60929.695,63693,1
2039,,62057.867,63289.996,1
2040,,69972.26,70293,0
2041,,69822.64,70780,0
2042,,69666.484,66417,0
2043,,65425.348,70708,0
2044,,69288.92,70495,0
2045,,62866.645,64019,1
2046,,61382.19,62177.004,1
2047,,68615.15,70728,0
2048,,69034.664,74372,1
2049,,70022.766,71347,0
2050,,70721.38,72088,0
2051,,70763.65,72355,0
2052,,63868.89,65456.004,0
2053,,61284.47,63206,1
2054,,67775.57,72001,0
2055,,71948.984,74159,1
2056,,73370.47,74354,0
2057,,72912.68,75893,1
2058,,74131.35,75572,0
2059,,67505.164,67429,0
2060,,63501.785,65907,0
2061,,70527.35,75709,1
2062,,74627.85,70972,0
2063,,68635.03,77452,1
2064,,77018.734,78513,1
2065,,76035.91,77108,0
2066,,68541.07,73019,0
2067,,70772.02,71387,0
2068,,72432.99,84620,1
2069,,82048.88,83761,1
2070,,78630.96,77577,0
2071,,75953.625,81059,0
2072,,78991.234,81590,0
2073,,74559.09,74170,0
2074,,71377.61,73347,0
2075,,77136.25,86732,1
2076,,84189.46,83465,0
2077,,76687.71,87604,1
2078,,85083.39,83994,0
2079,,80024.77,85444,0
2080,,76872.97,76194,0
2081,,73005.97,70849,1
2082,,73332.35,83009,0
2083,,81078.18,94748,1
2084,,87032.11,89004,0
2085,,85652.375,87776,0
2086,,81916.445,87295,0
2087,,79185.36,84914,0
2088,,75397.4,82697,0
2089,,85666.24,91752,1
2090,,89469.984,89634,0
2091,,83959.31,89283,0
2092,,83392.125,89970,0
2093,,85810.38,87633,0
2094,,79744.69,77469,1
2095,,72055.1,82341,0
2096,,83074.1,95341,1
2097,,90733.81,91455,0
2098,,84881.11,83321,0
2099,,83396.37,74916,1
2100,,68284.63,77522,0
2101,,71002.87,74952,1
2102,,74161.79,75147,0
2103,,80158.14,74114,0
2104,,76445.78,81826,0
2105,,77339.09,92763,1
2106,,85075.04,107789.99,1
2107,,94668.336,104029,1
2108,,91321.9,90083,0
2109,,86478.9,81584,0
2110,,77785.46,84181,0
2111,,84772.24,96961,0
2112,,93777.32,96639,0
2113,,94592.234,98442,0
2114,,91597.125,99799,0
2115,,88149.56,89589,0
2116,,77869.695,83137,0
2117,,80592.05,95349,0
2118,,93253.305,98652,0
2119,,90787.37,101077,0
2120,,93324.17,101762,0
2121,,93605.46,102743,0
2122,,88374.016,90377,0
2123,,81485.38,86893,0
2124,,87968.03,94601,0
2125,,90809.65,98737,0
2126,,91472.85,95910,0
2127,,90685.65,94989,0
2128,,88964.66,93255,0
2129,,82933.12,85774,1
2130,,77362.016,84338,1
2131,,84081.39,95203,0
2132,,90695.37,95431,0
2133,,89796.37,95085,0
2134,,91205.26,96050,0
2135,,89943.086,96845,0
2136,,84774.32,89747,0
2137,,85066.15,88724,0
2138,,90381.26,98398,0
2139,,91203.5,98335,0
2140,,90358.39,94857,0
2141,,88940.31,105259,1
2142,,94782.125,90904,0
2143,,79881.5,86332,1
2144,,81568.06,89010,0
2145,,91011.14,97440,0
2146,,90561.68,97166,0
2147,,90848.46,93849,0
2148,,91572.234,97172,0
2149,,87105.914,95884,0
2150,,85189.914,88266,1
2151,,87565.18,82063,1
2152,,81978.07,96894,0
2153,,92694.016,98025,0
2154,,90030.875,90603,0
2155,,87939.21,96746,0
2156,,92086.59,92102,0
2157,,80043.43,79060,1
2158,,71590.19,73034,1
2159,,81432.37,83196,0
2160,,81923.7,82731,0
2161,,78990.99,80093,0
2162,,82789.38,80667,0
2163,,78935.77,83815,0
2164,,72813.95,71559,1
2165,,64853.574,71234,1
2166,,77509.32,84571,0
2167,,82024.945,89809,0
2168,,84602.85,84306,0
2169,,81519.12,83497,0
2170,,81025.03,78619,0
2171,,66680.25,66225,1
2172,,61182.953,63111,1
2173,,72908.45,69441,0
2174,,72042.01,72343,0
2175,,71825.99,72762,0
2176,,73082.33,72070,0
2177,,69894.85,86522,1
2178,,73616.45,71255,0
2179,,63627.664,66918,0
2180,,71966.086,70456,0
2181,,72249.13,89145,1
2182,,84463.664,88273,1
2183,,81010.64,82253,0
2184,,80203.81,77084,0
2185,,69370.125,67733,1
2186,,57187.86,60674.996,1
2187,,62840.566,70464,0
2188,,75730.45,78328,0
2189,,79559.46,71904,0
2190,,,69247,0
