ダウンロードした時刻: 2022/05/23 10:57:56,,,,,,,,,,,,
,,,,,,,,,,,,↓この列は手動
,東京,東京,東京,東京,東京,東京,東京,東京,東京,東京,,
年月日時,気温(℃),気温(℃),気温(℃),降水量(mm),降水量(mm),降水量(mm),降水量(mm),天気,天気,天気,,
,,品質情報,均質番号,,現象なし情報,品質情報,均質番号,,品質情報,均質番号,,実績(万kW)
2022/1/1 0:00:00,0.1,8,1,0,1,8,1,,0,1,,3266
2022/1/1 1:00:00,0.7,8,1,0,1,8,1,,0,1,,3062
2022/1/1 2:00:00,0.5,8,1,0,1,8,1,,0,1,,2929
2022/1/1 3:00:00,0.5,8,1,0,1,8,1,1,8,1,,2828
2022/1/1 4:00:00,0.3,8,1,0,1,8,1,,0,1,,2786
2022/1/1 5:00:00,-0.2,8,1,0,1,8,1,,0,1,,2828
2022/1/1 6:00:00,-0.2,8,1,0,1,8,1,1,8,1,,2985
2022/1/1 7:00:00,-0.5,8,1,0,1,8,1,,0,1,,3214
2022/1/1 8:00:00,1.5,8,1,0,1,8,1,,0,1,,3293
2022/1/1 9:00:00,3.8,8,1,0,1,8,1,1,8,1,,3176
2022/1/1 10:00:00,5,8,1,0,1,8,1,,0,1,,3032
2022/1/1 11:00:00,6.1,8,1,0,1,8,1,,0,1,,2906
2022/1/1 12:00:00,6.8,8,1,0,1,8,1,1,8,1,,2810
2022/1/1 13:00:00,7.3,8,1,0,1,8,1,,0,1,,2739
2022/1/1 14:00:00,7.1,8,1,0,1,8,1,,0,1,,2743
2022/1/1 15:00:00,6.3,8,1,0,1,8,1,1,8,1,,2873
2022/1/1 16:00:00,5.6,8,1,0,1,8,1,,0,1,,3140
2022/1/1 17:00:00,4.9,8,1,0,1,8,1,,0,1,,3472
2022/1/1 18:00:00,4.4,8,1,0,1,8,1,1,8,1,,3561
2022/1/1 19:00:00,3.6,8,1,0,1,8,1,,0,1,,3584
2022/1/1 20:00:00,3,8,1,0,1,8,1,,0,1,,3589
2022/1/1 21:00:00,3.5,8,1,0,1,8,1,1,8,1,,3538
2022/1/1 22:00:00,3.8,8,1,0,1,8,1,,0,1,,3372
2022/1/1 23:00:00,3.9,8,1,0,1,8,1,,0,1,,3226
2022/1/2 00:00:00,3,8,1,0,1,8,1,,0,1,,2974
2022/1/2 1:00:00,2.6,8,1,0,1,8,1,,0,1,,2833
2022/1/2 2:00:00,1.8,8,1,0,1,8,1,,0,1,,2765
2022/1/2 3:00:00,2.2,8,1,0,1,8,1,1,8,1,,2717
2022/1/2 4:00:00,1.3,8,1,0,1,8,1,,0,1,,2695
2022/1/2 5:00:00,0.9,8,1,0,1,8,1,,0,1,,2751
2022/1/2 6:00:00,0.9,8,1,0,1,8,1,4,8,1,,2937
2022/1/2 7:00:00,0.9,8,1,0,1,8,1,,0,1,,3218
2022/1/2 8:00:00,1.4,8,1,0,1,8,1,,0,1,,3459
2022/1/2 9:00:00,2.2,8,1,0,1,8,1,4,8,1,,3460
2022/1/2 10:00:00,3.2,8,1,0,1,8,1,,0,1,,3263
2022/1/2 11:00:00,4.9,8,1,0,1,8,1,,0,1,,3070
2022/1/2 12:00:00,6.8,8,1,0,1,8,1,2,8,1,,2952
2022/1/2 13:00:00,7.3,8,1,0,1,8,1,,0,1,,2853
2022/1/2 14:00:00,6.8,8,1,0,1,8,1,,0,1,,2819
2022/1/2 15:00:00,6.7,8,1,0,1,8,1,1,8,1,,2916
2022/1/2 16:00:00,6.8,8,1,0,1,8,1,,0,1,,3136
2022/1/2 17:00:00,5.7,8,1,0,1,8,1,,0,1,,3454
2022/1/2 18:00:00,4.9,8,1,0,1,8,1,1,8,1,,3563
2022/1/2 19:00:00,3.7,8,1,0,1,8,1,,0,1,,3590
2022/1/2 20:00:00,4.6,8,1,0,1,8,1,,0,1,,3594
2022/1/2 21:00:00,4.4,8,1,0,1,8,1,1,8,1,,3528
2022/1/2 22:00:00,2,8,1,0,1,8,1,,0,1,,3374
2022/1/2 23:00:00,1.6,8,1,0,1,8,1,,0,1,,3226
2022/1/3 00:00:00,1.4,8,1,0,1,8,1,,0,1,,2968
2022/1/3 1:00:00,2.6,8,1,0,1,8,1,,0,1,,2799
2022/1/3 2:00:00,2.6,8,1,0,1,8,1,,0,1,,2714
2022/1/3 3:00:00,2.1,8,1,0,1,8,1,1,8,1,,2659
2022/1/3 4:00:00,3.4,8,1,0,1,8,1,,0,1,,2638
2022/1/3 5:00:00,3.9,8,1,0,1,8,1,,0,1,,2702
2022/1/3 6:00:00,2.9,8,1,0,1,8,1,1,8,1,,2907
2022/1/3 7:00:00,3.2,8,1,0,1,8,1,,0,1,,3177
2022/1/3 8:00:00,4.2,8,1,0,1,8,1,,0,1,,3307
2022/1/3 9:00:00,5.7,8,1,0,1,8,1,1,8,1,,3257
2022/1/3 10:00:00,6.5,8,1,0,1,8,1,,0,1,,3132
2022/1/3 11:00:00,9,8,1,0,1,8,1,,0,1,,3007
2022/1/3 12:00:00,9.7,8,1,0,1,8,1,1,8,1,,2923
2022/1/3 13:00:00,10.1,8,1,0,1,8,1,,0,1,,2842
2022/1/3 14:00:00,9.6,8,1,0,1,8,1,,0,1,,2834
2022/1/3 15:00:00,8.8,8,1,0,1,8,1,1,8,1,,2926
2022/1/3 16:00:00,8.2,8,1,0,1,8,1,,0,1,,3169
2022/1/3 17:00:00,6.3,8,1,0,1,8,1,,0,1,,3499
2022/1/3 18:00:00,5.5,8,1,0,1,8,1,2,8,1,,3601
2022/1/3 19:00:00,5.9,8,1,0,1,8,1,,0,1,,3609
2022/1/3 20:00:00,5.2,8,1,0,1,8,1,,0,1,,3586
2022/1/3 21:00:00,5.1,8,1,0,1,8,1,1,8,1,,3480
2022/1/3 22:00:00,4.5,8,1,0,1,8,1,,0,1,,3276
2022/1/3 23:00:00,4.5,8,1,0,1,8,1,,0,1,,3102
2022/1/4 00:00:00,3.6,8,1,0,1,8,1,,0,1,,2872
2022/1/4 1:00:00,2.8,8,1,0,1,8,1,,0,1,,2739
2022/1/4 2:00:00,2.5,8,1,0,1,8,1,,0,1,,2695
2022/1/4 3:00:00,2.2,8,1,0,1,8,1,1,8,1,,2670
2022/1/4 4:00:00,1.4,8,1,0,1,8,1,,0,1,,2697
2022/1/4 5:00:00,1,8,1,0,1,8,1,,0,1,,2863
2022/1/4 6:00:00,0.8,8,1,0,1,8,1,1,8,1,,3227
2022/1/4 7:00:00,1,8,1,0,1,8,1,,0,1,,3567
2022/1/4 8:00:00,3.1,8,1,0,1,8,1,,0,1,,3744
2022/1/4 9:00:00,7.1,8,1,0,1,8,1,1,8,1,,3693
2022/1/4 10:00:00,8.6,8,1,0,1,8,1,,0,1,,3518
2022/1/4 11:00:00,10.2,8,1,0,1,8,1,,0,1,,3423
2022/1/4 12:00:00,11.2,8,1,0,1,8,1,1,8,1,,3315
2022/1/4 13:00:00,12.1,8,1,0,1,8,1,,0,1,,3308
2022/1/4 14:00:00,10.1,8,1,0,1,8,1,,0,1,,3335
2022/1/4 15:00:00,8.6,8,1,0,1,8,1,1,8,1,,3464
2022/1/4 16:00:00,7.4,8,1,0,1,8,1,,0,1,,3724
2022/1/4 17:00:00,6.5,8,1,0,1,8,1,,0,1,,4020
2022/1/4 18:00:00,5.6,8,1,0,1,8,1,1,8,1,,4086
2022/1/4 19:00:00,4.8,8,1,0,1,8,1,,0,1,,4071
2022/1/4 20:00:00,4.3,8,1,0,1,8,1,,0,1,,4004
2022/1/4 21:00:00,3.3,8,1,0,1,8,1,1,8,1,,3849
2022/1/4 22:00:00,3.3,8,1,0,1,8,1,,0,1,,3589
2022/1/4 23:00:00,3.2,8,1,0,1,8,1,,0,1,,3353
2022/1/5 00:00:00,2.9,8,1,0,1,8,1,,0,1,,3073
2022/1/5 1:00:00,3.1,8,1,0,1,8,1,,0,1,,2926
2022/1/5 2:00:00,3.1,8,1,0,1,8,1,,0,1,,2869
2022/1/5 3:00:00,2.9,8,1,0,1,8,1,1,8,1,,2835
2022/1/5 4:00:00,3.5,8,1,0,1,8,1,,0,1,,2866
2022/1/5 5:00:00,2.3,8,1,0,1,8,1,,0,1,,3074
2022/1/5 6:00:00,1.6,8,1,0,1,8,1,1,8,1,,3542
2022/1/5 7:00:00,1.2,8,1,0,1,8,1,,0,1,,4013
2022/1/5 8:00:00,2.4,8,1,0,1,8,1,,0,1,,4325
2022/1/5 9:00:00,4.1,8,1,0,1,8,1,1,8,1,,4382
2022/1/5 10:00:00,5.8,8,1,0,1,8,1,,0,1,,4261
2022/1/5 11:00:00,6.9,8,1,0,1,8,1,,0,1,,4146
2022/1/5 12:00:00,7.7,8,1,0,1,8,1,1,8,1,,3995
2022/1/5 13:00:00,8,8,1,0,1,8,1,,0,1,,3984
2022/1/5 14:00:00,7.9,8,1,0,1,8,1,,0,1,,3993
2022/1/5 15:00:00,6.7,8,1,0,1,8,1,1,8,1,,4102
2022/1/5 16:00:00,5.8,8,1,0,1,8,1,,0,1,,4360
2022/1/5 17:00:00,5.3,8,1,0,1,8,1,,0,1,,4588
2022/1/5 18:00:00,4.4,8,1,0,1,8,1,2,8,1,,4598
2022/1/5 19:00:00,4.2,8,1,0,1,8,1,,0,1,,4539
2022/1/5 20:00:00,3.2,8,1,0,1,8,1,,0,1,,4435
2022/1/5 21:00:00,3,8,1,0,1,8,1,4,8,1,,4231
2022/1/5 22:00:00,2.3,8,1,0,1,8,1,,0,1,,3949
2022/1/5 23:00:00,1.2,8,1,0,1,8,1,,0,1,,3677
2022/1/6 00:00:00,1.1,8,1,0,1,8,1,,0,1,,3369
2022/1/6 1:00:00,1.7,8,1,0,1,8,1,,0,1,,3194
2022/1/6 2:00:00,1.5,8,1,0,1,8,1,,0,1,,3107
2022/1/6 3:00:00,1.4,8,1,0,1,8,1,4,8,1,,3056
2022/1/6 4:00:00,1.5,8,1,0,1,8,1,,0,1,,3094
2022/1/6 5:00:00,1.5,8,1,0,1,8,1,,0,1,,3324
2022/1/6 6:00:00,1.2,8,1,0,1,8,1,4,8,1,,3828
2022/1/6 7:00:00,1.6,8,1,0,1,8,1,,0,1,,4342
2022/1/6 8:00:00,1.9,8,1,0,1,8,1,,0,1,,4892
2022/1/6 9:00:00,2.1,8,1,0,1,8,1,4,8,1,,5162
2022/1/6 10:00:00,2.3,8,1,0,1,8,1,,0,1,,5164
2022/1/6 11:00:00,2.4,8,1,0,0,8,1,,0,1,,5179
2022/1/6 12:00:00,1.5,8,1,0,0,8,1,12,8,1,,5107
2022/1/6 13:00:00,0,8,1,0,0,8,1,,0,1,,5263
2022/1/6 14:00:00,-0.3,8,1,1,0,8,1,,0,1,,5302
2022/1/6 15:00:00,-0.3,8,1,1.5,0,8,1,12,8,1,,5273
2022/1/6 16:00:00,-0.2,8,1,1.5,0,8,1,,0,1,,5374
2022/1/6 17:00:00,-0.2,8,1,1.5,0,8,1,,0,1,,5360
2022/1/6 18:00:00,0.2,8,1,1,0,8,1,12,8,1,,5265
2022/1/6 19:00:00,0.2,8,1,0,0,8,1,,0,1,,5110
2022/1/6 20:00:00,0.2,8,1,0,0,8,1,,0,1,,4934
2022/1/6 21:00:00,-0.7,8,1,0,1,8,1,1,8,1,,4690
2022/1/6 22:00:00,-0.4,8,1,0,1,8,1,,0,1,,4356
2022/1/6 23:00:00,-1.3,8,1,0,1,8,1,,0,1,,4045
2022/1/7 00:00:00,-0.8,8,1,0,1,8,1,,0,1,,3689
2022/1/7 1:00:00,-1.9,8,1,0,1,8,1,,0,1,,3495
2022/1/7 2:00:00,-2.2,8,1,0,1,8,1,,0,1,,3415
2022/1/7 3:00:00,-1.8,8,1,0,1,8,1,1,8,1,,3385
2022/1/7 4:00:00,-2.9,8,1,0,1,8,1,,0,1,,3445
2022/1/7 5:00:00,-3.1,8,1,0,1,8,1,,0,1,,3711
2022/1/7 6:00:00,-3.1,8,1,0,1,8,1,1,8,1,,4215
2022/1/7 7:00:00,-1.6,8,1,0,1,8,1,,0,1,,4645
2022/1/7 8:00:00,0.3,8,1,0,1,8,1,,0,1,,5059
2022/1/7 9:00:00,2.1,8,1,0,1,8,1,1,8,1,,5173
2022/1/7 10:00:00,3.6,8,1,0,1,8,1,,0,1,,5018
2022/1/7 11:00:00,5.1,8,1,0,1,8,1,,0,1,,4835
2022/1/7 12:00:00,6.8,8,1,0,1,8,1,1,8,1,,4526
2022/1/7 13:00:00,7.8,8,1,0,1,8,1,,0,1,,4459
2022/1/7 14:00:00,7.9,8,1,0,1,8,1,,0,1,,4393
2022/1/7 15:00:00,7,8,1,0,1,8,1,1,8,1,,4440
2022/1/7 16:00:00,6.3,8,1,0,1,8,1,,0,1,,4662
2022/1/7 17:00:00,5.5,8,1,0,1,8,1,,0,1,,4846
2022/1/7 18:00:00,4.3,8,1,0,1,8,1,1,8,1,,4822
2022/1/7 19:00:00,4.4,8,1,0,1,8,1,,0,1,,4718
2022/1/7 20:00:00,4.3,8,1,0,1,8,1,,0,1,,4615
2022/1/7 21:00:00,3.3,8,1,0,1,8,1,1,8,1,,4398
2022/1/7 22:00:00,3.9,8,1,0,1,8,1,,0,1,,4155
2022/1/7 23:00:00,3.3,8,1,0,1,8,1,,0,1,,3910
2022/1/8 00:00:00,3,8,1,0,1,8,1,,0,1,,3593
2022/1/8 1:00:00,2.7,8,1,0,1,8,1,,0,1,,3396
2022/1/8 2:00:00,2.7,8,1,0,1,8,1,,0,1,,3279
2022/1/8 3:00:00,2.7,8,1,0,1,8,1,2,8,1,,3207
2022/1/8 4:00:00,2.2,8,1,0,1,8,1,,0,1,,3196
2022/1/8 5:00:00,1.5,8,1,0,1,8,1,,0,1,,3308
2022/1/8 6:00:00,1,8,1,0,1,8,1,2,8,1,,3603
2022/1/8 7:00:00,1.1,8,1,0,1,8,1,,0,1,,3956
2022/1/8 8:00:00,2,8,1,0,1,8,1,,0,1,,4190
2022/1/8 9:00:00,4.1,8,1,0,1,8,1,1,8,1,,4177
2022/1/8 10:00:00,5.6,8,1,0,1,8,1,,0,1,,4001
2022/1/8 11:00:00,7.5,8,1,0,1,8,1,,0,1,,3833
2022/1/8 12:00:00,7.8,8,1,0,1,8,1,1,8,1,,3685
2022/1/8 13:00:00,8.7,8,1,0,1,8,1,,0,1,,3643
2022/1/8 14:00:00,8.7,8,1,0,1,8,1,,0,1,,3594
2022/1/8 15:00:00,8.6,8,1,0,1,8,1,1,8,1,,3647
2022/1/8 16:00:00,7.7,8,1,0,1,8,1,,0,1,,3856
2022/1/8 17:00:00,5.1,8,1,0,1,8,1,,0,1,,4143
2022/1/8 18:00:00,4.1,8,1,0,1,8,1,1,8,1,,4209
2022/1/8 19:00:00,4.1,8,1,0,1,8,1,,0,1,,4189
2022/1/8 20:00:00,3.9,8,1,0,1,8,1,,0,1,,4116
2022/1/8 21:00:00,3.7,8,1,0,1,8,1,1,8,1,,3964
2022/1/8 22:00:00,3.8,8,1,0,1,8,1,,0,1,,3746
2022/1/8 23:00:00,4.7,8,1,0,1,8,1,,0,1,,3552
2022/1/9 00:00:00,3.2,8,1,0,1,8,1,,0,1,,3305
2022/1/9 1:00:00,2,8,1,0,1,8,1,,0,1,,3148
2022/1/9 2:00:00,1.1,8,1,0,1,8,1,,0,1,,3065
2022/1/9 3:00:00,0.4,8,1,0,1,8,1,1,8,1,,3017
2022/1/9 4:00:00,0,8,1,0,1,8,1,,0,1,,3016
2022/1/9 5:00:00,0.5,8,1,0,1,8,1,,0,1,,3102
2022/1/9 6:00:00,-0.2,8,1,0,1,8,1,1,8,1,,3325
2022/1/9 7:00:00,0.3,8,1,0,1,8,1,,0,1,,3593
2022/1/9 8:00:00,2.7,8,1,0,1,8,1,,0,1,,3741
2022/1/9 9:00:00,5.8,8,1,0,1,8,1,1,8,1,,3687
2022/1/9 10:00:00,7.4,8,1,0,1,8,1,,0,1,,3530
2022/1/9 11:00:00,9.9,8,1,0,1,8,1,,0,1,,3376
2022/1/9 12:00:00,11.5,8,1,0,1,8,1,1,8,1,,3262
2022/1/9 13:00:00,12.6,8,1,0,1,8,1,,0,1,,3181
2022/1/9 14:00:00,13.1,8,1,0,1,8,1,,0,1,,3195
2022/1/9 15:00:00,12.6,8,1,0,1,8,1,3,8,1,,3235
2022/1/9 16:00:00,9.9,8,1,0,1,8,1,,0,1,,3438
2022/1/9 17:00:00,8.7,8,1,0,1,8,1,,0,1,,3771
2022/1/9 18:00:00,7.3,8,1,0,1,8,1,3,8,1,,3863
2022/1/9 19:00:00,7.2,8,1,0,1,8,1,,0,1,,3838
2022/1/9 20:00:00,8.4,8,1,0,1,8,1,,0,1,,3738
2022/1/9 21:00:00,8.1,8,1,0,1,8,1,3,8,1,,3607
2022/1/9 22:00:00,8,8,1,0,1,8,1,,0,1,,3377
2022/1/9 23:00:00,6.8,8,1,0,1,8,1,,0,1,,3174
2022/1/10 00:00:00,6.9,8,1,0,1,8,1,,0,1,,2929
2022/1/10 1:00:00,7,8,1,0,1,8,1,,0,1,,2806
2022/1/10 2:00:00,7.5,8,1,0,1,8,1,,0,1,,2758
2022/1/10 3:00:00,7.2,8,1,0,1,8,1,4,8,1,,2740
2022/1/10 4:00:00,7.2,8,1,0,1,8,1,,0,1,,2758
2022/1/10 5:00:00,6.9,8,1,0,1,8,1,,0,1,,2847
2022/1/10 6:00:00,6.6,8,1,0,1,8,1,4,8,1,,3080
2022/1/10 7:00:00,7.4,8,1,0,1,8,1,,0,1,,3424
2022/1/10 8:00:00,7.4,8,1,0,1,8,1,,0,1,,3799
2022/1/10 9:00:00,7.8,8,1,0,0,8,1,4,8,1,,3926
2022/1/10 10:00:00,8,8,1,0,1,8,1,,0,1,,3883
2022/1/10 11:00:00,8.2,8,1,0,1,8,1,,0,1,,3809
2022/1/10 12:00:00,8.4,8,1,0,1,8,1,4,8,1,,3721
2022/1/10 13:00:00,8.7,8,1,0,1,8,1,,0,1,,3671
2022/1/10 14:00:00,9.3,8,1,0,1,8,1,,0,1,,3629
2022/1/10 15:00:00,9.2,8,1,0,1,8,1,4,8,1,,3683
2022/1/10 16:00:00,8.9,8,1,0,1,8,1,,0,1,,3868
2022/1/10 17:00:00,7.9,8,1,0,1,8,1,,0,1,,4130
2022/1/10 18:00:00,7.4,8,1,0,1,8,1,4,8,1,,4163
2022/1/10 19:00:00,7.6,8,1,0,1,8,1,,0,1,,4074
2022/1/10 20:00:00,7.8,8,1,0,1,8,1,,0,1,,3965
2022/1/10 21:00:00,7.6,8,1,0,1,8,1,4,8,1,,3773
2022/1/10 22:00:00,7.1,8,1,0,1,8,1,,0,1,,3502
2022/1/10 23:00:00,6.7,8,1,0,1,8,1,,0,1,,3243
2022/1/11 00:00:00,6.9,8,1,0,1,8,1,,0,1,,2977
2022/1/11 1:00:00,7.2,8,1,0,1,8,1,,0,1,,2850
2022/1/11 2:00:00,7.1,8,1,0,1,8,1,,0,1,,2813
2022/1/11 3:00:00,6.7,8,1,0,1,8,1,4,8,1,,2809
2022/1/11 4:00:00,6.8,8,1,0,1,8,1,,0,1,,2868
2022/1/11 5:00:00,6.4,8,1,0,1,8,1,,0,1,,3093
2022/1/11 6:00:00,5.1,8,1,0,0,8,1,10,8,1,,3555
2022/1/11 7:00:00,4.6,8,1,1.5,0,8,1,,0,1,,4039
2022/1/11 8:00:00,4.3,8,1,2,0,8,1,,0,1,,4541
2022/1/11 9:00:00,4.6,8,1,1,0,8,1,10,8,1,,4850
2022/1/11 10:00:00,5.1,8,1,0.5,0,8,1,,0,1,,4780
2022/1/11 11:00:00,5.3,8,1,0,0,8,1,,0,1,,4739
2022/1/11 12:00:00,5.6,8,1,0,0,8,1,10,8,1,,4635
2022/1/11 13:00:00,5.5,8,1,1.5,0,8,1,,0,1,,4767
2022/1/11 14:00:00,5.6,8,1,5,0,8,1,,0,1,,4716
2022/1/11 15:00:00,5.8,8,1,2.5,0,8,1,10,8,1,,4664
2022/1/11 16:00:00,5.2,8,1,0,0,8,1,,0,1,,4764
2022/1/11 17:00:00,5.4,8,1,0.5,0,8,1,,0,1,,4746
2022/1/11 18:00:00,5.4,8,1,0.5,0,8,1,10,8,1,,4641
2022/1/11 19:00:00,5.5,8,1,0,0,8,1,,0,1,,4472
2022/1/11 20:00:00,5.7,8,1,0,1,8,1,,0,1,,4298
2022/1/11 21:00:00,6,8,1,0,1,8,1,4,8,1,,4052
2022/1/11 22:00:00,6.4,8,1,0.5,0,8,1,,0,1,,3781
2022/1/11 23:00:00,5.6,8,1,0.5,0,8,1,,0,1,,3511
2022/1/12 00:00:00,4.8,8,1,0,1,8,1,,0,1,,3212
2022/1/12 1:00:00,5.5,8,1,0,1,8,1,,0,1,,3064
2022/1/12 2:00:00,5,8,1,0,1,8,1,,0,1,,3018
2022/1/12 3:00:00,5.1,8,1,0,1,8,1,1,8,1,,3011
2022/1/12 4:00:00,5,8,1,0,1,8,1,,0,1,,3076
2022/1/12 5:00:00,3.2,8,1,0,1,8,1,,0,1,,3309
2022/1/12 6:00:00,3.4,8,1,0,1,8,1,1,8,1,,3803
2022/1/12 7:00:00,2.9,8,1,0,1,8,1,,0,1,,4214
2022/1/12 8:00:00,3.1,8,1,0,1,8,1,,0,1,,4476
2022/1/12 9:00:00,4.9,8,1,0,1,8,1,1,8,1,,4540
2022/1/12 10:00:00,6.3,8,1,0,1,8,1,,0,1,,4408
2022/1/12 11:00:00,7.4,8,1,0,1,8,1,,0,1,,4323
2022/1/12 12:00:00,7.9,8,1,0,1,8,1,1,8,1,,4143
2022/1/12 13:00:00,8,8,1,0,1,8,1,,0,1,,4192
2022/1/12 14:00:00,7.7,8,1,0,1,8,1,,0,1,,4200
2022/1/12 15:00:00,6.8,8,1,0,1,8,1,1,8,1,,4293
2022/1/12 16:00:00,6.3,8,1,0,1,8,1,,0,1,,4529
2022/1/12 17:00:00,5.4,8,1,0,1,8,1,,0,1,,4746
2022/1/12 18:00:00,4.9,8,1,0,1,8,1,1,8,1,,4762
2022/1/12 19:00:00,4,8,1,0,1,8,1,,0,1,,4665
2022/1/12 20:00:00,4.1,8,1,0,1,8,1,,0,1,,4539
2022/1/12 21:00:00,3.4,8,1,0,1,8,1,1,8,1,,4317
2022/1/12 22:00:00,4,8,1,0,1,8,1,,0,1,,4037
2022/1/12 23:00:00,3.3,8,1,0,1,8,1,,0,1,,3762
2022/1/13 00:00:00,3.3,8,1,0,1,8,1,,0,1,,3446
2022/1/13 1:00:00,2.9,8,1,0,1,8,1,,0,1,,3281
2022/1/13 2:00:00,3.4,8,1,0,1,8,1,,0,1,,3211
2022/1/13 3:00:00,3.2,8,1,0,1,8,1,2,8,1,,3165
2022/1/13 4:00:00,3.6,8,1,0,1,8,1,,0,1,,3189
2022/1/13 5:00:00,3.6,8,1,0,1,8,1,,0,1,,3410
2022/1/13 6:00:00,3.9,8,1,0,1,8,1,4,8,1,,3923
2022/1/13 7:00:00,3.7,8,1,0,1,8,1,,0,1,,4404
2022/1/13 8:00:00,3,8,1,0,1,8,1,,0,1,,4744
2022/1/13 9:00:00,4.3,8,1,0,1,8,1,2,8,1,,4713
2022/1/13 10:00:00,7.2,8,1,0,1,8,1,,0,1,,4529
2022/1/13 11:00:00,8.1,8,1,0,1,8,1,,0,1,,4395
2022/1/13 12:00:00,8.5,8,1,0,1,8,1,1,8,1,,4227
2022/1/13 13:00:00,9.9,8,1,0,1,8,1,,0,1,,4261
2022/1/13 14:00:00,10.1,8,1,0,1,8,1,,0,1,,4247
2022/1/13 15:00:00,11,8,1,0,1,8,1,2,8,1,,4304
2022/1/13 16:00:00,9.4,8,1,0,1,8,1,,0,1,,4489
2022/1/13 17:00:00,8.2,8,1,0,1,8,1,,0,1,,4679
2022/1/13 18:00:00,7,8,1,0,1,8,1,2,8,1,,4692
2022/1/13 19:00:00,5.5,8,1,0,1,8,1,,0,1,,4607
2022/1/13 20:00:00,4.9,8,1,0,1,8,1,,0,1,,4498
2022/1/13 21:00:00,3.6,8,1,0,1,8,1,2,8,1,,4287
2022/1/13 22:00:00,4.5,8,1,0,1,8,1,,0,1,,4013
2022/1/13 23:00:00,3.8,8,1,0,1,8,1,,0,1,,3728
2022/1/14 00:00:00,3.2,8,1,0,1,8,1,,0,1,,3418
2022/1/14 1:00:00,2.8,8,1,0,1,8,1,,0,1,,3266
2022/1/14 2:00:00,1.7,8,1,0,1,8,1,,0,1,,3212
2022/1/14 3:00:00,1.3,8,1,0,1,8,1,1,8,1,,3180
2022/1/14 4:00:00,2.1,8,1,0,1,8,1,,0,1,,3224
2022/1/14 5:00:00,1.5,8,1,0,1,8,1,,0,1,,3469
2022/1/14 6:00:00,2.1,8,1,0,1,8,1,1,8,1,,4014
2022/1/14 7:00:00,1.5,8,1,0,1,8,1,,0,1,,4452
2022/1/14 8:00:00,1.7,8,1,0,1,8,1,,0,1,,4715
2022/1/14 9:00:00,4.4,8,1,0,1,8,1,1,8,1,,4736
2022/1/14 10:00:00,5.8,8,1,0,1,8,1,,0,1,,4598
2022/1/14 11:00:00,7.2,8,1,0,1,8,1,,0,1,,4481
2022/1/14 12:00:00,7.8,8,1,0,1,8,1,1,8,1,,4287
2022/1/14 13:00:00,8.5,8,1,0,1,8,1,,0,1,,4327
2022/1/14 14:00:00,7.9,8,1,0,1,8,1,,0,1,,4307
2022/1/14 15:00:00,7.6,8,1,0,1,8,1,1,8,1,,4376
2022/1/14 16:00:00,6.8,8,1,0,1,8,1,,0,1,,4606
2022/1/14 17:00:00,6.1,8,1,0,1,8,1,,0,1,,4812
2022/1/14 18:00:00,4.9,8,1,0,1,8,1,1,8,1,,4806
2022/1/14 19:00:00,4.2,8,1,0,1,8,1,,0,1,,4697
2022/1/14 20:00:00,4.2,8,1,0,1,8,1,,0,1,,4564
2022/1/14 21:00:00,3.8,8,1,0,1,8,1,1,8,1,,4343
2022/1/14 22:00:00,3.3,8,1,0,1,8,1,,0,1,,4087
2022/1/14 23:00:00,3.8,8,1,0,1,8,1,,0,1,,3822
2022/1/15 00:00:00,3.8,8,1,0,1,8,1,,0,1,,3525
2022/1/15 1:00:00,3,8,1,0,1,8,1,,0,1,,3332
2022/1/15 2:00:00,2.9,8,1,0,1,8,1,,0,1,,3239
2022/1/15 3:00:00,2.2,8,1,0,1,8,1,1,8,1,,3177
2022/1/15 4:00:00,1,8,1,0,1,8,1,,0,1,,3168
2022/1/15 5:00:00,2.4,8,1,0,1,8,1,,0,1,,3284
2022/1/15 6:00:00,1.8,8,1,0,1,8,1,1,8,1,,3575
2022/1/15 7:00:00,2.2,8,1,0,1,8,1,,0,1,,3883
2022/1/15 8:00:00,3.9,8,1,0,1,8,1,,0,1,,4077
2022/1/15 9:00:00,5.6,8,1,0,1,8,1,3,8,1,,4121
2022/1/15 10:00:00,7.8,8,1,0,1,8,1,,0,1,,4091
2022/1/15 11:00:00,8.7,8,1,0,1,8,1,,0,1,,3977
2022/1/15 12:00:00,9.5,8,1,0,1,8,1,3,8,1,,3792
2022/1/15 13:00:00,9.8,8,1,0,1,8,1,,0,1,,3708
2022/1/15 14:00:00,9.9,8,1,0,1,8,1,,0,1,,3596
2022/1/15 15:00:00,9.4,8,1,0,1,8,1,3,8,1,,3611
2022/1/15 16:00:00,8,8,1,0,1,8,1,,0,1,,3824
2022/1/15 17:00:00,6.8,8,1,0,1,8,1,,0,1,,4121
2022/1/15 18:00:00,6.4,8,1,0,1,8,1,3,8,1,,4188
2022/1/15 19:00:00,6.8,8,1,0,1,8,1,,0,1,,4152
2022/1/15 20:00:00,6.2,8,1,0,1,8,1,,0,1,,4070
2022/1/15 21:00:00,5.2,8,1,0,1,8,1,3,8,1,,3897
2022/1/15 22:00:00,4.2,8,1,0,1,8,1,,0,1,,3686
2022/1/15 23:00:00,4.9,8,1,0,1,8,1,,0,1,,3495
2022/1/16 00:00:00,4.2,8,1,0,1,8,1,,0,1,,3276
2022/1/16 1:00:00,3.5,8,1,0,1,8,1,,0,1,,3151
2022/1/16 2:00:00,3.3,8,1,0,1,8,1,,0,1,,3057
2022/1/16 3:00:00,2.2,8,1,0,1,8,1,1,8,1,,3009
2022/1/16 4:00:00,1.9,8,1,0,1,8,1,,0,1,,3009
2022/1/16 5:00:00,1.4,8,1,0,1,8,1,,0,1,,3087
2022/1/16 6:00:00,1.8,8,1,0,1,8,1,1,8,1,,3315
2022/1/16 7:00:00,1.2,8,1,0,1,8,1,,0,1,,3595
2022/1/16 8:00:00,1.8,8,1,0,1,8,1,,0,1,,3739
2022/1/16 9:00:00,4.2,8,1,0,1,8,1,1,8,1,,3733
2022/1/16 10:00:00,5.5,8,1,0,1,8,1,,0,1,,3593
2022/1/16 11:00:00,7.9,8,1,0,1,8,1,,0,1,,3454
2022/1/16 12:00:00,9.8,8,1,0,1,8,1,1,8,1,,3357
2022/1/16 13:00:00,9.7,8,1,0,1,8,1,,0,1,,3263
2022/1/16 14:00:00,10.7,8,1,0,1,8,1,,0,1,,3215
2022/1/16 15:00:00,10.2,8,1,0,1,8,1,1,8,1,,3268
2022/1/16 16:00:00,9.5,8,1,0,1,8,1,,0,1,,3475
2022/1/16 17:00:00,7.3,8,1,0,1,8,1,,0,1,,3857
2022/1/16 18:00:00,7.6,8,1,0,1,8,1,1,8,1,,3998
2022/1/16 19:00:00,7.4,8,1,0,1,8,1,,0,1,,4010
2022/1/16 20:00:00,5.6,8,1,0,1,8,1,,0,1,,3953
2022/1/16 21:00:00,5.4,8,1,0,1,8,1,1,8,1,,3806
2022/1/16 22:00:00,4.5,8,1,0,1,8,1,,0,1,,3556
2022/1/16 23:00:00,3.9,8,1,0,1,8,1,,0,1,,3361
2022/1/17 00:00:00,2.8,8,1,0,1,8,1,,0,1,,3116
2022/1/17 1:00:00,3.3,8,1,0,1,8,1,,0,1,,2995
2022/1/17 2:00:00,2.4,8,1,0,1,8,1,,0,1,,2947
2022/1/17 3:00:00,2.7,8,1,0,1,8,1,1,8,1,,2936
2022/1/17 4:00:00,2,8,1,0,1,8,1,,0,1,,3007
2022/1/17 5:00:00,2.3,8,1,0,1,8,1,,0,1,,3274
2022/1/17 6:00:00,2,8,1,0,1,8,1,3,8,1,,3813
2022/1/17 7:00:00,2.7,8,1,0,1,8,1,,0,1,,4280
2022/1/17 8:00:00,4.6,8,1,0,1,8,1,,0,1,,4585
2022/1/17 9:00:00,7.1,8,1,0,1,8,1,3,8,1,,4693
2022/1/17 10:00:00,8,8,1,0,1,8,1,,0,1,,4558
2022/1/17 11:00:00,9.8,8,1,0,1,8,1,,0,1,,4421
2022/1/17 12:00:00,9.6,8,1,0,1,8,1,3,8,1,,4194
2022/1/17 13:00:00,9.9,8,1,0,1,8,1,,0,1,,4249
2022/1/17 14:00:00,10.4,8,1,0,1,8,1,,0,1,,4214
2022/1/17 15:00:00,9.8,8,1,0,1,8,1,3,8,1,,4232
2022/1/17 16:00:00,9.2,8,1,0,1,8,1,,0,1,,4395
2022/1/17 17:00:00,7.4,8,1,0,1,8,1,,0,1,,4575
2022/1/17 18:00:00,7.8,8,1,0,1,8,1,2,8,1,,4560
2022/1/17 19:00:00,7.4,8,1,0,1,8,1,,0,1,,4448
2022/1/17 20:00:00,7,8,1,0,1,8,1,,0,1,,4313
2022/1/17 21:00:00,6.6,8,1,0,1,8,1,4,8,1,,4102
2022/1/17 22:00:00,5,8,1,0,0,8,1,,0,1,,3849
2022/1/17 23:00:00,4.3,8,1,0,1,8,1,,0,1,,3593
2022/1/18 00:00:00,3.5,8,1,0,1,8,1,,0,1,,3293
2022/1/18 1:00:00,3.5,8,1,0,1,8,1,,0,1,,3148
2022/1/18 2:00:00,2.8,8,1,0,1,8,1,,0,1,,3089
2022/1/18 3:00:00,4.3,8,1,0,1,8,1,1,8,1,,3068
2022/1/18 4:00:00,4.1,8,1,0,1,8,1,,0,1,,3127
2022/1/18 5:00:00,3.5,8,1,0,1,8,1,,0,1,,3376
2022/1/18 6:00:00,2.9,8,1,0,1,8,1,1,8,1,,3907
2022/1/18 7:00:00,1.7,8,1,0,1,8,1,,0,1,,4317
2022/1/18 8:00:00,3.4,8,1,0,1,8,1,,0,1,,4571
2022/1/18 9:00:00,4.6,8,1,0,1,8,1,1,8,1,,4632
2022/1/18 10:00:00,5.8,8,1,0,1,8,1,,0,1,,4519
2022/1/18 11:00:00,7.3,8,1,0,1,8,1,,0,1,,4422
2022/1/18 12:00:00,8.2,8,1,0,1,8,1,1,8,1,,4217
2022/1/18 13:00:00,8.5,8,1,0,1,8,1,,0,1,,4264
2022/1/18 14:00:00,8.1,8,1,0,1,8,1,,0,1,,4265
2022/1/18 15:00:00,6.1,8,1,0,1,8,1,1,8,1,,4356
2022/1/18 16:00:00,5.8,8,1,0,1,8,1,,0,1,,4606
2022/1/18 17:00:00,4.9,8,1,0,1,8,1,,0,1,,4849
2022/1/18 18:00:00,4.7,8,1,0,1,8,1,1,8,1,,4870
2022/1/18 19:00:00,3.9,8,1,0,1,8,1,,0,1,,4766
2022/1/18 20:00:00,3.2,8,1,0,1,8,1,,0,1,,4637
2022/1/18 21:00:00,2.5,8,1,0,1,8,1,1,8,1,,4407
2022/1/18 22:00:00,2.6,8,1,0,1,8,1,,0,1,,4115
2022/1/18 23:00:00,2.3,8,1,0,1,8,1,,0,1,,3831
2022/1/19 00:00:00,1.9,8,1,0,1,8,1,,0,1,,3511
2022/1/19 1:00:00,1.2,8,1,0,1,8,1,,0,1,,3346
2022/1/19 2:00:00,0.9,8,1,0,1,8,1,,0,1,,3277
2022/1/19 3:00:00,1.4,8,1,0,1,8,1,1,8,1,,3248
2022/1/19 4:00:00,1.3,8,1,0,1,8,1,,0,1,,3282
2022/1/19 5:00:00,2.1,8,1,0,1,8,1,,0,1,,3526
2022/1/19 6:00:00,1.5,8,1,0,1,8,1,1,8,1,,4068
2022/1/19 7:00:00,1.3,8,1,0,1,8,1,,0,1,,4501
2022/1/19 8:00:00,2.6,8,1,0,1,8,1,,0,1,,4748
2022/1/19 9:00:00,4.2,8,1,0,1,8,1,1,8,1,,4787
2022/1/19 10:00:00,5.7,8,1,0,1,8,1,,0,1,,4667
2022/1/19 11:00:00,6.5,8,1,0,1,8,1,,0,1,,4582
2022/1/19 12:00:00,6.7,8,1,0,1,8,1,4,8,1,,4406
2022/1/19 13:00:00,7.9,8,1,0,1,8,1,,0,1,,4467
2022/1/19 14:00:00,7.3,8,1,0,1,8,1,,0,1,,4407
2022/1/19 15:00:00,6.6,8,1,0,1,8,1,2,8,1,,4442
2022/1/19 16:00:00,6.3,8,1,0,1,8,1,,0,1,,4607
2022/1/19 17:00:00,4.3,8,1,0,1,8,1,,0,1,,4794
2022/1/19 18:00:00,3.5,8,1,0,1,8,1,2,8,1,,4806
2022/1/19 19:00:00,3.2,8,1,0,1,8,1,,0,1,,4710
2022/1/19 20:00:00,3.6,8,1,0,1,8,1,,0,1,,4590
2022/1/19 21:00:00,2.8,8,1,0,1,8,1,1,8,1,,4381
2022/1/19 22:00:00,2.6,8,1,0,1,8,1,,0,1,,4103
2022/1/19 23:00:00,2.9,8,1,0,1,8,1,,0,1,,3821
2022/1/20 00:00:00,1.8,8,1,0,1,8,1,,0,1,,3502
2022/1/20 1:00:00,1.9,8,1,0,1,8,1,,0,1,,3345
2022/1/20 2:00:00,1.5,8,1,0,1,8,1,,0,1,,3285
2022/1/20 3:00:00,0.8,8,1,0,1,8,1,1,8,1,,3260
2022/1/20 4:00:00,0.4,8,1,0,1,8,1,,0,1,,3319
2022/1/20 5:00:00,-0.5,8,1,0,1,8,1,,0,1,,3584
2022/1/20 6:00:00,-0.1,8,1,0,1,8,1,1,8,1,,4122
2022/1/20 7:00:00,-0.4,8,1,0,1,8,1,,0,1,,4558
2022/1/20 8:00:00,0.3,8,1,0,1,8,1,,0,1,,4841
2022/1/20 9:00:00,2.2,8,1,0,1,8,1,1,8,1,,4918
2022/1/20 10:00:00,4.4,8,1,0,1,8,1,,0,1,,4745
2022/1/20 11:00:00,6.1,8,1,0,1,8,1,,0,1,,4600
2022/1/20 12:00:00,6.7,8,1,0,1,8,1,1,8,1,,4408
2022/1/20 13:00:00,7.6,8,1,0,1,8,1,,0,1,,4410
2022/1/20 14:00:00,6.6,8,1,0,1,8,1,,0,1,,4336
2022/1/20 15:00:00,7.4,8,1,0,1,8,1,1,8,1,,4375
2022/1/20 16:00:00,7,8,1,0,1,8,1,,0,1,,4612
2022/1/20 17:00:00,5.9,8,1,0,1,8,1,,0,1,,4852
2022/1/20 18:00:00,5.4,8,1,0,1,8,1,1,8,1,,4877
2022/1/20 19:00:00,4.4,8,1,0,1,8,1,,0,1,,4779
2022/1/20 20:00:00,3.5,8,1,0,1,8,1,,0,1,,4645
2022/1/20 21:00:00,3.3,8,1,0,1,8,1,1,8,1,,4424
2022/1/20 22:00:00,3,8,1,0,1,8,1,,0,1,,4124
2022/1/20 23:00:00,2.3,8,1,0,1,8,1,,0,1,,3841
2022/1/21 00:00:00,2.5,8,1,0,1,8,1,,0,1,,3524
2022/1/21 1:00:00,2.4,8,1,0,1,8,1,,0,1,,3363
2022/1/21 2:00:00,1.6,8,1,0,1,8,1,,0,1,,3291
2022/1/21 3:00:00,1.2,8,1,0,1,8,1,1,8,1,,3260
2022/1/21 4:00:00,0.6,8,1,0,1,8,1,,0,1,,3310
2022/1/21 5:00:00,0.4,8,1,0,1,8,1,,0,1,,3568
2022/1/21 6:00:00,0.4,8,1,0,1,8,1,1,8,1,,4106
2022/1/21 7:00:00,-0.4,8,1,0,1,8,1,,0,1,,4532
2022/1/21 8:00:00,2,8,1,0,1,8,1,,0,1,,4791
2022/1/21 9:00:00,4.1,8,1,0,1,8,1,1,8,1,,4840
2022/1/21 10:00:00,5.3,8,1,0,1,8,1,,0,1,,4723
2022/1/21 11:00:00,6,8,1,0,1,8,1,,0,1,,4608
2022/1/21 12:00:00,6.8,8,1,0,1,8,1,2,8,1,,4421
2022/1/21 13:00:00,7,8,1,0,1,8,1,,0,1,,4450
2022/1/21 14:00:00,7,8,1,0,1,8,1,,0,1,,4425
2022/1/21 15:00:00,6.5,8,1,0,1,8,1,2,8,1,,4495
2022/1/21 16:00:00,5.1,8,1,0,1,8,1,,0,1,,4740
2022/1/21 17:00:00,4.4,8,1,0,1,8,1,,0,1,,4974
2022/1/21 18:00:00,3.4,8,1,0,1,8,1,1,8,1,,4992
2022/1/21 19:00:00,2.7,8,1,0,1,8,1,,0,1,,4889
2022/1/21 20:00:00,2.2,8,1,0,1,8,1,,0,1,,4745
2022/1/21 21:00:00,1.4,8,1,0,1,8,1,1,8,1,,4503
2022/1/21 22:00:00,0.6,8,1,0,1,8,1,,0,1,,4226
2022/1/21 23:00:00,0.7,8,1,0,1,8,1,,0,1,,3967
2022/1/22 00:00:00,1,8,1,0,1,8,1,,0,1,,3654
2022/1/22 1:00:00,0.4,8,1,0,1,8,1,,0,1,,3455
2022/1/22 2:00:00,1.7,8,1,0,1,8,1,,0,1,,3351
2022/1/22 3:00:00,1.3,8,1,0,1,8,1,1,8,1,,3290
2022/1/22 4:00:00,1.4,8,1,0,1,8,1,,0,1,,3282
2022/1/22 5:00:00,1.1,8,1,0,1,8,1,,0,1,,3394
2022/1/22 6:00:00,1,8,1,0,1,8,1,1,8,1,,3690
2022/1/22 7:00:00,1.4,8,1,0,1,8,1,,0,1,,4011
2022/1/22 8:00:00,2.5,8,1,0,1,8,1,,0,1,,4192
2022/1/22 9:00:00,4.6,8,1,0,1,8,1,1,8,1,,4183
2022/1/22 10:00:00,5.9,8,1,0,1,8,1,,0,1,,4010
2022/1/22 11:00:00,8.2,8,1,0,1,8,1,,0,1,,3862
2022/1/22 12:00:00,8.4,8,1,0,1,8,1,1,8,1,,3702
2022/1/22 13:00:00,9,8,1,0,1,8,1,,0,1,,3610
2022/1/22 14:00:00,8.6,8,1,0,1,8,1,,0,1,,3527
2022/1/22 15:00:00,8.6,8,1,0,1,8,1,1,8,1,,3562
2022/1/22 16:00:00,7.6,8,1,0,1,8,1,,0,1,,3774
2022/1/22 17:00:00,5.6,8,1,0,1,8,1,,0,1,,4112
2022/1/22 18:00:00,4.1,8,1,0,1,8,1,1,8,1,,4230
2022/1/22 19:00:00,4.1,8,1,0,1,8,1,,0,1,,4209
2022/1/22 20:00:00,4.5,8,1,0,1,8,1,,0,1,,4123
2022/1/22 21:00:00,4.2,8,1,0,1,8,1,3,8,1,,3934
2022/1/22 22:00:00,4.9,8,1,0,1,8,1,,0,1,,3710
2022/1/22 23:00:00,5.1,8,1,0,1,8,1,,0,1,,3510
2022/1/23 00:00:00,4,8,1,0,1,8,1,,0,1,,3257
2022/1/23 1:00:00,4,8,1,0,1,8,1,,0,1,,3106
2022/1/23 2:00:00,3.3,8,1,0,1,8,1,,0,1,,3030
2022/1/23 3:00:00,2.9,8,1,0,1,8,1,2,8,1,,2980
2022/1/23 4:00:00,2.9,8,1,0,1,8,1,,0,1,,2963
2022/1/23 5:00:00,2.9,8,1,0,1,8,1,,0,1,,3042
2022/1/23 6:00:00,2.8,8,1,0,1,8,1,4,8,1,,3259
2022/1/23 7:00:00,2.2,8,1,0,1,8,1,,0,1,,3547
2022/1/23 8:00:00,3,8,1,0,1,8,1,,0,1,,3860
2022/1/23 9:00:00,4,8,1,0,1,8,1,3,8,1,,4019
2022/1/23 10:00:00,4.7,8,1,0,1,8,1,,0,1,,3927
2022/1/23 11:00:00,5.9,8,1,0,1,8,1,,0,1,,3864
2022/1/23 12:00:00,6.6,8,1,0,1,8,1,3,8,1,,3823
2022/1/23 13:00:00,6.9,8,1,0,1,8,1,,0,1,,3750
2022/1/23 14:00:00,7.3,8,1,0,1,8,1,,0,1,,3687
2022/1/23 15:00:00,7.1,8,1,0,1,8,1,4,8,1,,3708
2022/1/23 16:00:00,6.7,8,1,0,1,8,1,,0,1,,3892
2022/1/23 17:00:00,6.2,8,1,0,1,8,1,,0,1,,4167
2022/1/23 18:00:00,6.1,8,1,0,1,8,1,4,8,1,,4219
2022/1/23 19:00:00,6.2,8,1,0,1,8,1,,0,1,,4148
2022/1/23 20:00:00,6.4,8,1,0,1,8,1,,0,1,,4029
2022/1/23 21:00:00,6.3,8,1,0,0,8,1,10,8,1,,3807
2022/1/23 22:00:00,5.6,8,1,0,0,8,1,,0,1,,3522
2022/1/23 23:00:00,5.5,8,1,0,0,8,1,,0,1,,3287
2022/1/24 00:00:00,5.9,8,1,0,0,8,1,,0,1,,3027
2022/1/24 1:00:00,5.1,8,1,0,0,8,1,,0,1,,2911
2022/1/24 2:00:00,4.5,8,1,0,1,8,1,,0,1,,2869
2022/1/24 3:00:00,4.8,8,1,0,1,8,1,4,8,1,,2851
2022/1/24 4:00:00,5.2,8,1,0,1,8,1,,0,1,,2905
2022/1/24 5:00:00,5,8,1,0,1,8,1,,0,1,,3137
2022/1/24 6:00:00,5.1,8,1,0,1,8,1,4,8,1,,3617
2022/1/24 7:00:00,5.1,8,1,0,1,8,1,,0,1,,4084
2022/1/24 8:00:00,5.7,8,1,0,1,8,1,,0,1,,4477
2022/1/24 9:00:00,7.9,8,1,0,1,8,1,3,8,1,,4659
2022/1/24 10:00:00,8.6,8,1,0,1,8,1,,0,1,,4557
2022/1/24 11:00:00,9.4,8,1,0,1,8,1,,0,1,,4487
2022/1/24 12:00:00,9.2,8,1,0,1,8,1,3,8,1,,4316
2022/1/24 13:00:00,9.9,8,1,0,1,8,1,,0,1,,4286
2022/1/24 14:00:00,10.2,8,1,0,1,8,1,,0,1,,4170
2022/1/24 15:00:00,10.1,8,1,0,1,8,1,2,8,1,,4167
2022/1/24 16:00:00,9.3,8,1,0,1,8,1,,0,1,,4327
2022/1/24 17:00:00,8.3,8,1,0,1,8,1,,0,1,,4552
2022/1/24 18:00:00,6.9,8,1,0,1,8,1,1,8,1,,4597
2022/1/24 19:00:00,5.9,8,1,0,1,8,1,,0,1,,4507
2022/1/24 20:00:00,4.9,8,1,0,1,8,1,,0,1,,4378
2022/1/24 21:00:00,3.8,8,1,0,1,8,1,1,8,1,,4158
2022/1/24 22:00:00,2.7,8,1,0,1,8,1,,0,1,,3907
2022/1/24 23:00:00,3.2,8,1,0,1,8,1,,0,1,,3655
2022/1/25 00:00:00,2.9,8,1,0,1,8,1,,0,1,,3365
2022/1/25 1:00:00,2.6,8,1,0,1,8,1,,0,1,,3230
2022/1/25 2:00:00,3.4,8,1,0,1,8,1,,0,1,,3185
2022/1/25 3:00:00,2.7,8,1,0,1,8,1,1,8,1,,3168
2022/1/25 4:00:00,2.8,8,1,0,1,8,1,,0,1,,3226
2022/1/25 5:00:00,2.6,8,1,0,1,8,1,,0,1,,3474
2022/1/25 6:00:00,1,8,1,0,1,8,1,1,8,1,,3998
2022/1/25 7:00:00,1.6,8,1,0,1,8,1,,0,1,,4422
2022/1/25 8:00:00,3.9,8,1,0,1,8,1,,0,1,,4682
2022/1/25 9:00:00,5,8,1,0,1,8,1,1,8,1,,4743
2022/1/25 10:00:00,6.4,8,1,0,1,8,1,,0,1,,4689
2022/1/25 11:00:00,7.2,8,1,0,1,8,1,,0,1,,4589
2022/1/25 12:00:00,7.3,8,1,0,1,8,1,3,8,1,,4387
2022/1/25 13:00:00,7.5,8,1,0,1,8,1,,0,1,,4470
2022/1/25 14:00:00,8.9,8,1,0,1,8,1,,0,1,,4410
2022/1/25 15:00:00,8.4,8,1,0,1,8,1,4,8,1,,4389
2022/1/25 16:00:00,7.6,8,1,0,1,8,1,,0,1,,4544
2022/1/25 17:00:00,7.4,8,1,0,1,8,1,,0,1,,4714
2022/1/25 18:00:00,7,8,1,0,1,8,1,4,8,1,,4674
2022/1/25 19:00:00,6.7,8,1,0,1,8,1,,0,1,,4535
2022/1/25 20:00:00,6.4,8,1,0,0,8,1,,0,1,,4364
2022/1/25 21:00:00,5.2,8,1,0,0,8,1,10,8,1,,4116
2022/1/25 22:00:00,4.2,8,1,0,0,8,1,,0,1,,3824
2022/1/25 23:00:00,4.9,8,1,0,0,8,1,,0,1,,3539
2022/1/26 00:00:00,5,8,1,0,0,8,1,,0,1,,3234
2022/1/26 1:00:00,5.1,8,1,0,0,8,1,,0,1,,3083
2022/1/26 2:00:00,4.7,8,1,0,0,8,1,,0,1,,3028
2022/1/26 3:00:00,4.1,8,1,0,0,8,1,10,8,1,,3005
2022/1/26 4:00:00,4,8,1,0,0,8,1,,0,1,,3059
2022/1/26 5:00:00,3.7,8,1,0,0,8,1,,0,1,,3263
2022/1/26 6:00:00,3.9,8,1,0,0,8,1,4,8,1,,3707
2022/1/26 7:00:00,3.9,8,1,0,0,8,1,,0,1,,4208
2022/1/26 8:00:00,3.8,8,1,0,1,8,1,,0,1,,4714
2022/1/26 9:00:00,4.1,8,1,0,0,8,1,10,8,1,,4898
2022/1/26 10:00:00,4.8,8,1,0,1,8,1,,0,1,,4767
2022/1/26 11:00:00,5.5,8,1,0,1,8,1,,0,1,,4612
2022/1/26 12:00:00,6.7,8,1,0,1,8,1,4,8,1,,4298
2022/1/26 13:00:00,7.3,8,1,0,1,8,1,,0,1,,4280
2022/1/26 14:00:00,8.7,8,1,0,1,8,1,,0,1,,4218
2022/1/26 15:00:00,8.7,8,1,0,1,8,1,2,8,1,,4180
2022/1/26 16:00:00,8.7,8,1,0,1,8,1,,0,1,,4296
2022/1/26 17:00:00,7,8,1,0,1,8,1,,0,1,,4481
2022/1/26 18:00:00,5.7,8,1,0,1,8,1,1,8,1,,4505
2022/1/26 19:00:00,6.5,8,1,0,1,8,1,,0,1,,4393
2022/1/26 20:00:00,6.1,8,1,0,1,8,1,,0,1,,4271
2022/1/26 21:00:00,6.5,8,1,0,1,8,1,1,8,1,,4051
2022/1/26 22:00:00,4.7,8,1,0,1,8,1,,0,1,,3808
2022/1/26 23:00:00,4.3,8,1,0,1,8,1,,0,1,,3551
2022/1/27 00:00:00,4.5,8,1,0,1,8,1,,0,1,,3275
2022/1/27 1:00:00,3.4,8,1,0,1,8,1,,0,1,,3137
2022/1/27 2:00:00,3.5,8,1,0,1,8,1,,0,1,,3093
2022/1/27 3:00:00,3.6,8,1,0,1,8,1,1,8,1,,3079
2022/1/27 4:00:00,2.5,8,1,0,1,8,1,,0,1,,3134
2022/1/27 5:00:00,2.5,8,1,0,1,8,1,,0,1,,3363
2022/1/27 6:00:00,2.3,8,1,0,1,8,1,2,8,1,,3836
2022/1/27 7:00:00,4.2,8,1,0,1,8,1,,0,1,,4216
2022/1/27 8:00:00,6.2,8,1,0,1,8,1,,0,1,,4519
2022/1/27 9:00:00,8.2,8,1,0,1,8,1,3,8,1,,4611
2022/1/27 10:00:00,9.1,8,1,0,1,8,1,,0,1,,4509
2022/1/27 11:00:00,9.7,8,1,0,1,8,1,,0,1,,4375
2022/1/27 12:00:00,9.8,8,1,0,1,8,1,3,8,1,,4127
2022/1/27 13:00:00,11.3,8,1,0,1,8,1,,0,1,,4156
2022/1/27 14:00:00,11,8,1,0,1,8,1,,0,1,,4105
2022/1/27 15:00:00,10.8,8,1,0,1,8,1,2,8,1,,4159
2022/1/27 16:00:00,9.6,8,1,0,1,8,1,,0,1,,4324
2022/1/27 17:00:00,8.5,8,1,0,1,8,1,,0,1,,4536
2022/1/27 18:00:00,8,8,1,0,1,8,1,4,8,1,,4536
2022/1/27 19:00:00,7.6,8,1,0,1,8,1,,0,1,,4416
2022/1/27 20:00:00,7,8,1,0,1,8,1,,0,1,,4260
2022/1/27 21:00:00,6.2,8,1,0,1,8,1,4,8,1,,4023
2022/1/27 22:00:00,6,8,1,0,1,8,1,,0,1,,3737
2022/1/27 23:00:00,5.9,8,1,0,1,8,1,,0,1,,3463
2022/1/28 00:00:00,5.8,8,1,0,1,8,1,,0,1,,3162
2022/1/28 1:00:00,5.4,8,1,0,1,8,1,,0,1,,3031
2022/1/28 2:00:00,5.3,8,1,0,1,8,1,,0,1,,2990
2022/1/28 3:00:00,5.1,8,1,0,1,8,1,4,8,1,,2977
2022/1/28 4:00:00,5.1,8,1,0,1,8,1,,0,1,,3031
2022/1/28 5:00:00,4.8,8,1,0,1,8,1,,0,1,,3247
2022/1/28 6:00:00,4.9,8,1,0,1,8,1,4,8,1,,3704
2022/1/28 7:00:00,4.5,8,1,0,1,8,1,,0,1,,4127
2022/1/28 8:00:00,4.4,8,1,0,1,8,1,,0,1,,4470
2022/1/28 9:00:00,4.7,8,1,0,1,8,1,4,8,1,,4552
2022/1/28 10:00:00,6.8,8,1,0,1,8,1,,0,1,,4429
2022/1/28 11:00:00,7.8,8,1,0,1,8,1,,0,1,,4319
2022/1/28 12:00:00,9.1,8,1,0,1,8,1,2,8,1,,4111
2022/1/28 13:00:00,9,8,1,0,1,8,1,,0,1,,4133
2022/1/28 14:00:00,10.6,8,1,0,1,8,1,,0,1,,4097
2022/1/28 15:00:00,9.7,8,1,0,1,8,1,2,8,1,,4108
2022/1/28 16:00:00,8.9,8,1,0,1,8,1,,0,1,,4253
2022/1/28 17:00:00,7.8,8,1,0,1,8,1,,0,1,,4409
2022/1/28 18:00:00,7.4,8,1,0,1,8,1,4,8,1,,4407
2022/1/28 19:00:00,7.3,8,1,0,1,8,1,,0,1,,4302
2022/1/28 20:00:00,6.8,8,1,0,1,8,1,,0,1,,4164
2022/1/28 21:00:00,6.4,8,1,0,1,8,1,2,8,1,,3957
2022/1/28 22:00:00,5.8,8,1,0,1,8,1,,0,1,,3745
2022/1/28 23:00:00,5.5,8,1,0,1,8,1,,0,1,,3530
2022/1/29 00:00:00,4.7,8,1,0,1,8,1,,0,1,,3281
2022/1/29 1:00:00,4.7,8,1,0,1,8,1,,0,1,,3146
2022/1/29 2:00:00,4.5,8,1,0,1,8,1,,0,1,,3075
2022/1/29 3:00:00,4.5,8,1,0,1,8,1,4,8,1,,3025
2022/1/29 4:00:00,4.3,8,1,0,1,8,1,,0,1,,3009
2022/1/29 5:00:00,4.2,8,1,0,1,8,1,,0,1,,3091
2022/1/29 6:00:00,3.9,8,1,0,1,8,1,4,8,1,,3330
2022/1/29 7:00:00,4.1,8,1,0,1,8,1,,0,1,,3615
2022/1/29 8:00:00,4.7,8,1,0,1,8,1,,0,1,,3938
2022/1/29 9:00:00,4.9,8,1,0,1,8,1,4,8,1,,4029
2022/1/29 10:00:00,6,8,1,0,1,8,1,,0,1,,3953
2022/1/29 11:00:00,6.2,8,1,0,1,8,1,,0,1,,3830
2022/1/29 12:00:00,8.4,8,1,0,1,8,1,4,8,1,,3698
2022/1/29 13:00:00,8,8,1,0,1,8,1,,0,1,,3580
2022/1/29 14:00:00,9.2,8,1,0,1,8,1,,0,1,,3503
2022/1/29 15:00:00,8.9,8,1,0,1,8,1,2,8,1,,3491
2022/1/29 16:00:00,8.9,8,1,0,1,8,1,,0,1,,3624
2022/1/29 17:00:00,7.3,8,1,0,1,8,1,,0,1,,3924
2022/1/29 18:00:00,6.3,8,1,0,1,8,1,2,8,1,,4031
2022/1/29 19:00:00,6.5,8,1,0,1,8,1,,0,1,,4001
2022/1/29 20:00:00,6.3,8,1,0,1,8,1,,0,1,,3924
2022/1/29 21:00:00,5.8,8,1,0,1,8,1,3,8,1,,3750
2022/1/29 22:00:00,5.6,8,1,0,1,8,1,,0,1,,3553
2022/1/29 23:00:00,4.7,8,1,0,1,8,1,,0,1,,3373
2022/1/30 00:00:00,3.9,8,1,0,1,8,1,,0,1,,3152
2022/1/30 1:00:00,3.7,8,1,0,1,8,1,,0,1,,3028
2022/1/30 2:00:00,3.6,8,1,0,1,8,1,,0,1,,2960
2022/1/30 3:00:00,3.7,8,1,0,1,8,1,2,8,1,,2917
2022/1/30 4:00:00,3.7,8,1,0,1,8,1,,0,1,,2902
2022/1/30 5:00:00,2.6,8,1,0,1,8,1,,0,1,,2966
2022/1/30 6:00:00,2.6,8,1,0,1,8,1,2,8,1,,3161
2022/1/30 7:00:00,2.5,8,1,0,1,8,1,,0,1,,3400
2022/1/30 8:00:00,3.4,8,1,0,1,8,1,,0,1,,3591
2022/1/30 9:00:00,5.1,8,1,0,1,8,1,3,8,1,,3714
2022/1/30 10:00:00,5.5,8,1,0,1,8,1,,0,1,,3614
2022/1/30 11:00:00,7.2,8,1,0,1,8,1,,0,1,,3639
2022/1/30 12:00:00,8.2,8,1,0,1,8,1,3,8,1,,3700
2022/1/30 13:00:00,7.3,8,1,0,1,8,1,,0,1,,3520
2022/1/30 14:00:00,7.4,8,1,0,1,8,1,,0,1,,3540
2022/1/30 15:00:00,7.6,8,1,0,1,8,1,4,8,1,,3578
2022/1/30 16:00:00,7.5,8,1,0,1,8,1,,0,1,,3749
2022/1/30 17:00:00,7.1,8,1,0,1,8,1,,0,1,,4061
2022/1/30 18:00:00,6.7,8,1,0,1,8,1,4,8,1,,4173
2022/1/30 19:00:00,6.2,8,1,0,1,8,1,,0,1,,4145
2022/1/30 20:00:00,5.8,8,1,0,1,8,1,,0,1,,4048
2022/1/30 21:00:00,5.1,8,1,0,1,8,1,4,8,1,,3846
2022/1/30 22:00:00,4.6,8,1,0,1,8,1,,0,1,,3575
2022/1/30 23:00:00,4.4,8,1,0,1,8,1,,0,1,,3359
2022/1/31 00:00:00,3.9,8,1,0,1,8,1,,0,1,,3121
2022/1/31 1:00:00,3,8,1,0,1,8,1,,0,1,,3008
2022/1/31 2:00:00,2.9,8,1,0,1,8,1,,0,1,,2971
2022/1/31 3:00:00,2.4,8,1,0,1,8,1,2,8,1,,2964
2022/1/31 4:00:00,2.4,8,1,0,1,8,1,,0,1,,3023
2022/1/31 5:00:00,2.6,8,1,0,1,8,1,,0,1,,3276
2022/1/31 6:00:00,2.3,8,1,0,1,8,1,3,8,1,,3805
2022/1/31 7:00:00,2.3,8,1,0,1,8,1,,0,1,,4254
2022/1/31 8:00:00,2.8,8,1,0,1,8,1,,0,1,,4515
2022/1/31 9:00:00,5,8,1,0,1,8,1,1,8,1,,4591
2022/1/31 10:00:00,6.6,8,1,0,1,8,1,,0,1,,4483
2022/1/31 11:00:00,7.6,8,1,0,1,8,1,,0,1,,4384
2022/1/31 12:00:00,8.3,8,1,0,1,8,1,1,8,1,,4181
2022/1/31 13:00:00,8.8,8,1,0,1,8,1,,0,1,,4183
2022/1/31 14:00:00,9.4,8,1,0,1,8,1,,0,1,,4116
2022/1/31 15:00:00,8.7,8,1,0,1,8,1,1,8,1,,4141
2022/1/31 16:00:00,7.8,8,1,0,1,8,1,,0,1,,4344
2022/1/31 17:00:00,6.6,8,1,0,1,8,1,,0,1,,4571
2022/1/31 18:00:00,6,8,1,0,1,8,1,1,8,1,,4614
2022/1/31 19:00:00,4.7,8,1,0,1,8,1,,0,1,,4529
2022/1/31 20:00:00,5,8,1,0,1,8,1,,0,1,,4402
2022/1/31 21:00:00,3.7,8,1,0,1,8,1,1,8,1,,4179
2022/1/31 22:00:00,3.6,8,1,0,1,8,1,,0,1,,3901
2022/1/31 23:00:00,2.6,8,1,0,1,8,1,,0,1,,3647
2022/2/1 00:00:00,2.4,8,1,0,1,8,1,,0,1,,3357
2022/2/1 1:00:00,2.5,8,1,0,1,8,1,,0,1,,3225
2022/2/1 2:00:00,2.5,8,1,0,1,8,1,,0,1,,3160
2022/2/1 3:00:00,2.2,8,1,0,1,8,1,1,8,1,,3137
2022/2/1 4:00:00,2.1,8,1,0,1,8,1,,0,1,,3183
2022/2/1 5:00:00,2.2,8,1,0,1,8,1,,0,1,,3431
2022/2/1 6:00:00,1.7,8,1,0,1,8,1,1,8,1,,3947
2022/2/1 7:00:00,2,8,1,0,1,8,1,,0,1,,4371
2022/2/1 8:00:00,3.1,8,1,0,1,8,1,,0,1,,4593
2022/2/1 9:00:00,5.5,8,1,0,1,8,1,1,8,1,,4609
2022/2/1 10:00:00,7.4,8,1,0,1,8,1,,0,1,,4460
2022/2/1 11:00:00,8.2,8,1,0,1,8,1,,0,1,,4330
2022/2/1 12:00:00,8.8,8,1,0,1,8,1,1,8,1,,4113
2022/2/1 13:00:00,10.2,8,1,0,1,8,1,,0,1,,4130
2022/2/1 14:00:00,9.2,8,1,0,1,8,1,,0,1,,4092
2022/2/1 15:00:00,9,8,1,0,1,8,1,2,8,1,,4107
2022/2/1 16:00:00,8.8,8,1,0,1,8,1,,0,1,,4247
2022/2/1 17:00:00,8.5,8,1,0,1,8,1,,0,1,,4438
2022/2/1 18:00:00,7.8,8,1,0,1,8,1,1,8,1,,4491
2022/2/1 19:00:00,6.3,8,1,0,1,8,1,,0,1,,4395
2022/2/1 20:00:00,5.2,8,1,0,1,8,1,,0,1,,4265
2022/2/1 21:00:00,5.4,8,1,0,1,8,1,1,8,1,,4039
2022/2/1 22:00:00,5.4,8,1,0,1,8,1,,0,1,,3784
2022/2/1 23:00:00,5.3,8,1,0,1,8,1,,0,1,,3527
2022/2/2 00:00:00,4.2,8,1,0,1,8,1,,0,1,,3258
2022/2/2 1:00:00,2.8,8,1,0,1,8,1,,0,1,,3135
2022/2/2 2:00:00,2.3,8,1,0,1,8,1,,0,1,,3109
2022/2/2 3:00:00,1.9,8,1,0,1,8,1,1,8,1,,3083
2022/2/2 4:00:00,1.5,8,1,0,1,8,1,,0,1,,3128
2022/2/2 5:00:00,2.8,8,1,0,1,8,1,,0,1,,3355
2022/2/2 6:00:00,2.8,8,1,0,1,8,1,1,8,1,,3829
2022/2/2 7:00:00,2.8,8,1,0,1,8,1,,0,1,,4232
2022/2/2 8:00:00,3.9,8,1,0,1,8,1,,0,1,,4461
2022/2/2 9:00:00,6.1,8,1,0,1,8,1,1,8,1,,4497
2022/2/2 10:00:00,8.2,8,1,0,1,8,1,,0,1,,4388
2022/2/2 11:00:00,9.3,8,1,0,1,8,1,,0,1,,4298
2022/2/2 12:00:00,10.2,8,1,0,1,8,1,1,8,1,,4106
2022/2/2 13:00:00,10.4,8,1,0,1,8,1,,0,1,,4140
2022/2/2 14:00:00,9.4,8,1,0,1,8,1,,0,1,,4106
2022/2/2 15:00:00,9.1,8,1,0,1,8,1,2,8,1,,4130
2022/2/2 16:00:00,8.3,8,1,0,1,8,1,,0,1,,4289
2022/2/2 17:00:00,7,8,1,0,1,8,1,,0,1,,4486
2022/2/2 18:00:00,4.8,8,1,0,1,8,1,1,8,1,,4551
2022/2/2 19:00:00,6.5,8,1,0,1,8,1,,0,1,,4465
2022/2/2 20:00:00,5.8,8,1,0,1,8,1,,0,1,,4354
2022/2/2 21:00:00,5.1,8,1,0,1,8,1,1,8,1,,4143
2022/2/2 22:00:00,4.3,8,1,0,1,8,1,,0,1,,3896
2022/2/2 23:00:00,3.4,8,1,0,1,8,1,,0,1,,3646
2022/2/3 00:00:00,3.8,8,1,0,1,8,1,,0,1,,3362
2022/2/3 1:00:00,4,8,1,0,1,8,1,,0,1,,3223
2022/2/3 2:00:00,2.4,8,1,0,1,8,1,,0,1,,3178
2022/2/3 3:00:00,2.1,8,1,0,1,8,1,1,8,1,,3157
2022/2/3 4:00:00,1.2,8,1,0,1,8,1,,0,1,,3214
2022/2/3 5:00:00,1.6,8,1,0,1,8,1,,0,1,,3471
2022/2/3 6:00:00,1.2,8,1,0,1,8,1,1,8,1,,3977
2022/2/3 7:00:00,0.9,8,1,0,1,8,1,,0,1,,4421
2022/2/3 8:00:00,2.5,8,1,0,1,8,1,,0,1,,4793
2022/2/3 9:00:00,3.9,8,1,0,1,8,1,3,8,1,,4870
2022/2/3 10:00:00,6.7,8,1,0,1,8,1,,0,1,,4671
2022/2/3 11:00:00,9.3,8,1,0,1,8,1,,0,1,,4433
2022/2/3 12:00:00,9.3,8,1,0,1,8,1,2,8,1,,4175
2022/2/3 13:00:00,10,8,1,0,1,8,1,,0,1,,4156
2022/2/3 14:00:00,11.5,8,1,0,1,8,1,,0,1,,4057
2022/2/3 15:00:00,10.2,8,1,0,1,8,1,1,8,1,,4041
2022/2/3 16:00:00,9.7,8,1,0,1,8,1,,0,1,,4192
2022/2/3 17:00:00,8.3,8,1,0,1,8,1,,0,1,,4400
2022/2/3 18:00:00,6.3,8,1,0,1,8,1,3,8,1,,4445
2022/2/3 19:00:00,6.6,8,1,0,1,8,1,,0,1,,4344
2022/2/3 20:00:00,8.2,8,1,0,1,8,1,,0,1,,4221
2022/2/3 21:00:00,7.3,8,1,0,1,8,1,3,8,1,,4009
2022/2/3 22:00:00,6.3,8,1,0,1,8,1,,0,1,,3745
2022/2/3 23:00:00,5.7,8,1,0,1,8,1,,0,1,,3495
2022/2/4 00:00:00,5,8,1,0,1,8,1,,0,1,,3210
2022/2/4 1:00:00,4.6,8,1,0,1,8,1,,0,1,,3088
2022/2/4 2:00:00,4.1,8,1,0,1,8,1,,0,1,,3068
2022/2/4 3:00:00,3.5,8,1,0,1,8,1,3,8,1,,3055
2022/2/4 4:00:00,3.4,8,1,0,1,8,1,,0,1,,3108
2022/2/4 5:00:00,3,8,1,0,1,8,1,,0,1,,3326
2022/2/4 6:00:00,2.7,8,1,0,1,8,1,4,8,1,,3801
2022/2/4 7:00:00,3.3,8,1,0,1,8,1,,0,1,,4257
2022/2/4 8:00:00,3.9,8,1,0,1,8,1,,0,1,,4658
2022/2/4 9:00:00,4.1,8,1,0,1,8,1,4,8,1,,4851
2022/2/4 10:00:00,5.2,8,1,0,1,8,1,,0,1,,4701
2022/2/4 11:00:00,5.8,8,1,0,1,8,1,,0,1,,4565
2022/2/4 12:00:00,6.4,8,1,0,1,8,1,4,8,1,,4360
2022/2/4 13:00:00,7.7,8,1,0,1,8,1,,0,1,,4341
2022/2/4 14:00:00,8,8,1,0,1,8,1,,0,1,,4280
2022/2/4 15:00:00,7.6,8,1,0,1,8,1,4,8,1,,4269
2022/2/4 16:00:00,7.7,8,1,0,1,8,1,,0,1,,4381
2022/2/4 17:00:00,6.3,8,1,0,1,8,1,,0,1,,4529
2022/2/4 18:00:00,5.6,8,1,0,1,8,1,2,8,1,,4553
2022/2/4 19:00:00,5,8,1,0,1,8,1,,0,1,,4450
2022/2/4 20:00:00,5.9,8,1,0,1,8,1,,0,1,,4330
2022/2/4 21:00:00,3.7,8,1,0,1,8,1,1,8,1,,4106
2022/2/4 22:00:00,3.8,8,1,0,1,8,1,,0,1,,3886
2022/2/4 23:00:00,3.8,8,1,0,1,8,1,,0,1,,3672
2022/2/5 00:00:00,2.7,8,1,0,1,8,1,,0,1,,3394
2022/2/5 1:00:00,3.2,8,1,0,1,8,1,,0,1,,3245
2022/2/5 2:00:00,1.7,8,1,0,1,8,1,,0,1,,3176
2022/2/5 3:00:00,0.9,8,1,0,1,8,1,1,8,1,,3129
2022/2/5 4:00:00,0.7,8,1,0,1,8,1,,0,1,,3119
2022/2/5 5:00:00,1.5,8,1,0,1,8,1,,0,1,,3203
2022/2/5 6:00:00,1.8,8,1,0,1,8,1,1,8,1,,3458
2022/2/5 7:00:00,1.1,8,1,0,1,8,1,,0,1,,3697
2022/2/5 8:00:00,3.3,8,1,0,1,8,1,,0,1,,3860
2022/2/5 9:00:00,5.3,8,1,0,1,8,1,1,8,1,,3909
2022/2/5 10:00:00,6.2,8,1,0,1,8,1,,0,1,,3865
2022/2/5 11:00:00,7.4,8,1,0,1,8,1,,0,1,,3813
2022/2/5 12:00:00,7.8,8,1,0,1,8,1,2,8,1,,3761
2022/2/5 13:00:00,7.8,8,1,0,1,8,1,,0,1,,3714
2022/2/5 14:00:00,7.6,8,1,0,1,8,1,,0,1,,3703
2022/2/5 15:00:00,5.8,8,1,0,1,8,1,4,8,1,,3788
2022/2/5 16:00:00,4.8,8,1,0,1,8,1,,0,1,,3961
2022/2/5 17:00:00,4.6,8,1,0,1,8,1,,0,1,,4250
2022/2/5 18:00:00,3.7,8,1,0,1,8,1,1,8,1,,4389
2022/2/5 19:00:00,2.8,8,1,0,1,8,1,,0,1,,4368
2022/2/5 20:00:00,2.2,8,1,0,1,8,1,,0,1,,4283
2022/2/5 21:00:00,1.7,8,1,0,1,8,1,1,8,1,,4098
2022/2/5 22:00:00,1.2,8,1,0,1,8,1,,0,1,,3882
2022/2/5 23:00:00,0.5,8,1,0,1,8,1,,0,1,,3682
2022/2/6 00:00:00,0.6,8,1,0,1,8,1,,0,1,,3408
2022/2/6 1:00:00,-0.2,8,1,0,1,8,1,,0,1,,3248
2022/2/6 2:00:00,-0.5,8,1,0,1,8,1,,0,1,,3167
2022/2/6 3:00:00,-1.6,8,1,0,1,8,1,1,8,1,,3118
2022/2/6 4:00:00,-1.5,8,1,0,1,8,1,,0,1,,3103
2022/2/6 5:00:00,-0.8,8,1,0,1,8,1,,0,1,,3188
2022/2/6 6:00:00,-1.8,8,1,0,1,8,1,1,8,1,,3420
2022/2/6 7:00:00,-1.2,8,1,0,1,8,1,,0,1,,3668
2022/2/6 8:00:00,1.3,8,1,0,1,8,1,,0,1,,3799
2022/2/6 9:00:00,3.3,8,1,0,1,8,1,1,8,1,,3829
2022/2/6 10:00:00,4.4,8,1,0,1,8,1,,0,1,,3748
2022/2/6 11:00:00,5.9,8,1,0,1,8,1,,0,1,,3673
2022/2/6 12:00:00,6.7,8,1,0,1,8,1,2,8,1,,3627
2022/2/6 13:00:00,6.2,8,1,0,1,8,1,,0,1,,3610
2022/2/6 14:00:00,5.4,8,1,0,1,8,1,,0,1,,3590
2022/2/6 15:00:00,5.9,8,1,0,1,8,1,3,8,1,,3651
2022/2/6 16:00:00,5.3,8,1,0,1,8,1,,0,1,,3853
2022/2/6 17:00:00,4.4,8,1,0,1,8,1,,0,1,,4224
2022/2/6 18:00:00,3.7,8,1,0,1,8,1,1,8,1,,4423
2022/2/6 19:00:00,3.1,8,1,0,1,8,1,,0,1,,4414
2022/2/6 20:00:00,2.7,8,1,0,1,8,1,,0,1,,4336
2022/2/6 21:00:00,2.1,8,1,0,1,8,1,1,8,1,,4151
2022/2/6 22:00:00,1.6,8,1,0,1,8,1,,0,1,,3859
2022/2/6 23:00:00,0.7,8,1,0,1,8,1,,0,1,,3617
2022/2/7 00:00:00,0.5,8,1,0,1,8,1,,0,1,,3341
2022/2/7 1:00:00,-0.1,8,1,0,1,8,1,,0,1,,3196
2022/2/7 2:00:00,1.6,8,1,0,1,8,1,,0,1,,3135
2022/2/7 3:00:00,0.7,8,1,0,1,8,1,1,8,1,,3107
2022/2/7 4:00:00,0,8,1,0,1,8,1,,0,1,,3162
2022/2/7 5:00:00,1.1,8,1,0,1,8,1,,0,1,,3431
2022/2/7 6:00:00,1.2,8,1,0,1,8,1,1,8,1,,3990
2022/2/7 7:00:00,1.9,8,1,0,1,8,1,,0,1,,4450
2022/2/7 8:00:00,2.3,8,1,0,1,8,1,,0,1,,4698
2022/2/7 9:00:00,5,8,1,0,1,8,1,1,8,1,,4783
2022/2/7 10:00:00,5.9,8,1,0,1,8,1,,0,1,,4649
2022/2/7 11:00:00,7.6,8,1,0,1,8,1,,0,1,,4537
2022/2/7 12:00:00,8.3,8,1,0,1,8,1,1,8,1,,4321
2022/2/7 13:00:00,9,8,1,0,1,8,1,,0,1,,4318
2022/2/7 14:00:00,8.9,8,1,0,1,8,1,,0,1,,4247
2022/2/7 15:00:00,7.8,8,1,0,1,8,1,2,8,1,,4251
2022/2/7 16:00:00,7.4,8,1,0,1,8,1,,0,1,,4435
2022/2/7 17:00:00,6.2,8,1,0,1,8,1,,0,1,,4641
2022/2/7 18:00:00,6.3,8,1,0,1,8,1,2,8,1,,4704
2022/2/7 19:00:00,5.2,8,1,0,1,8,1,,0,1,,4611
2022/2/7 20:00:00,5.7,8,1,0,1,8,1,,0,1,,4477
2022/2/7 21:00:00,4.4,8,1,0,1,8,1,2,8,1,,4254
2022/2/7 22:00:00,3.8,8,1,0,1,8,1,,0,1,,3976
2022/2/7 23:00:00,3.5,8,1,0,1,8,1,,0,1,,3684
2022/2/8 00:00:00,3.6,8,1,0,1,8,1,,0,1,,3380
2022/2/8 1:00:00,3.5,8,1,0,1,8,1,,0,1,,3223
2022/2/8 2:00:00,3.6,8,1,0,1,8,1,,0,1,,3151
2022/2/8 3:00:00,3.3,8,1,0,1,8,1,4,8,1,,3113
2022/2/8 4:00:00,3,8,1,0,1,8,1,,0,1,,3147
2022/2/8 5:00:00,2.6,8,1,0,1,8,1,,0,1,,3375
2022/2/8 6:00:00,2.4,8,1,0,1,8,1,4,8,1,,3863
2022/2/8 7:00:00,2.9,8,1,0,1,8,1,,0,1,,4386
2022/2/8 8:00:00,3.4,8,1,0,1,8,1,,0,1,,4862
2022/2/8 9:00:00,3.7,8,1,0,1,8,1,4,8,1,,5059
2022/2/8 10:00:00,4.8,8,1,0,1,8,1,,0,1,,4903
2022/2/8 11:00:00,6,8,1,0,1,8,1,,0,1,,4753
2022/2/8 12:00:00,6.8,8,1,0,1,8,1,4,8,1,,4404
2022/2/8 13:00:00,7.8,8,1,0,1,8,1,,0,1,,4385
2022/2/8 14:00:00,8.6,8,1,0,1,8,1,,0,1,,4306
2022/2/8 15:00:00,8.2,8,1,0,1,8,1,2,8,1,,4242
2022/2/8 16:00:00,7.4,8,1,0,1,8,1,,0,1,,4355
2022/2/8 17:00:00,6.6,8,1,0,1,8,1,,0,1,,4553
2022/2/8 18:00:00,5.5,8,1,0,1,8,1,2,8,1,,4606
2022/2/8 19:00:00,6.4,8,1,0,1,8,1,,0,1,,4496
2022/2/8 20:00:00,6.1,8,1,0,1,8,1,,0,1,,4335
2022/2/8 21:00:00,5.9,8,1,0,1,8,1,4,8,1,,4080
2022/2/8 22:00:00,6.4,8,1,0,1,8,1,,0,1,,3811
2022/2/8 23:00:00,6.2,8,1,0,1,8,1,,0,1,,3547
2022/2/9 00:00:00,5.3,8,1,0,1,8,1,,0,1,,3278
2022/2/9 1:00:00,4.1,8,1,0,1,8,1,,0,1,,3152
2022/2/9 2:00:00,4.3,8,1,0,1,8,1,,0,1,,3098
2022/2/9 3:00:00,4.1,8,1,0,1,8,1,1,8,1,,3092
2022/2/9 4:00:00,4.3,8,1,0,1,8,1,,0,1,,3142
2022/2/9 5:00:00,3,8,1,0,1,8,1,,0,1,,3378
2022/2/9 6:00:00,2.4,8,1,0,1,8,1,2,8,1,,3868
2022/2/9 7:00:00,3.3,8,1,0,1,8,1,,0,1,,4257
2022/2/9 8:00:00,4.4,8,1,0,1,8,1,,0,1,,4511
2022/2/9 9:00:00,5.8,8,1,0,1,8,1,2,8,1,,4579
2022/2/9 10:00:00,7.2,8,1,0,1,8,1,,0,1,,4438
2022/2/9 11:00:00,8.5,8,1,0,1,8,1,,0,1,,4331
2022/2/9 12:00:00,9.2,8,1,0,1,8,1,1,8,1,,4135
2022/2/9 13:00:00,9.4,8,1,0,1,8,1,,0,1,,4142
2022/2/9 14:00:00,9.3,8,1,0,1,8,1,,0,1,,4100
2022/2/9 15:00:00,9.6,8,1,0,1,8,1,3,8,1,,4120
2022/2/9 16:00:00,8.7,8,1,0,1,8,1,,0,1,,4249
2022/2/9 17:00:00,8.1,8,1,0,1,8,1,,0,1,,4431
2022/2/9 18:00:00,7.1,8,1,0,1,8,1,3,8,1,,4492
2022/2/9 19:00:00,6.5,8,1,0,1,8,1,,0,1,,4406
2022/2/9 20:00:00,6.4,8,1,0,1,8,1,,0,1,,4276
2022/2/9 21:00:00,6,8,1,0,1,8,1,2,8,1,,4052
2022/2/9 22:00:00,5.5,8,1,0,1,8,1,,0,1,,3803
2022/2/9 23:00:00,5.9,8,1,0,1,8,1,,0,1,,3527
2022/2/10 00:00:00,6.1,8,1,0,1,8,1,,0,1,,3228
2022/2/10 1:00:00,4.9,8,1,0,1,8,1,,0,1,,3069
2022/2/10 2:00:00,4.7,8,1,0,0,8,1,,0,1,,3010
2022/2/10 3:00:00,4.8,8,1,0,0,8,1,10,8,1,,2985
2022/2/10 4:00:00,4.5,8,1,0,0,8,1,,0,1,,3031
2022/2/10 5:00:00,4.3,8,1,0,0,8,1,,0,1,,3258
2022/2/10 6:00:00,3.6,8,1,0,0,8,1,10,8,1,,3723
2022/2/10 7:00:00,3.7,8,1,0,0,8,1,,0,1,,4244
2022/2/10 8:00:00,2.8,8,1,1,0,8,1,,0,1,,4824
2022/2/10 9:00:00,2.2,8,1,1,0,8,1,11,8,1,,5208
2022/2/10 10:00:00,1.8,8,1,0.5,0,8,1,,0,1,,5278
2022/2/10 11:00:00,2.2,8,1,1,0,8,1,,0,1,,5270
2022/2/10 12:00:00,2,8,1,1,0,8,1,11,8,1,,5131
2022/2/10 13:00:00,1.9,8,1,1,0,8,1,,0,1,,5212
2022/2/10 14:00:00,1.7,8,1,1,0,8,1,,0,1,,5195
2022/2/10 15:00:00,1.1,8,1,2.5,0,8,1,11,8,1,,5139
2022/2/10 16:00:00,1,8,1,2.5,0,8,1,,0,1,,5163
2022/2/10 17:00:00,0.8,8,1,2.5,0,8,1,,0,1,,5159
2022/2/10 18:00:00,0.6,8,1,3.5,0,8,1,12,8,1,,5066
2022/2/10 19:00:00,0.8,8,1,2,0,8,1,,0,1,,4901
2022/2/10 20:00:00,0.8,8,1,2,0,8,1,,0,1,,4710
2022/2/10 21:00:00,1,8,1,1.5,0,8,1,11,8,1,,4438
2022/2/10 22:00:00,1,8,1,2,0,8,1,,0,1,,4143
2022/2/10 23:00:00,0.9,8,1,1,0,8,1,,0,1,,3874
2022/2/11 00:00:00,1,8,1,1,0,8,1,,0,1,,3557
2022/2/11 1:00:00,0.8,8,1,1,0,8,1,,0,1,,3394
2022/2/11 2:00:00,0.8,8,1,1,0,8,1,,0,1,,3303
2022/2/11 3:00:00,0.8,8,1,0.5,0,8,1,12,8,1,,3255
2022/2/11 4:00:00,1,8,1,0,0,8,1,,0,1,,3246
2022/2/11 5:00:00,1.1,8,1,0,0,8,1,,0,1,,3342
2022/2/11 6:00:00,1.1,8,1,0,0,8,1,4,8,1,,3580
2022/2/11 7:00:00,1,8,1,0,1,8,1,,0,1,,3917
2022/2/11 8:00:00,1.7,8,1,0,1,8,1,,0,1,,4240
2022/2/11 9:00:00,2.8,8,1,0,1,8,1,1,8,1,,4278
2022/2/11 10:00:00,4.2,8,1,0,1,8,1,,0,1,,4120
2022/2/11 11:00:00,5.8,8,1,0,1,8,1,,0,1,,3954
2022/2/11 12:00:00,7.1,8,1,0,1,8,1,1,8,1,,3821
2022/2/11 13:00:00,8.3,8,1,0,1,8,1,,0,1,,3754
2022/2/11 14:00:00,8.4,8,1,0,1,8,1,,0,1,,3660
2022/2/11 15:00:00,8.6,8,1,0,1,8,1,2,8,1,,3642
2022/2/11 16:00:00,7.6,8,1,0,1,8,1,,0,1,,3803
2022/2/11 17:00:00,6.4,8,1,0,1,8,1,,0,1,,4109
2022/2/11 18:00:00,5.8,8,1,0,1,8,1,1,8,1,,4269
2022/2/11 19:00:00,5.2,8,1,0,1,8,1,,0,1,,4236
2022/2/11 20:00:00,5.1,8,1,0,1,8,1,,0,1,,4145
2022/2/11 21:00:00,4.7,8,1,0,0,8,1,10,8,1,,3975
2022/2/11 22:00:00,4,8,1,0,0,8,1,,0,1,,3748
2022/2/11 23:00:00,2.7,8,1,0,1,8,1,,0,1,,3556
2022/2/12 00:00:00,2.9,8,1,0,1,8,1,,0,1,,3302
2022/2/12 1:00:00,2.1,8,1,0,1,8,1,,0,1,,3174
2022/2/12 2:00:00,2.2,8,1,0,1,8,1,,0,1,,3113
2022/2/12 3:00:00,2.2,8,1,0,1,8,1,1,8,1,,3077
2022/2/12 4:00:00,1.8,8,1,0,1,8,1,,0,1,,3086
2022/2/12 5:00:00,1.6,8,1,0,1,8,1,,0,1,,3197
2022/2/12 6:00:00,0.3,8,1,0,1,8,1,1,8,1,,3437
2022/2/12 7:00:00,1.5,8,1,0,1,8,1,,0,1,,3688
2022/2/12 8:00:00,2.8,8,1,0,1,8,1,,0,1,,3946
2022/2/12 9:00:00,4.2,8,1,0,1,8,1,3,8,1,,4039
2022/2/12 10:00:00,5.6,8,1,0,1,8,1,,0,1,,3951
2022/2/12 11:00:00,7.5,8,1,0,1,8,1,,0,1,,3869
2022/2/12 12:00:00,7.9,8,1,0,1,8,1,3,8,1,,3737
2022/2/12 13:00:00,8.2,8,1,0,1,8,1,,0,1,,3623
2022/2/12 14:00:00,9,8,1,0,1,8,1,,0,1,,3506
2022/2/12 15:00:00,8.5,8,1,0,1,8,1,3,8,1,,3414
2022/2/12 16:00:00,8.4,8,1,0,1,8,1,,0,1,,3532
2022/2/12 17:00:00,7.1,8,1,0,1,8,1,,0,1,,3850
2022/2/12 18:00:00,5,8,1,0,1,8,1,1,8,1,,4024
2022/2/12 19:00:00,4.9,8,1,0,1,8,1,,0,1,,4012
2022/2/12 20:00:00,5.5,8,1,0,1,8,1,,0,1,,3941
2022/2/12 21:00:00,5.2,8,1,0,1,8,1,1,8,1,,3779
2022/2/12 22:00:00,4,8,1,0,1,8,1,,0,1,,3601
2022/2/12 23:00:00,3.8,8,1,0,1,8,1,,0,1,,3434
2022/2/13 00:00:00,4.2,8,1,0,1,8,1,,0,1,,3191
2022/2/13 1:00:00,3.7,8,1,0,1,8,1,,0,1,,3049
2022/2/13 2:00:00,2.2,8,1,0,1,8,1,,0,1,,2988
2022/2/13 3:00:00,1.9,8,1,0,1,8,1,1,8,1,,2950
2022/2/13 4:00:00,2.4,8,1,0,1,8,1,,0,1,,2953
2022/2/13 5:00:00,1.4,8,1,0,1,8,1,,0,1,,3033
2022/2/13 6:00:00,1.3,8,1,0,1,8,1,2,8,1,,3218
2022/2/13 7:00:00,2.3,8,1,0,1,8,1,,0,1,,3432
2022/2/13 8:00:00,2.9,8,1,0,1,8,1,,0,1,,3756
2022/2/13 9:00:00,3.6,8,1,0,1,8,1,4,8,1,,4003
2022/2/13 10:00:00,4.3,8,1,0,0,8,1,,0,1,,4061
2022/2/13 11:00:00,4.7,8,1,0,0,8,1,,0,1,,4078
2022/2/13 12:00:00,3.7,8,1,0.5,0,8,1,10,8,1,,4058
2022/2/13 13:00:00,4.1,8,1,2,0,8,1,,0,1,,3996
2022/2/13 14:00:00,4.1,8,1,1,0,8,1,,0,1,,3954
2022/2/13 15:00:00,4.2,8,1,1,0,8,1,10,8,1,,3959
2022/2/13 16:00:00,4.3,8,1,2,0,8,1,,0,1,,4064
2022/2/13 17:00:00,4.5,8,1,2,0,8,1,,0,1,,4286
2022/2/13 18:00:00,4.8,8,1,1.5,0,8,1,10,8,1,,4333
2022/2/13 19:00:00,4.5,8,1,1.5,0,8,1,,0,1,,4266
2022/2/13 20:00:00,3.5,8,1,1.5,0,8,1,,0,1,,4162
2022/2/13 21:00:00,2.1,8,1,2.5,0,8,1,10,8,1,,3970
2022/2/13 22:00:00,1.9,8,1,2.5,0,8,1,,0,1,,3722
2022/2/13 23:00:00,1.2,8,1,2.5,0,8,1,,0,1,,3528
2022/2/14 00:00:00,0.9,8,1,2,0,8,1,,0,1,,3271
2022/2/14 1:00:00,1.2,8,1,0.5,0,8,1,,0,1,,3123
2022/2/14 2:00:00,1.7,8,1,0.5,0,8,1,,0,1,,3057
2022/2/14 3:00:00,1.6,8,1,0.5,0,8,1,11,8,1,,3044
2022/2/14 4:00:00,1.7,8,1,0.5,0,8,1,,0,1,,3110
2022/2/14 5:00:00,1.5,8,1,1,0,8,1,,0,1,,3361
2022/2/14 6:00:00,1.4,8,1,0,0,8,1,11,8,1,,3851
2022/2/14 7:00:00,1.6,8,1,0.5,0,8,1,,0,1,,4325
2022/2/14 8:00:00,2.4,8,1,0,1,8,1,,0,1,,4710
2022/2/14 9:00:00,3.6,8,1,0,1,8,1,4,8,1,,4793
2022/2/14 10:00:00,4.6,8,1,0,1,8,1,,0,1,,4623
2022/2/14 11:00:00,5.4,8,1,0,1,8,1,,0,1,,4471
2022/2/14 12:00:00,5.8,8,1,0,1,8,1,4,8,1,,4221
2022/2/14 13:00:00,6.6,8,1,0,1,8,1,,0,1,,4231
2022/2/14 14:00:00,7.3,8,1,0,1,8,1,,0,1,,4160
2022/2/14 15:00:00,7.5,8,1,0,1,8,1,3,8,1,,4211
2022/2/14 16:00:00,7.2,8,1,0,1,8,1,,0,1,,4403
2022/2/14 17:00:00,5.8,8,1,0,1,8,1,,0,1,,4633
2022/2/14 18:00:00,5,8,1,0,1,8,1,1,8,1,,4724
2022/2/14 19:00:00,5,8,1,0,1,8,1,,0,1,,4622
2022/2/14 20:00:00,4.1,8,1,0,1,8,1,,0,1,,4491
2022/2/14 21:00:00,4.1,8,1,0,1,8,1,1,8,1,,4271
2022/2/14 22:00:00,3.2,8,1,0,1,8,1,,0,1,,4000
2022/2/14 23:00:00,2.6,8,1,0,1,8,1,,0,1,,3734
2022/2/15 00:00:00,2.6,8,1,0,1,8,1,,0,1,,3410
2022/2/15 1:00:00,1.9,8,1,0,1,8,1,,0,1,,3233
2022/2/15 2:00:00,2,8,1,0,1,8,1,,0,1,,3165
2022/2/15 3:00:00,1.5,8,1,0,1,8,1,2,8,1,,3125
2022/2/15 4:00:00,1.7,8,1,0,1,8,1,,0,1,,3169
2022/2/15 5:00:00,2.5,8,1,0,1,8,1,,0,1,,3413
2022/2/15 6:00:00,1.4,8,1,0,1,8,1,1,8,1,,3896
2022/2/15 7:00:00,1.8,8,1,0,1,8,1,,0,1,,4293
2022/2/15 8:00:00,4.1,8,1,0,1,8,1,,0,1,,4667
2022/2/15 9:00:00,6.2,8,1,0,1,8,1,2,8,1,,4828
2022/2/15 10:00:00,6.8,8,1,0,1,8,1,,0,1,,4716
2022/2/15 11:00:00,6.7,8,1,0,1,8,1,,0,1,,4579
2022/2/15 12:00:00,8.7,8,1,0,1,8,1,2,8,1,,4323
2022/2/15 13:00:00,9,8,1,0,1,8,1,,0,1,,4348
2022/2/15 14:00:00,11.1,8,1,0,1,8,1,,0,1,,4222
2022/2/15 15:00:00,10.8,8,1,0,1,8,1,1,8,1,,4209
2022/2/15 16:00:00,10,8,1,0,1,8,1,,0,1,,4309
2022/2/15 17:00:00,9.8,8,1,0,1,8,1,,0,1,,4455
2022/2/15 18:00:00,7.2,8,1,0,1,8,1,2,8,1,,4523
2022/2/15 19:00:00,6.4,8,1,0,1,8,1,,0,1,,4417
2022/2/15 20:00:00,5.4,8,1,0,1,8,1,,0,1,,4297
2022/2/15 21:00:00,4,8,1,0,1,8,1,1,8,1,,4092
2022/2/15 22:00:00,4.1,8,1,0,1,8,1,,0,1,,3857
2022/2/15 23:00:00,4.2,8,1,0,1,8,1,,0,1,,3620
2022/2/16 00:00:00,4.4,8,1,0,1,8,1,,0,1,,3324
2022/2/16 1:00:00,3.2,8,1,0,1,8,1,,0,1,,3178
2022/2/16 2:00:00,3.4,8,1,0,1,8,1,,0,1,,3120
2022/2/16 3:00:00,2.4,8,1,0,1,8,1,1,8,1,,3091
2022/2/16 4:00:00,2.4,8,1,0,1,8,1,,0,1,,3141
2022/2/16 5:00:00,2.3,8,1,0,1,8,1,,0,1,,3357
2022/2/16 6:00:00,1.9,8,1,0,1,8,1,1,8,1,,3807
2022/2/16 7:00:00,2,8,1,0,1,8,1,,0,1,,4169
2022/2/16 8:00:00,4.1,8,1,0,1,8,1,,0,1,,4388
2022/2/16 9:00:00,6.4,8,1,0,1,8,1,1,8,1,,4442
2022/2/16 10:00:00,8.4,8,1,0,1,8,1,,0,1,,4346
2022/2/16 11:00:00,9.1,8,1,0,1,8,1,,0,1,,4253
2022/2/16 12:00:00,10.7,8,1,0,1,8,1,2,8,1,,4057
2022/2/16 13:00:00,9.8,8,1,0,1,8,1,,0,1,,4079
2022/2/16 14:00:00,9.5,8,1,0,1,8,1,,0,1,,4044
2022/2/16 15:00:00,9.5,8,1,0,1,8,1,2,8,1,,4041
2022/2/16 16:00:00,9.6,8,1,0,1,8,1,,0,1,,4170
2022/2/16 17:00:00,9.3,8,1,0,1,8,1,,0,1,,4353
2022/2/16 18:00:00,8,8,1,0,1,8,1,2,8,1,,4438
2022/2/16 19:00:00,6.6,8,1,0,0,8,1,,0,1,,4360
2022/2/16 20:00:00,6.4,8,1,0,0,8,1,,0,1,,4250
2022/2/16 21:00:00,5.4,8,1,0,1,8,1,2,8,1,,4045
2022/2/16 22:00:00,5.5,8,1,0,1,8,1,,0,1,,3807
2022/2/16 23:00:00,4.2,8,1,0,1,8,1,,0,1,,3589
2022/2/17 00:00:00,3.3,8,1,0,1,8,1,,0,1,,3285
2022/2/17 1:00:00,2.6,8,1,0,1,8,1,,0,1,,3149
2022/2/17 2:00:00,3.9,8,1,0,1,8,1,,0,1,,3108
2022/2/17 3:00:00,3.5,8,1,0,1,8,1,2,8,1,,3088
2022/2/17 4:00:00,2.5,8,1,0,1,8,1,,0,1,,3138
2022/2/17 5:00:00,2.5,8,1,0,1,8,1,,0,1,,3373
2022/2/17 6:00:00,1.8,8,1,0,1,8,1,2,8,1,,3866
2022/2/17 7:00:00,1.9,8,1,0,1,8,1,,0,1,,4225
2022/2/17 8:00:00,3.8,8,1,0,1,8,1,,0,1,,4461
2022/2/17 9:00:00,5,8,1,0,1,8,1,1,8,1,,4548
2022/2/17 10:00:00,6.2,8,1,0,1,8,1,,0,1,,4470
2022/2/17 11:00:00,8.3,8,1,0,1,8,1,,0,1,,4424
2022/2/17 12:00:00,9,8,1,0,1,8,1,2,8,1,,4264
2022/2/17 13:00:00,7.2,8,1,0,1,8,1,,0,1,,4300
2022/2/17 14:00:00,8.7,8,1,0,1,8,1,,0,1,,4255
2022/2/17 15:00:00,8.2,8,1,0,1,8,1,2,8,1,,4218
2022/2/17 16:00:00,6.9,8,1,0,1,8,1,,0,1,,4390
2022/2/17 17:00:00,5.5,8,1,0,1,8,1,,0,1,,4625
2022/2/17 18:00:00,4.7,8,1,0,1,8,1,1,8,1,,4723
2022/2/17 19:00:00,4.3,8,1,0,1,8,1,,0,1,,4639
2022/2/17 20:00:00,4.5,8,1,0,1,8,1,,0,1,,4502
2022/2/17 21:00:00,3.7,8,1,0,1,8,1,1,8,1,,4297
2022/2/17 22:00:00,2.7,8,1,0,1,8,1,,0,1,,4033
2022/2/17 23:00:00,1.7,8,1,0,1,8,1,,0,1,,3791
2022/2/18 00:00:00,1.4,8,1,0,1,8,1,,0,1,,3468
2022/2/18 1:00:00,0.4,8,1,0,1,8,1,,0,1,,3300
2022/2/18 2:00:00,1.4,8,1,0,1,8,1,,0,1,,3227
2022/2/18 3:00:00,1,8,1,0,1,8,1,1,8,1,,3190
2022/2/18 4:00:00,1.9,8,1,0,1,8,1,,0,1,,3229
2022/2/18 5:00:00,1.5,8,1,0,1,8,1,,0,1,,3460
2022/2/18 6:00:00,2,8,1,0,1,8,1,1,8,1,,3943
2022/2/18 7:00:00,2.4,8,1,0,1,8,1,,0,1,,4281
2022/2/18 8:00:00,4.1,8,1,0,1,8,1,,0,1,,4512
2022/2/18 9:00:00,6.4,8,1,0,1,8,1,1,8,1,,4632
2022/2/18 10:00:00,8.1,8,1,0,1,8,1,,0,1,,4522
2022/2/18 11:00:00,8.9,8,1,0,1,8,1,,0,1,,4406
2022/2/18 12:00:00,10.4,8,1,0,1,8,1,1,8,1,,4209
2022/2/18 13:00:00,10.6,8,1,0,1,8,1,,0,1,,4200
2022/2/18 14:00:00,10.6,8,1,0,1,8,1,,0,1,,4107
2022/2/18 15:00:00,10.6,8,1,0,1,8,1,1,8,1,,4056
2022/2/18 16:00:00,9.7,8,1,0,1,8,1,,0,1,,4159
2022/2/18 17:00:00,8.5,8,1,0,1,8,1,,0,1,,4354
2022/2/18 18:00:00,7.7,8,1,0,1,8,1,1,8,1,,4448
2022/2/18 19:00:00,7.1,8,1,0,1,8,1,,0,1,,4365
2022/2/18 20:00:00,6.8,8,1,0,1,8,1,,0,1,,4251
2022/2/18 21:00:00,5.7,8,1,0,1,8,1,1,8,1,,4062
2022/2/18 22:00:00,4.7,8,1,0,1,8,1,,0,1,,3848
2022/2/18 23:00:00,3.8,8,1,0,1,8,1,,0,1,,3655
2022/2/19 00:00:00,3.3,8,1,0,1,8,1,,0,1,,3379
2022/2/19 1:00:00,2.8,8,1,0,1,8,1,,0,1,,3208
2022/2/19 2:00:00,2,8,1,0,1,8,1,,0,1,,3132
2022/2/19 3:00:00,1.9,8,1,0,1,8,1,1,8,1,,3088
2022/2/19 4:00:00,1.8,8,1,0,1,8,1,,0,1,,3082
2022/2/19 5:00:00,2.7,8,1,0,1,8,1,,0,1,,3175
2022/2/19 6:00:00,2.7,8,1,0,1,8,1,2,8,1,,3416
2022/2/19 7:00:00,2.3,8,1,0,1,8,1,,0,1,,3723
2022/2/19 8:00:00,2.8,8,1,0,1,8,1,,0,1,,4052
2022/2/19 9:00:00,3.8,8,1,0,1,8,1,4,8,1,,4233
2022/2/19 10:00:00,4.7,8,1,0,1,8,1,,0,1,,4128
2022/2/19 11:00:00,5.3,8,1,0,1,8,1,,0,1,,4036
2022/2/19 12:00:00,7.1,8,1,0,1,8,1,4,8,1,,3895
2022/2/19 13:00:00,8.3,8,1,0,1,8,1,,0,1,,3816
2022/2/19 14:00:00,7.9,8,1,0,1,8,1,,0,1,,3772
2022/2/19 15:00:00,8.3,8,1,0,0,8,1,4,8,1,,3793
2022/2/19 16:00:00,8.2,8,1,0,0,8,1,,0,1,,3868
2022/2/19 17:00:00,6.5,8,1,0,0,8,1,,0,1,,4038
2022/2/19 18:00:00,6,8,1,0,0,8,1,10,8,1,,4094
2022/2/19 19:00:00,6.3,8,1,0.5,0,8,1,,0,1,,4012
2022/2/19 20:00:00,6.4,8,1,0.5,0,8,1,,0,1,,3884
2022/2/19 21:00:00,6.2,8,1,1,0,8,1,10,8,1,,3684
2022/2/19 22:00:00,5.4,8,1,1,0,8,1,,0,1,,3478
2022/2/19 23:00:00,5.1,8,1,0.5,0,8,1,,0,1,,3280
2022/2/20 00:00:00,4.5,8,1,3,0,8,1,,0,1,,3049
2022/2/20 1:00:00,4,8,1,0.5,0,8,1,,0,1,,2920
2022/2/20 2:00:00,4,8,1,1.5,0,8,1,,0,1,,2856
2022/2/20 3:00:00,4.1,8,1,0.5,0,8,1,4,8,1,,2808
2022/2/20 4:00:00,4.2,8,1,0,0,8,1,,0,1,,2780
2022/2/20 5:00:00,4.5,8,1,0,0,8,1,,0,1,,2821
2022/2/20 6:00:00,4.9,8,1,1,0,8,1,10,8,1,,2969
2022/2/20 7:00:00,5.1,8,1,4,0,8,1,,0,1,,3222
2022/2/20 8:00:00,5.4,8,1,1.5,0,8,1,,0,1,,3499
2022/2/20 9:00:00,5.8,8,1,0,0,8,1,10,8,1,,3733
2022/2/20 10:00:00,6,8,1,0,1,8,1,,0,1,,3751
2022/2/20 11:00:00,7.1,8,1,0,0,8,1,,0,1,,3568
2022/2/20 12:00:00,8.8,8,1,0,1,8,1,4,8,1,,3463
2022/2/20 13:00:00,9.2,8,1,0,1,8,1,,0,1,,3441
2022/2/20 14:00:00,9.2,8,1,0,0,8,1,,0,1,,3375
2022/2/20 15:00:00,8.6,8,1,0,0,8,1,10,8,1,,3428
2022/2/20 16:00:00,8.7,8,1,0,0,8,1,,0,1,,3589
2022/2/20 17:00:00,7.7,8,1,0,0,8,1,,0,1,,3900
2022/2/20 18:00:00,7.3,8,1,0,1,8,1,4,8,1,,4051
2022/2/20 19:00:00,6.9,8,1,0,1,8,1,,0,1,,4050
2022/2/20 20:00:00,5.5,8,1,0,1,8,1,,0,1,,3978
2022/2/20 21:00:00,4.4,8,1,0,1,8,1,1,8,1,,3828
2022/2/20 22:00:00,3.7,8,1,0,1,8,1,,0,1,,3593
2022/2/20 23:00:00,2.7,8,1,0,1,8,1,,0,1,,3391
2022/2/21 00:00:00,2.7,8,1,0,1,8,1,,0,1,,3168
2022/2/21 1:00:00,2.2,8,1,0,1,8,1,,0,1,,3037
2022/2/21 2:00:00,2.4,8,1,0,1,8,1,,0,1,,2999
2022/2/21 3:00:00,2.1,8,1,0,1,8,1,1,8,1,,2990
2022/2/21 4:00:00,1.8,8,1,0,1,8,1,,0,1,,3050
2022/2/21 5:00:00,1.8,8,1,0,1,8,1,,0,1,,3317
2022/2/21 6:00:00,1.4,8,1,0,1,8,1,1,8,1,,3836
2022/2/21 7:00:00,1.7,8,1,0,1,8,1,,0,1,,4198
2022/2/21 8:00:00,2.9,8,1,0,1,8,1,,0,1,,4459
2022/2/21 9:00:00,4.3,8,1,0,1,8,1,1,8,1,,4635
2022/2/21 10:00:00,4.6,8,1,0,1,8,1,,0,1,,4564
2022/2/21 11:00:00,6.9,8,1,0,1,8,1,,0,1,,4504
2022/2/21 12:00:00,7.8,8,1,0,1,8,1,1,8,1,,4300
2022/2/21 13:00:00,7.7,8,1,0,1,8,1,,0,1,,4304
2022/2/21 14:00:00,7.9,8,1,0,1,8,1,,0,1,,4225
2022/2/21 15:00:00,8,8,1,0,1,8,1,1,8,1,,4203
2022/2/21 16:00:00,7,8,1,0,1,8,1,,0,1,,4388
2022/2/21 17:00:00,5.5,8,1,0,1,8,1,,0,1,,4634
2022/2/21 18:00:00,4.5,8,1,0,1,8,1,1,8,1,,4768
2022/2/21 19:00:00,3.8,8,1,0,1,8,1,,0,1,,4678
2022/2/21 20:00:00,3.4,8,1,0,1,8,1,,0,1,,4534
2022/2/21 21:00:00,3,8,1,0,1,8,1,1,8,1,,4319
2022/2/21 22:00:00,2.6,8,1,0,1,8,1,,0,1,,4036
2022/2/21 23:00:00,2.8,8,1,0,1,8,1,,0,1,,3748
2022/2/22 00:00:00,1.3,8,1,0,1,8,1,,0,1,,3436
2022/2/22 1:00:00,2.7,8,1,0,1,8,1,,0,1,,3280
2022/2/22 2:00:00,2.1,8,1,0,1,8,1,,0,1,,3219
2022/2/22 3:00:00,1.3,8,1,0,1,8,1,1,8,1,,3181
2022/2/22 4:00:00,1.3,8,1,0,1,8,1,,0,1,,3233
2022/2/22 5:00:00,1.3,8,1,0,1,8,1,,0,1,,3487
2022/2/22 6:00:00,0,8,1,0,1,8,1,1,8,1,,4014
2022/2/22 7:00:00,0.4,8,1,0,1,8,1,,0,1,,4327
2022/2/22 8:00:00,2.6,8,1,0,1,8,1,,0,1,,4552
2022/2/22 9:00:00,4.4,8,1,0,1,8,1,1,8,1,,4641
2022/2/22 10:00:00,6.1,8,1,0,1,8,1,,0,1,,4551
2022/2/22 11:00:00,7.3,8,1,0,1,8,1,,0,1,,4464
2022/2/22 12:00:00,7.9,8,1,0,1,8,1,1,8,1,,4261
2022/2/22 13:00:00,9.1,8,1,0,1,8,1,,0,1,,4284
2022/2/22 14:00:00,9.1,8,1,0,1,8,1,,0,1,,4229
2022/2/22 15:00:00,9.1,8,1,0,1,8,1,2,8,1,,4213
2022/2/22 16:00:00,8.5,8,1,0,1,8,1,,0,1,,4327
2022/2/22 17:00:00,7,8,1,0,1,8,1,,0,1,,4529
2022/2/22 18:00:00,5.9,8,1,0,1,8,1,2,8,1,,4652
2022/2/22 19:00:00,5.4,8,1,0,1,8,1,,0,1,,4576
2022/2/22 20:00:00,3.9,8,1,0,1,8,1,,0,1,,4472
2022/2/22 21:00:00,2.8,8,1,0,1,8,1,1,8,1,,4274
2022/2/22 22:00:00,2.8,8,1,0,1,8,1,,0,1,,4036
2022/2/22 23:00:00,2.4,8,1,0,1,8,1,,0,1,,3787
2022/2/23 00:00:00,2.1,8,1,0,1,8,1,,0,1,,3496
2022/2/23 1:00:00,1.8,8,1,0,1,8,1,,0,1,,3331
2022/2/23 2:00:00,1.3,8,1,0,1,8,1,,0,1,,3247
2022/2/23 3:00:00,0.9,8,1,0,1,8,1,1,8,1,,3206
2022/2/23 4:00:00,1.1,8,1,0,1,8,1,,0,1,,3197
2022/2/23 5:00:00,1.2,8,1,0,1,8,1,,0,1,,3316
2022/2/23 6:00:00,1.3,8,1,0,1,8,1,1,8,1,,3592
2022/2/23 7:00:00,1.6,8,1,0,1,8,1,,0,1,,3814
2022/2/23 8:00:00,2.6,8,1,0,1,8,1,,0,1,,3986
2022/2/23 9:00:00,4,8,1,0,1,8,1,1,8,1,,4071
2022/2/23 10:00:00,6.2,8,1,0,1,8,1,,0,1,,4045
2022/2/23 11:00:00,7.1,8,1,0,1,8,1,,0,1,,3965
2022/2/23 12:00:00,7.2,8,1,0,1,8,1,1,8,1,,3796
2022/2/23 13:00:00,7.9,8,1,0,1,8,1,,0,1,,3744
2022/2/23 14:00:00,8.9,8,1,0,1,8,1,,0,1,,3650
2022/2/23 15:00:00,7.9,8,1,0,1,8,1,2,8,1,,3666
2022/2/23 16:00:00,7.7,8,1,0,1,8,1,,0,1,,3852
2022/2/23 17:00:00,6.6,8,1,0,1,8,1,,0,1,,4154
2022/2/23 18:00:00,6.9,8,1,0,1,8,1,2,8,1,,4348
2022/2/23 19:00:00,5.9,8,1,0,1,8,1,,0,1,,4339
2022/2/23 20:00:00,4.5,8,1,0,1,8,1,,0,1,,4268
2022/2/23 21:00:00,3.5,8,1,0,1,8,1,2,8,1,,4091
2022/2/23 22:00:00,3.6,8,1,0,1,8,1,,0,1,,3831
2022/2/23 23:00:00,2.9,8,1,0,1,8,1,,0,1,,3598
2022/2/24 00:00:00,2.3,8,1,0,1,8,1,,0,1,,3321
2022/2/24 1:00:00,2.6,8,1,0,1,8,1,,0,1,,3191
2022/2/24 2:00:00,2.7,8,1,0,1,8,1,,0,1,,3143
2022/2/24 3:00:00,2.3,8,1,0,1,8,1,4,8,1,,3116
2022/2/24 4:00:00,2.2,8,1,0,1,8,1,,0,1,,3162
2022/2/24 5:00:00,2.1,8,1,0,1,8,1,,0,1,,3393
2022/2/24 6:00:00,2.2,8,1,0,1,8,1,4,8,1,,3893
2022/2/24 7:00:00,2.3,8,1,0,1,8,1,,0,1,,4263
2022/2/24 8:00:00,3.4,8,1,0,1,8,1,,0,1,,4535
2022/2/24 9:00:00,4.8,8,1,0,1,8,1,2,8,1,,4659
2022/2/24 10:00:00,5.8,8,1,0,1,8,1,,0,1,,4587
2022/2/24 11:00:00,7.6,8,1,0,1,8,1,,0,1,,4479
2022/2/24 12:00:00,9.1,8,1,0,1,8,1,1,8,1,,4240
2022/2/24 13:00:00,9.5,8,1,0,1,8,1,,0,1,,4236
2022/2/24 14:00:00,8.8,8,1,0,1,8,1,,0,1,,4135
2022/2/24 15:00:00,9.4,8,1,0,1,8,1,1,8,1,,4100
2022/2/24 16:00:00,8.3,8,1,0,1,8,1,,0,1,,4259
2022/2/24 17:00:00,7.1,8,1,0,1,8,1,,0,1,,4502
2022/2/24 18:00:00,6.1,8,1,0,1,8,1,1,8,1,,4651
2022/2/24 19:00:00,5.2,8,1,0,1,8,1,,0,1,,4576
2022/2/24 20:00:00,4.5,8,1,0,1,8,1,,0,1,,4447
2022/2/24 21:00:00,3.2,8,1,0,1,8,1,1,8,1,,4220
2022/2/24 22:00:00,2.8,8,1,0,1,8,1,,0,1,,3943
2022/2/24 23:00:00,2.2,8,1,0,1,8,1,,0,1,,3695
2022/2/25 00:00:00,1.9,8,1,0,1,8,1,,0,1,,3386
2022/2/25 1:00:00,2.1,8,1,0,1,8,1,,0,1,,3236
2022/2/25 2:00:00,1.9,8,1,0,1,8,1,,0,1,,3175
2022/2/25 3:00:00,1.5,8,1,0,1,8,1,1,8,1,,3148
2022/2/25 4:00:00,0.8,8,1,0,1,8,1,,0,1,,3190
2022/2/25 5:00:00,0.4,8,1,0,1,8,1,,0,1,,3435
2022/2/25 6:00:00,0.2,8,1,0,1,8,1,1,8,1,,3934
2022/2/25 7:00:00,1.1,8,1,0,1,8,1,,0,1,,4197
2022/2/25 8:00:00,4.7,8,1,0,1,8,1,,0,1,,4352
2022/2/25 9:00:00,7.2,8,1,0,1,8,1,1,8,1,,4433
2022/2/25 10:00:00,8.4,8,1,0,1,8,1,,0,1,,4318
2022/2/25 11:00:00,9.3,8,1,0,1,8,1,,0,1,,4192
2022/2/25 12:00:00,11,8,1,0,1,8,1,1,8,1,,3984
2022/2/25 13:00:00,12,8,1,0,1,8,1,,0,1,,3964
2022/2/25 14:00:00,12.5,8,1,0,1,8,1,,0,1,,3866
2022/2/25 15:00:00,12,8,1,0,1,8,1,1,8,1,,3812
2022/2/25 16:00:00,11.2,8,1,0,1,8,1,,0,1,,3913
2022/2/25 17:00:00,10,8,1,0,1,8,1,,0,1,,4103
2022/2/25 18:00:00,8.7,8,1,0,1,8,1,1,8,1,,4237
2022/2/25 19:00:00,8.7,8,1,0,1,8,1,,0,1,,4173
2022/2/25 20:00:00,7.4,8,1,0,1,8,1,,0,1,,4056
2022/2/25 21:00:00,6.5,8,1,0,1,8,1,1,8,1,,3869
2022/2/25 22:00:00,7,8,1,0,1,8,1,,0,1,,3671
2022/2/25 23:00:00,6.1,8,1,0,1,8,1,,0,1,,3458
2022/2/26 00:00:00,4.8,8,1,0,1,8,1,,0,1,,3219
2022/2/26 1:00:00,4.7,8,1,0,1,8,1,,0,1,,3083
2022/2/26 2:00:00,4.1,8,1,0,1,8,1,,0,1,,3027
2022/2/26 3:00:00,3.4,8,1,0,1,8,1,1,8,1,,2992
2022/2/26 4:00:00,3.6,8,1,0,1,8,1,,0,1,,2997
2022/2/26 5:00:00,4,8,1,0,1,8,1,,0,1,,3091
2022/2/26 6:00:00,3.5,8,1,0,1,8,1,1,8,1,,3315
2022/2/26 7:00:00,3.5,8,1,0,1,8,1,,0,1,,3440
2022/2/26 8:00:00,6.6,8,1,0,1,8,1,,0,1,,3537
2022/2/26 9:00:00,9.2,8,1,0,1,8,1,1,8,1,,3572
2022/2/26 10:00:00,10,8,1,0,1,8,1,,0,1,,3497
2022/2/26 11:00:00,12.3,8,1,0,1,8,1,,0,1,,3418
2022/2/26 12:00:00,12.5,8,1,0,1,8,1,1,8,1,,3295
2022/2/26 13:00:00,13.5,8,1,0,1,8,1,,0,1,,3239
2022/2/26 14:00:00,13.1,8,1,0,1,8,1,,0,1,,3179
2022/2/26 15:00:00,13.7,8,1,0,1,8,1,2,8,1,,3132
2022/2/26 16:00:00,12,8,1,0,1,8,1,,0,1,,3195
2022/2/26 17:00:00,11.3,8,1,0,1,8,1,,0,1,,3434
2022/2/26 18:00:00,9.7,8,1,0,1,8,1,1,8,1,,3616
2022/2/26 19:00:00,9.8,8,1,0,1,8,1,,0,1,,3597
2022/2/26 20:00:00,10,8,1,0,1,8,1,,0,1,,3531
2022/2/26 21:00:00,9.5,8,1,0,1,8,1,2,8,1,,3398
2022/2/26 22:00:00,9.6,8,1,0,1,8,1,,0,1,,3218
2022/2/26 23:00:00,8.9,8,1,0,1,8,1,,0,1,,3038
2022/2/27 00:00:00,8.5,8,1,0,1,8,1,,0,1,,2836
2022/2/27 1:00:00,7.6,8,1,0,1,8,1,,0,1,,2737
2022/2/27 2:00:00,6.7,8,1,0,1,8,1,,0,1,,2713
2022/2/27 3:00:00,5.8,8,1,0,1,8,1,3,8,1,,2697
2022/2/27 4:00:00,5.5,8,1,0,1,8,1,,0,1,,2708
2022/2/27 5:00:00,4.1,8,1,0,1,8,1,,0,1,,2776
2022/2/27 6:00:00,3.9,8,1,0,1,8,1,1,8,1,,2910
2022/2/27 7:00:00,5.4,8,1,0,1,8,1,,0,1,,3018
2022/2/27 8:00:00,7.5,8,1,0,1,8,1,,0,1,,3109
2022/2/27 9:00:00,10.4,8,1,0,1,8,1,1,8,1,,3157
2022/2/27 10:00:00,12.4,8,1,0,1,8,1,,0,1,,3112
2022/2/27 11:00:00,15.7,8,1,0,1,8,1,,0,1,,3075
2022/2/27 12:00:00,16.6,8,1,0,1,8,1,1,8,1,,2997
2022/2/27 13:00:00,16.6,8,1,0,1,8,1,,0,1,,2916
2022/2/27 14:00:00,16.2,8,1,0,1,8,1,,0,1,,2835
2022/2/27 15:00:00,15,8,1,0,1,8,1,1,8,1,,2839
2022/2/27 16:00:00,13.9,8,1,0,1,8,1,,0,1,,2982
2022/2/27 17:00:00,11.9,8,1,0,1,8,1,,0,1,,3315
2022/2/27 18:00:00,10.3,8,1,0,1,8,1,1,8,1,,3579
2022/2/27 19:00:00,8.7,8,1,0,1,8,1,,0,1,,3593
2022/2/27 20:00:00,7.7,8,1,0,1,8,1,,0,1,,3536
2022/2/27 21:00:00,7.6,8,1,0,1,8,1,1,8,1,,3389
2022/2/27 22:00:00,6.8,8,1,0,1,8,1,,0,1,,3191
2022/2/27 23:00:00,6.5,8,1,0,1,8,1,,0,1,,3014
2022/2/28 00:00:00,6.2,8,1,0,1,8,1,,0,1,,2828
2022/2/28 1:00:00,6.1,8,1,0,1,8,1,,0,1,,2742
2022/2/28 2:00:00,5.5,8,1,0,1,8,1,,0,1,,2729
2022/2/28 3:00:00,5.2,8,1,0,1,8,1,1,8,1,,2738
2022/2/28 4:00:00,5.8,8,1,0,1,8,1,,0,1,,2807
2022/2/28 5:00:00,5.1,8,1,0,1,8,1,,0,1,,3034
2022/2/28 6:00:00,5.5,8,1,0,1,8,1,2,8,1,,3457
2022/2/28 7:00:00,5.8,8,1,0,1,8,1,,0,1,,3713
2022/2/28 8:00:00,8.7,8,1,0,1,8,1,,0,1,,3922
2022/2/28 9:00:00,10.5,8,1,0,1,8,1,1,8,1,,4024
2022/2/28 10:00:00,12.1,8,1,0,1,8,1,,0,1,,3937
2022/2/28 11:00:00,13,8,1,0,1,8,1,,0,1,,3858
2022/2/28 12:00:00,14.1,8,1,0,1,8,1,1,8,1,,3673
2022/2/28 13:00:00,14.7,8,1,0,1,8,1,,0,1,,3684
2022/2/28 14:00:00,14.5,8,1,0,1,8,1,,0,1,,3642
2022/2/28 15:00:00,13.4,8,1,0,1,8,1,4,8,1,,3621
2022/2/28 16:00:00,13,8,1,0,1,8,1,,0,1,,3644
2022/2/28 17:00:00,12.5,8,1,0,1,8,1,,0,1,,3782
2022/2/28 18:00:00,10.6,8,1,0,1,8,1,2,8,1,,3901
2022/2/28 19:00:00,10.8,8,1,0,1,8,1,,0,1,,3821
2022/2/28 20:00:00,10.2,8,1,0,1,8,1,,0,1,,3696
2022/2/28 21:00:00,9.9,8,1,0,1,8,1,3,8,1,,3516
2022/2/28 22:00:00,10,8,1,0,1,8,1,,0,1,,3326
2022/2/28 23:00:00,9.5,8,1,0,1,8,1,,0,1,,3101
2022/3/1 00:00:00,8.8,8,1,0,1,8,1,,0,1,,2876
2022/3/1 1:00:00,8.2,8,1,0,1,8,1,,0,1,,2788
2022/3/1 2:00:00,7.5,8,1,0,1,8,1,,0,1,,2778
2022/3/1 3:00:00,7,8,1,0,1,8,1,1,8,1,,2783
2022/3/1 4:00:00,6,8,1,0,1,8,1,,0,1,,2844
2022/3/1 5:00:00,6.1,8,1,0,1,8,1,,0,1,,3049
2022/3/1 6:00:00,5.4,8,1,0,1,8,1,1,8,1,,3414
2022/3/1 7:00:00,5.9,8,1,0,1,8,1,,0,1,,3637
2022/3/1 8:00:00,7.2,8,1,0,1,8,1,,0,1,,3839
2022/3/1 9:00:00,9.4,8,1,0,1,8,1,3,8,1,,4030
2022/3/1 10:00:00,10.7,8,1,0,1,8,1,,0,1,,3869
2022/3/1 11:00:00,12.5,8,1,0,1,8,1,,0,1,,3777
2022/3/1 12:00:00,13.9,8,1,0,1,8,1,3,8,1,,3558
2022/3/1 13:00:00,13.8,8,1,0,1,8,1,,0,1,,3668
2022/3/1 14:00:00,16.7,8,1,0,1,8,1,,0,1,,3752
2022/3/1 15:00:00,18.2,8,1,0,1,8,1,2,8,1,,3673
2022/3/1 16:00:00,15.9,8,1,0,0,8,1,,0,1,,3690
2022/3/1 17:00:00,14,8,1,0,0,8,1,,0,1,,3798
2022/3/1 18:00:00,13.7,8,1,0,1,8,1,3,8,1,,3864
2022/3/1 19:00:00,13.5,8,1,0,1,8,1,,0,1,,3758
2022/3/1 20:00:00,12.6,8,1,0,1,8,1,,0,1,,3618
2022/3/1 21:00:00,12.3,8,1,0,1,8,1,4,8,1,,3421
2022/3/1 22:00:00,12,8,1,0,1,8,1,,0,1,,3224
2022/3/1 23:00:00,11.7,8,1,0,1,8,1,,0,1,,3023
2022/3/2 00:00:00,10.5,8,1,0,1,8,1,,0,1,,2805
2022/3/2 1:00:00,10.1,8,1,0,1,8,1,,0,1,,2713
2022/3/2 2:00:00,9.4,8,1,0,1,8,1,,0,1,,2702
2022/3/2 3:00:00,8.7,8,1,0,1,8,1,2,8,1,,2725
2022/3/2 4:00:00,8,8,1,0,1,8,1,,0,1,,2786
2022/3/2 5:00:00,8.7,8,1,0,1,8,1,,0,1,,2961
2022/3/2 6:00:00,8.4,8,1,0,1,8,1,1,8,1,,3249
2022/3/2 7:00:00,9.2,8,1,0,1,8,1,,0,1,,3411
2022/3/2 8:00:00,10.7,8,1,0,1,8,1,,0,1,,3605
2022/3/2 9:00:00,12.6,8,1,0,1,8,1,1,8,1,,3721
2022/3/2 10:00:00,13.3,8,1,0,1,8,1,,0,1,,3712
2022/3/2 11:00:00,13.5,8,1,0,1,8,1,,0,1,,3674
2022/3/2 12:00:00,14.1,8,1,0,1,8,1,4,8,1,,3453
2022/3/2 13:00:00,14,8,1,0,1,8,1,,0,1,,3463
2022/3/2 14:00:00,15.2,8,1,0,1,8,1,,0,1,,3518
2022/3/2 15:00:00,15.1,8,1,0,1,8,1,4,8,1,,3461
2022/3/2 16:00:00,13.6,8,1,0,1,8,1,,0,1,,3599
2022/3/2 17:00:00,12.5,8,1,0,1,8,1,,0,1,,3756
2022/3/2 18:00:00,11.8,8,1,0,1,8,1,4,8,1,,3820
2022/3/2 19:00:00,11.6,8,1,0,1,8,1,,0,1,,3723
2022/3/2 20:00:00,11.5,8,1,0,1,8,1,,0,1,,3596
2022/3/2 21:00:00,11.8,8,1,0,1,8,1,4,8,1,,3404
2022/3/2 22:00:00,8.7,8,1,0,0,8,1,,0,1,,3220
2022/3/2 23:00:00,7.7,8,1,4,0,8,1,,0,1,,3016
2022/3/3 00:00:00,7.8,8,1,0,1,8,1,,0,1,,2776
2022/3/3 1:00:00,7.6,8,1,0,1,8,1,,0,1,,2682
2022/3/3 2:00:00,7.2,8,1,0,1,8,1,,0,1,,2681
2022/3/3 3:00:00,6.9,8,1,0,1,8,1,4,8,1,,2706
2022/3/3 4:00:00,5.8,8,1,0,1,8,1,,0,1,,2771
2022/3/3 5:00:00,5.8,8,1,0,1,8,1,,0,1,,2956
2022/3/3 6:00:00,4.9,8,1,0,1,8,1,2,8,1,,3275
2022/3/3 7:00:00,6.4,8,1,0,1,8,1,,0,1,,3453
2022/3/3 8:00:00,7.7,8,1,0,1,8,1,,0,1,,3664
2022/3/3 9:00:00,8.6,8,1,0,1,8,1,4,8,1,,3827
2022/3/3 10:00:00,10.4,8,1,0,1,8,1,,0,1,,3741
2022/3/3 11:00:00,12,8,1,0,1,8,1,,0,1,,3677
2022/3/3 12:00:00,13,8,1,0,1,8,1,2,8,1,,3507
2022/3/3 13:00:00,12.6,8,1,0,1,8,1,,0,1,,3549
2022/3/3 14:00:00,14.2,8,1,0,1,8,1,,0,1,,3481
2022/3/3 15:00:00,14.5,8,1,0,1,8,1,1,8,1,,3447
2022/3/3 16:00:00,13.4,8,1,0,1,8,1,,0,1,,3563
2022/3/3 17:00:00,12.5,8,1,0,0,8,1,,0,1,,3729
2022/3/3 18:00:00,12.5,8,1,0,0,8,1,4,8,1,,3838
2022/3/3 19:00:00,10.7,8,1,0,1,8,1,,0,1,,3767
2022/3/3 20:00:00,9.7,8,1,0,1,8,1,,0,1,,3673
2022/3/3 21:00:00,8.6,8,1,0,1,8,1,1,8,1,,3499
2022/3/3 22:00:00,7.8,8,1,0,1,8,1,,0,1,,3303
2022/3/3 23:00:00,7.4,8,1,0,1,8,1,,0,1,,3102
2022/3/4 00:00:00,6.7,8,1,0,1,8,1,,0,1,,2884
2022/3/4 1:00:00,6.5,8,1,0,1,8,1,,0,1,,2792
2022/3/4 2:00:00,5.9,8,1,0,1,8,1,,0,1,,2777
2022/3/4 3:00:00,5.8,8,1,0,1,8,1,2,8,1,,2786
2022/3/4 4:00:00,5.2,8,1,0,1,8,1,,0,1,,2838
2022/3/4 5:00:00,5.3,8,1,0,1,8,1,,0,1,,3020
2022/3/4 6:00:00,5.1,8,1,0,1,8,1,2,8,1,,3369
2022/3/4 7:00:00,5.6,8,1,0,1,8,1,,0,1,,3633
2022/3/4 8:00:00,5.9,8,1,0,1,8,1,,0,1,,3902
2022/3/4 9:00:00,6.8,8,1,0,1,8,1,4,8,1,,4016
2022/3/4 10:00:00,7.1,8,1,0,1,8,1,,0,1,,3986
2022/3/4 11:00:00,9.5,8,1,0,1,8,1,,0,1,,3881
2022/3/4 12:00:00,9.2,8,1,0,1,8,1,2,8,1,,3662
2022/3/4 13:00:00,11,8,1,0,1,8,1,,0,1,,3735
2022/3/4 14:00:00,11.1,8,1,0,1,8,1,,0,1,,3697
2022/3/4 15:00:00,11.6,8,1,0,1,8,1,3,8,1,,3664
2022/3/4 16:00:00,10.8,8,1,0,1,8,1,,0,1,,3757
2022/3/4 17:00:00,9.8,8,1,0,1,8,1,,0,1,,3903
2022/3/4 18:00:00,9,8,1,0,1,8,1,3,8,1,,3974
2022/3/4 19:00:00,8.8,8,1,0,1,8,1,,0,1,,3874
2022/3/4 20:00:00,9,8,1,0,1,8,1,,0,1,,3732
2022/3/4 21:00:00,9,8,1,0,1,8,1,4,8,1,,3517
2022/3/4 22:00:00,9.4,8,1,0,1,8,1,,0,1,,3315
2022/3/4 23:00:00,9.1,8,1,0,1,8,1,,0,1,,3101
2022/3/5 00:00:00,7.6,8,1,0,1,8,1,,0,1,,2857
2022/3/5 1:00:00,6.5,8,1,0,1,8,1,,0,1,,2745
2022/3/5 2:00:00,7.4,8,1,0,1,8,1,,0,1,,2712
2022/3/5 3:00:00,6.3,8,1,0,1,8,1,2,8,1,,2719
2022/3/5 4:00:00,5,8,1,0,1,8,1,,0,1,,2740
2022/3/5 5:00:00,5.1,8,1,0,1,8,1,,0,1,,2824
2022/3/5 6:00:00,4.7,8,1,0,1,8,1,2,8,1,,2963
2022/3/5 7:00:00,6.2,8,1,0,1,8,1,,0,1,,3041
2022/3/5 8:00:00,7.8,8,1,0,1,8,1,,0,1,,3139
2022/3/5 9:00:00,8.5,8,1,0,1,8,1,1,8,1,,3208
2022/3/5 10:00:00,10.6,8,1,0,1,8,1,,0,1,,3159
2022/3/5 11:00:00,12.7,8,1,0,1,8,1,,0,1,,3134
2022/3/5 12:00:00,13.7,8,1,0,1,8,1,1,8,1,,3036
2022/3/5 13:00:00,16.8,8,1,0,1,8,1,,0,1,,2992
2022/3/5 14:00:00,17.1,8,1,0,1,8,1,,0,1,,2925
2022/3/5 15:00:00,17.6,8,1,0,1,8,1,1,8,1,,2896
2022/3/5 16:00:00,17.1,8,1,0,1,8,1,,0,1,,2935
2022/3/5 17:00:00,16.1,8,1,0,1,8,1,,0,1,,3111
2022/3/5 18:00:00,14.7,8,1,0,1,8,1,1,8,1,,3285
2022/3/5 19:00:00,13.9,8,1,0,1,8,1,,0,1,,3259
2022/3/5 20:00:00,14.1,8,1,0,1,8,1,,0,1,,3180
2022/3/5 21:00:00,13.5,8,1,0,1,8,1,2,8,1,,3033
2022/3/5 22:00:00,12.1,8,1,0,1,8,1,,0,1,,2898
2022/3/5 23:00:00,10.6,8,1,0,1,8,1,,0,1,,2768
2022/3/6 00:00:00,9.8,8,1,0,1,8,1,,0,1,,2592
2022/3/6 1:00:00,8.5,8,1,0,1,8,1,,0,1,,2521
2022/3/6 2:00:00,7.3,8,1,0,1,8,1,,0,1,,2520
2022/3/6 3:00:00,6.3,8,1,0,1,8,1,2,8,1,,2536
2022/3/6 4:00:00,6.4,8,1,0,1,8,1,,0,1,,2566
2022/3/6 5:00:00,6,8,1,0,1,8,1,,0,1,,2629
2022/3/6 6:00:00,5.7,8,1,0,1,8,1,1,8,1,,2712
2022/3/6 7:00:00,5.3,8,1,0,1,8,1,,0,1,,2734
2022/3/6 8:00:00,6.8,8,1,0,1,8,1,,0,1,,2822
2022/3/6 9:00:00,9.8,8,1,0,1,8,1,1,8,1,,2933
2022/3/6 10:00:00,11.3,8,1,0,1,8,1,,0,1,,2996
2022/3/6 11:00:00,11.9,8,1,0,1,8,1,,0,1,,2975
2022/3/6 12:00:00,11.5,8,1,0,1,8,1,2,8,1,,2917
2022/3/6 13:00:00,12.7,8,1,0,1,8,1,,0,1,,2912
2022/3/6 14:00:00,12.8,8,1,0,1,8,1,,0,1,,2840
2022/3/6 15:00:00,11.4,8,1,0,1,8,1,4,8,1,,2877
2022/3/6 16:00:00,10.8,8,1,0,1,8,1,,0,1,,3052
2022/3/6 17:00:00,9,8,1,0,1,8,1,,0,1,,3393
2022/3/6 18:00:00,7.2,8,1,0,1,8,1,2,8,1,,3665
2022/3/6 19:00:00,6,8,1,0,1,8,1,,0,1,,3691
2022/3/6 20:00:00,5.7,8,1,0,1,8,1,,0,1,,3619
2022/3/6 21:00:00,5.4,8,1,0,1,8,1,1,8,1,,3455
2022/3/6 22:00:00,5.3,8,1,0,1,8,1,,0,1,,3229
2022/3/6 23:00:00,5.2,8,1,0,1,8,1,,0,1,,3048
2022/3/7 00:00:00,5.1,8,1,0,1,8,1,,0,1,,2842
2022/3/7 1:00:00,4.9,8,1,0,1,8,1,,0,1,,2753
2022/3/7 2:00:00,5,8,1,0,1,8,1,,0,1,,2731
2022/3/7 3:00:00,4.5,8,1,0,1,8,1,1,8,1,,2734
2022/3/7 4:00:00,4.7,8,1,0,1,8,1,,0,1,,2790
2022/3/7 5:00:00,4.8,8,1,0,1,8,1,,0,1,,3016
2022/3/7 6:00:00,4.7,8,1,0,1,8,1,1,8,1,,3401
2022/3/7 7:00:00,5.4,8,1,0,1,8,1,,0,1,,3619
2022/3/7 8:00:00,7.8,8,1,0,1,8,1,,0,1,,3859
2022/3/7 9:00:00,9,8,1,0,1,8,1,2,8,1,,4033
2022/3/7 10:00:00,10.3,8,1,0,1,8,1,,0,1,,4002
2022/3/7 11:00:00,10.1,8,1,0,1,8,1,,0,1,,3964
2022/3/7 12:00:00,11.8,8,1,0,1,8,1,3,8,1,,3748
2022/3/7 13:00:00,13.1,8,1,0,1,8,1,,0,1,,3819
2022/3/7 14:00:00,12,8,1,0,1,8,1,,0,1,,3771
2022/3/7 15:00:00,12.7,8,1,0,1,8,1,3,8,1,,3714
2022/3/7 16:00:00,11.8,8,1,0,1,8,1,,0,1,,3749
2022/3/7 17:00:00,10.5,8,1,0,1,8,1,,0,1,,3903
2022/3/7 18:00:00,8.8,8,1,0,1,8,1,3,8,1,,4045
2022/3/7 19:00:00,9.4,8,1,0,1,8,1,,0,1,,3962
2022/3/7 20:00:00,7.7,8,1,0,1,8,1,,0,1,,3840
2022/3/7 21:00:00,7.7,8,1,0,1,8,1,4,8,1,,3640
2022/3/7 22:00:00,8.2,8,1,0,1,8,1,,0,1,,3430
2022/3/7 23:00:00,7.8,8,1,0,1,8,1,,0,1,,3206
2022/3/8 00:00:00,7.5,8,1,0,1,8,1,,0,1,,2960
2022/3/8 1:00:00,6.7,8,1,0,0,8,1,,0,1,,2836
2022/3/8 2:00:00,6.4,8,1,0,1,8,1,,0,1,,2812
2022/3/8 3:00:00,6,8,1,0,0,8,1,4,8,1,,2809
2022/3/8 4:00:00,5.8,8,1,0,0,8,1,,0,1,,2853
2022/3/8 5:00:00,5.2,8,1,0,0,8,1,,0,1,,3037
2022/3/8 6:00:00,4.8,8,1,0,0,8,1,10,8,1,,3423
2022/3/8 7:00:00,4.5,8,1,0,0,8,1,,0,1,,3818
2022/3/8 8:00:00,4.6,8,1,0,0,8,1,,0,1,,4236
2022/3/8 9:00:00,4.7,8,1,0,0,8,1,10,8,1,,4405
2022/3/8 10:00:00,5,8,1,0.5,0,8,1,,0,1,,4374
2022/3/8 11:00:00,5.5,8,1,0,0,8,1,,0,1,,4273
2022/3/8 12:00:00,5.7,8,1,0,0,8,1,4,8,1,,4085
2022/3/8 13:00:00,6.1,8,1,0,0,8,1,,0,1,,4210
2022/3/8 14:00:00,7,8,1,0,1,8,1,,0,1,,4166
2022/3/8 15:00:00,7.4,8,1,0,1,8,1,4,8,1,,4141
2022/3/8 16:00:00,7.8,8,1,0,1,8,1,,0,1,,4185
2022/3/8 17:00:00,7.7,8,1,0,1,8,1,,0,1,,4252
2022/3/8 18:00:00,7.4,8,1,0,1,8,1,4,8,1,,4296
2022/3/8 19:00:00,7.6,8,1,0,1,8,1,,0,1,,4154
2022/3/8 20:00:00,7.3,8,1,0,1,8,1,,0,1,,3988
2022/3/8 21:00:00,7.2,8,1,0,1,8,1,4,8,1,,3745
2022/3/8 22:00:00,7,8,1,0,1,8,1,,0,1,,3504
2022/3/8 23:00:00,6.4,8,1,0,0,8,1,,0,1,,3247
2022/3/9 00:00:00,6.2,8,1,0,1,8,1,,0,1,,2973
2022/3/9 1:00:00,4.8,8,1,0,1,8,1,,0,1,,2853
2022/3/9 2:00:00,4.7,8,1,0,1,8,1,,0,1,,2827
2022/3/9 3:00:00,5.2,8,1,0,1,8,1,4,8,1,,2834
2022/3/9 4:00:00,4.1,8,1,0,1,8,1,,0,1,,2887
2022/3/9 5:00:00,3.6,8,1,0,1,8,1,,0,1,,3090
2022/3/9 6:00:00,3,8,1,0,1,8,1,1,8,1,,3420
2022/3/9 7:00:00,4.6,8,1,0,1,8,1,,0,1,,3654
2022/3/9 8:00:00,6.3,8,1,0,1,8,1,,0,1,,3887
2022/3/9 9:00:00,7.8,8,1,0,1,8,1,1,8,1,,3980
2022/3/9 10:00:00,8.9,8,1,0,1,8,1,,0,1,,3927
2022/3/9 11:00:00,10,8,1,0,1,8,1,,0,1,,3880
2022/3/9 12:00:00,10.9,8,1,0,1,8,1,2,8,1,,3700
2022/3/9 13:00:00,12.5,8,1,0,1,8,1,,0,1,,3736
2022/3/9 14:00:00,12.5,8,1,0,1,8,1,,0,1,,3681
2022/3/9 15:00:00,12.8,8,1,0,1,8,1,3,8,1,,3634
2022/3/9 16:00:00,12.2,8,1,0,1,8,1,,0,1,,3700
2022/3/9 17:00:00,11.1,8,1,0,1,8,1,,0,1,,3832
2022/3/9 18:00:00,11.1,8,1,0,1,8,1,3,8,1,,3955
2022/3/9 19:00:00,9.5,8,1,0,1,8,1,,0,1,,3891
2022/3/9 20:00:00,8.1,8,1,0,1,8,1,,0,1,,3783
2022/3/9 21:00:00,7.6,8,1,0,1,8,1,2,8,1,,3596
2022/3/9 22:00:00,7,8,1,0,1,8,1,,0,1,,3402
2022/3/9 23:00:00,6.1,8,1,0,1,8,1,,0,1,,3184
2022/3/10 00:00:00,5.5,8,1,0,1,8,1,,0,1,,2947
2022/3/10 1:00:00,5.3,8,1,0,1,8,1,,0,1,,2842
2022/3/10 2:00:00,4.9,8,1,0,1,8,1,,0,1,,2826
2022/3/10 3:00:00,4,8,1,0,1,8,1,1,8,1,,2835
2022/3/10 4:00:00,5.2,8,1,0,1,8,1,,0,1,,2897
2022/3/10 5:00:00,3.8,8,1,0,1,8,1,,0,1,,3104
2022/3/10 6:00:00,4.1,8,1,0,1,8,1,1,8,1,,3425
2022/3/10 7:00:00,5.3,8,1,0,1,8,1,,0,1,,3632
2022/3/10 8:00:00,7.5,8,1,0,1,8,1,,0,1,,3825
2022/3/10 9:00:00,9.4,8,1,0,1,8,1,2,8,1,,3967
2022/3/10 10:00:00,10.4,8,1,0,1,8,1,,0,1,,3926
2022/3/10 11:00:00,12.5,8,1,0,1,8,1,,0,1,,3895
2022/3/10 12:00:00,12.6,8,1,0,1,8,1,3,8,1,,3740
2022/3/10 13:00:00,11.9,8,1,0,1,8,1,,0,1,,3735
2022/3/10 14:00:00,14.2,8,1,0,1,8,1,,0,1,,3646
2022/3/10 15:00:00,13.3,8,1,0,1,8,1,2,8,1,,3575
2022/3/10 16:00:00,13.3,8,1,0,1,8,1,,0,1,,3626
2022/3/10 17:00:00,12.3,8,1,0,1,8,1,,0,1,,3747
2022/3/10 18:00:00,11.3,8,1,0,1,8,1,1,8,1,,3900
2022/3/10 19:00:00,10.7,8,1,0,1,8,1,,0,1,,3824
2022/3/10 20:00:00,9.7,8,1,0,1,8,1,,0,1,,3694
2022/3/10 21:00:00,9.8,8,1,0,1,8,1,1,8,1,,3500
2022/3/10 22:00:00,8.6,8,1,0,1,8,1,,0,1,,3300
2022/3/10 23:00:00,8.2,8,1,0,1,8,1,,0,1,,3089
2022/3/11 00:00:00,7.9,8,1,0,1,8,1,,0,1,,2855
2022/3/11 1:00:00,7.9,8,1,0,1,8,1,,0,1,,2747
2022/3/11 2:00:00,7.5,8,1,0,1,8,1,,0,1,,2729
2022/3/11 3:00:00,6.7,8,1,0,1,8,1,2,8,1,,2729
2022/3/11 4:00:00,5.9,8,1,0,1,8,1,,0,1,,2793
2022/3/11 5:00:00,6.3,8,1,0,1,8,1,,0,1,,2973
2022/3/11 6:00:00,5.7,8,1,0,1,8,1,1,8,1,,3269
2022/3/11 7:00:00,6.5,8,1,0,1,8,1,,0,1,,3464
2022/3/11 8:00:00,9,8,1,0,1,8,1,,0,1,,3671
2022/3/11 9:00:00,10.6,8,1,0,1,8,1,1,8,1,,3781
2022/3/11 10:00:00,12.6,8,1,0,1,8,1,,0,1,,3725
2022/3/11 11:00:00,14.1,8,1,0,1,8,1,,0,1,,3664
2022/3/11 12:00:00,15.5,8,1,0,1,8,1,1,8,1,,3490
2022/3/11 13:00:00,16,8,1,0,1,8,1,,0,1,,3513
2022/3/11 14:00:00,17,8,1,0,1,8,1,,0,1,,3442
2022/3/11 15:00:00,18,8,1,0,1,8,1,2,8,1,,3394
2022/3/11 16:00:00,17.1,8,1,0,1,8,1,,0,1,,3413
2022/3/11 17:00:00,15.8,8,1,0,1,8,1,,0,1,,3459
2022/3/11 18:00:00,14.3,8,1,0,1,8,1,3,8,1,,3575
2022/3/11 19:00:00,14.3,8,1,0,1,8,1,,0,1,,3489
2022/3/11 20:00:00,14.5,8,1,0,1,8,1,,0,1,,3368
2022/3/11 21:00:00,13.6,8,1,0,1,8,1,4,8,1,,3191
2022/3/11 22:00:00,12.9,8,1,0,1,8,1,,0,1,,3033
2022/3/11 23:00:00,12.9,8,1,0,1,8,1,,0,1,,2852
2022/3/12 00:00:00,12.1,8,1,0,1,8,1,,0,1,,2652
2022/3/12 1:00:00,11.4,8,1,0,1,8,1,,0,1,,2568
2022/3/12 2:00:00,10.5,8,1,0,1,8,1,,0,1,,2559
2022/3/12 3:00:00,9.2,8,1,0,1,8,1,1,8,1,,2570
2022/3/12 4:00:00,8.6,8,1,0,1,8,1,,0,1,,2590
2022/3/12 5:00:00,7.8,8,1,0,1,8,1,,0,1,,2647
2022/3/12 6:00:00,8.3,8,1,0,1,8,1,1,8,1,,2694
2022/3/12 7:00:00,9.9,8,1,0,1,8,1,,0,1,,2737
2022/3/12 8:00:00,13,8,1,0,1,8,1,,0,1,,2836
2022/3/12 9:00:00,16,8,1,0,1,8,1,1,8,1,,2905
2022/3/12 10:00:00,17.3,8,1,0,1,8,1,,0,1,,2917
2022/3/12 11:00:00,18.8,8,1,0,1,8,1,,0,1,,2906
2022/3/12 12:00:00,19.9,8,1,0,1,8,1,1,8,1,,2846
2022/3/12 13:00:00,21,8,1,0,1,8,1,,0,1,,2803
2022/3/12 14:00:00,20.4,8,1,0,1,8,1,,0,1,,2755
2022/3/12 15:00:00,20.9,8,1,0,1,8,1,2,8,1,,2695
2022/3/12 16:00:00,19.6,8,1,0,1,8,1,,0,1,,2737
2022/3/12 17:00:00,18.1,8,1,0,1,8,1,,0,1,,2853
2022/3/12 18:00:00,16.6,8,1,0,1,8,1,1,8,1,,3015
2022/3/12 19:00:00,15.7,8,1,0,1,8,1,,0,1,,2990
2022/3/12 20:00:00,14.6,8,1,0,1,8,1,,0,1,,2921
2022/3/12 21:00:00,13.9,8,1,0,1,8,1,1,8,1,,2790
2022/3/12 22:00:00,13.5,8,1,0,1,8,1,,0,1,,2678
2022/3/12 23:00:00,12.9,8,1,0,1,8,1,,0,1,,2561
2022/3/13 00:00:00,12.3,8,1,0,1,8,1,,0,1,,2408
2022/3/13 1:00:00,11.8,8,1,0,1,8,1,,0,1,,2339
2022/3/13 2:00:00,11.1,8,1,0,1,8,1,,0,1,,2337
2022/3/13 3:00:00,10.6,8,1,0,1,8,1,4,8,1,,2348
2022/3/13 4:00:00,10.5,8,1,0,1,8,1,,0,1,,2354
2022/3/13 5:00:00,9.5,8,1,0,1,8,1,,0,1,,2381
2022/3/13 6:00:00,9,8,1,0,1,8,1,3,8,1,,2401
2022/3/13 7:00:00,10.8,8,1,0,1,8,1,,0,1,,2486
2022/3/13 8:00:00,11.5,8,1,0,1,8,1,,0,1,,2655
2022/3/13 9:00:00,12.5,8,1,0,1,8,1,3,8,1,,2743
2022/3/13 10:00:00,14.8,8,1,0,1,8,1,,0,1,,2838
2022/3/13 11:00:00,15.1,8,1,0,1,8,1,,0,1,,2790
2022/3/13 12:00:00,16,8,1,0,1,8,1,3,8,1,,2767
2022/3/13 13:00:00,17.6,8,1,0,1,8,1,,0,1,,2742
2022/3/13 14:00:00,18.4,8,1,0,1,8,1,,0,1,,2661
2022/3/13 15:00:00,17.9,8,1,0,1,8,1,3,8,1,,2655
2022/3/13 16:00:00,18.2,8,1,0,1,8,1,,0,1,,2650
2022/3/13 17:00:00,17.6,8,1,0,1,8,1,,0,1,,2868
2022/3/13 18:00:00,17.6,8,1,0,1,8,1,4,8,1,,3018
2022/3/13 19:00:00,17.3,8,1,0,1,8,1,,0,1,,2985
2022/3/13 20:00:00,17,8,1,0,1,8,1,,0,1,,2892
2022/3/13 21:00:00,16.8,8,1,0,1,8,1,4,8,1,,2748
2022/3/13 22:00:00,16.8,8,1,0,1,8,1,,0,1,,2589
2022/3/13 23:00:00,17.1,8,1,0,1,8,1,,0,1,,2456
2022/3/14 00:00:00,17.1,8,1,0,1,8,1,,0,1,,2307
2022/3/14 1:00:00,17,8,1,0,1,8,1,,0,1,,2248
2022/3/14 2:00:00,16.6,8,1,0,1,8,1,,0,1,,2269
2022/3/14 3:00:00,16.8,8,1,0,1,8,1,4,8,1,,2294
2022/3/14 4:00:00,17.3,8,1,0,1,8,1,,0,1,,2333
2022/3/14 5:00:00,17.5,8,1,0,1,8,1,,0,1,,2421
2022/3/14 6:00:00,12.9,8,1,0,0,8,1,10,8,1,,2625
2022/3/14 7:00:00,13.6,8,1,1,0,8,1,,0,1,,2797
2022/3/14 8:00:00,16.4,8,1,0,1,8,1,,0,1,,3019
2022/3/14 9:00:00,18.6,8,1,0,1,8,1,1,8,1,,3192
2022/3/14 10:00:00,20.9,8,1,0,1,8,1,,0,1,,3255
2022/3/14 11:00:00,21.8,8,1,0,1,8,1,,0,1,,3295
2022/3/14 12:00:00,23,8,1,0,1,8,1,2,8,1,,3187
2022/3/14 13:00:00,22.5,8,1,0,1,8,1,,0,1,,3271
2022/3/14 14:00:00,22.3,8,1,0,1,8,1,,0,1,,3266
2022/3/14 15:00:00,22.6,8,1,0,1,8,1,2,8,1,,3193
2022/3/14 16:00:00,21.9,8,1,0,1,8,1,,0,1,,3221
2022/3/14 17:00:00,20.3,8,1,0,1,8,1,,0,1,,3236
2022/3/14 18:00:00,14.7,8,1,0,1,8,1,2,8,1,,3295
2022/3/14 19:00:00,11.7,8,1,0,1,8,1,,0,1,,3200
2022/3/14 20:00:00,10.7,8,1,0,1,8,1,,0,1,,3090
2022/3/14 21:00:00,9.8,8,1,0,1,8,1,4,8,1,,2938
2022/3/14 22:00:00,9.2,8,1,0,1,8,1,,0,1,,2811
2022/3/14 23:00:00,8.3,8,1,0,1,8,1,,0,1,,2678
2022/3/15 00:00:00,7.9,8,1,0,0,8,1,,0,1,,2495
2022/3/15 1:00:00,7.8,8,1,0,1,8,1,,0,1,,2421
2022/3/15 2:00:00,7.6,8,1,0,1,8,1,,0,1,,2429
2022/3/15 3:00:00,7.3,8,1,0,0,8,1,10,8,1,,2458
2022/3/15 4:00:00,7.4,8,1,0,0,8,1,,0,1,,2499
2022/3/15 5:00:00,7.4,8,1,0,0,8,1,,0,1,,2606
2022/3/15 6:00:00,7.4,8,1,0,0,8,1,10,8,1,,2837
2022/3/15 7:00:00,7.6,8,1,0,0,8,1,,0,1,,3068
2022/3/15 8:00:00,9.1,8,1,0,1,8,1,,0,1,,3370
2022/3/15 9:00:00,10.5,8,1,0,1,8,1,4,8,1,,3513
2022/3/15 10:00:00,11.8,8,1,0,1,8,1,,0,1,,3447
2022/3/15 11:00:00,13.9,8,1,0,1,8,1,,0,1,,3352
2022/3/15 12:00:00,15.7,8,1,0,1,8,1,1,8,1,,3239
2022/3/15 13:00:00,17.4,8,1,0,1,8,1,,0,1,,3318
2022/3/15 14:00:00,17.5,8,1,0,1,8,1,,0,1,,3267
2022/3/15 15:00:00,19.7,8,1,0,1,8,1,1,8,1,,3199
2022/3/15 16:00:00,19.8,8,1,0,1,8,1,,0,1,,3223
2022/3/15 17:00:00,18.6,8,1,0,1,8,1,,0,1,,3281
2022/3/15 18:00:00,17.6,8,1,0,1,8,1,1,8,1,,3367
2022/3/15 19:00:00,16.9,8,1,0,1,8,1,,0,1,,3272
2022/3/15 20:00:00,15.3,8,1,0,1,8,1,,0,1,,3150
2022/3/15 21:00:00,13.4,8,1,0,1,8,1,1,8,1,,2992
2022/3/15 22:00:00,12.1,8,1,0,1,8,1,,0,1,,2840
2022/3/15 23:00:00,12.2,8,1,0,1,8,1,,0,1,,2700
2022/3/16 00:00:00,11.6,8,1,0,1,8,1,,0,1,,2524
2022/3/16 1:00:00,11.3,8,1,0,1,8,1,,0,1,,2448
2022/3/16 2:00:00,9.8,8,1,0,1,8,1,,0,1,,2459
2022/3/16 3:00:00,11.4,8,1,0,1,8,1,4,8,1,,2479
2022/3/16 4:00:00,12.1,8,1,0,1,8,1,,0,1,,2519
2022/3/16 5:00:00,11.9,8,1,0,1,8,1,,0,1,,2629
2022/3/16 6:00:00,11.9,8,1,0,1,8,1,4,8,1,,2796
2022/3/16 7:00:00,11.8,8,1,0,1,8,1,,0,1,,3023
2022/3/16 8:00:00,12,8,1,0,1,8,1,,0,1,,3332
2022/3/16 9:00:00,12.4,8,1,0,1,8,1,4,8,1,,3469
2022/3/16 10:00:00,14.5,8,1,0,1,8,1,,0,1,,3480
2022/3/16 11:00:00,16.2,8,1,0,1,8,1,,0,1,,3467
2022/3/16 12:00:00,17.9,8,1,0,1,8,1,2,8,1,,3323
2022/3/16 13:00:00,19.1,8,1,0,1,8,1,,0,1,,3381
2022/3/16 14:00:00,19.5,8,1,0,1,8,1,,0,1,,3353
2022/3/16 15:00:00,18.6,8,1,0,1,8,1,2,8,1,,3301
2022/3/16 16:00:00,18.2,8,1,0,1,8,1,,0,1,,3262
2022/3/16 17:00:00,17.3,8,1,0,1,8,1,,0,1,,3282
2022/3/16 18:00:00,16,8,1,0,1,8,1,2,8,1,,3362
2022/3/16 19:00:00,16,8,1,0,1,8,1,,0,1,,3274
2022/3/16 20:00:00,13,8,1,0,1,8,1,,0,1,,3156
2022/3/16 21:00:00,12.2,8,1,0,1,8,1,1,8,1,,2988
2022/3/16 22:00:00,11.6,8,1,0,1,8,1,,0,1,,2846
2022/3/16 23:00:00,11.4,8,1,0,1,8,1,,0,1,,2609
2022/3/17 00:00:00,11.3,8,1,0,1,8,1,,0,1,,2302
2022/3/17 1:00:00,10.8,8,1,0,1,8,1,,0,1,,2352
2022/3/17 2:00:00,10,8,1,0,1,8,1,,0,1,,2396
2022/3/17 3:00:00,10.3,8,1,0,1,8,1,4,8,1,,2417
2022/3/17 4:00:00,9.6,8,1,0,1,8,1,,0,1,,2462
2022/3/17 5:00:00,9.5,8,1,0,1,8,1,,0,1,,2577
2022/3/17 6:00:00,8.6,8,1,0,1,8,1,1,8,1,,2748
2022/3/17 7:00:00,10.8,8,1,0,1,8,1,,0,1,,2937
2022/3/17 8:00:00,13.3,8,1,0,1,8,1,,0,1,,3248
2022/3/17 9:00:00,14.9,8,1,0,1,8,1,2,8,1,,3450
2022/3/17 10:00:00,15.7,8,1,0,1,8,1,,0,1,,3539
2022/3/17 11:00:00,15.7,8,1,0,1,8,1,,0,1,,3524
2022/3/17 12:00:00,18.2,8,1,0,1,8,1,3,8,1,,3332
2022/3/17 13:00:00,18.6,8,1,0,1,8,1,,0,1,,3385
2022/3/17 14:00:00,20,8,1,0,1,8,1,,0,1,,3314
2022/3/17 15:00:00,19.4,8,1,0,1,8,1,2,8,1,,3240
2022/3/17 16:00:00,18,8,1,0,1,8,1,,0,1,,3279
2022/3/17 17:00:00,17.2,8,1,0,1,8,1,,0,1,,3313
2022/3/17 18:00:00,16.7,8,1,0,1,8,1,4,8,1,,3370
2022/3/17 19:00:00,16.2,8,1,0,1,8,1,,0,1,,3269
2022/3/17 20:00:00,15.9,8,1,0,0,8,1,,0,1,,3138
2022/3/17 21:00:00,14.2,8,1,0,0,8,1,10,8,1,,2982
2022/3/17 22:00:00,12.2,8,1,0,0,8,1,,0,1,,2821
2022/3/17 23:00:00,11.6,8,1,0,0,8,1,,0,1,,2675
2022/3/18 00:00:00,10.3,8,1,0,0,8,1,,0,1,,2507
2022/3/18 1:00:00,8.2,8,1,1,0,8,1,,0,1,,2446
2022/3/18 2:00:00,7.2,8,1,0.5,0,8,1,,0,1,,2461
2022/3/18 3:00:00,6.2,8,1,1,0,8,1,10,8,1,,2498
2022/3/18 4:00:00,5.8,8,1,0,0,8,1,,0,1,,2559
2022/3/18 5:00:00,5.6,8,1,0,0,8,1,,0,1,,2692
2022/3/18 6:00:00,5.7,8,1,0,0,8,1,10,8,1,,2982
2022/3/18 7:00:00,5.6,8,1,0,0,8,1,,0,1,,3347
2022/3/18 8:00:00,5.7,8,1,0,0,8,1,,0,1,,3812
2022/3/18 9:00:00,6.2,8,1,0,0,8,1,4,8,1,,4156
2022/3/18 10:00:00,6,8,1,0,0,8,1,,0,1,,4251
2022/3/18 11:00:00,5.5,8,1,0,0,8,1,,0,1,,4297
2022/3/18 12:00:00,5,8,1,0,0,8,1,10,8,1,,4204
2022/3/18 13:00:00,5,8,1,1,0,8,1,,0,1,,4273
2022/3/18 14:00:00,4.5,8,1,0,0,8,1,,0,1,,4278
2022/3/18 15:00:00,4.3,8,1,0.5,0,8,1,10,8,1,,4264
2022/3/18 16:00:00,4.1,8,1,1,0,8,1,,0,1,,4307
2022/3/18 17:00:00,4,8,1,0.5,0,8,1,,0,1,,4317
2022/3/18 18:00:00,4.2,8,1,2,0,8,1,10,8,1,,4279
2022/3/18 19:00:00,4.1,8,1,5.5,0,8,1,,0,1,,4145
2022/3/18 20:00:00,4.4,8,1,7,0,8,1,,0,1,,3990
2022/3/18 21:00:00,4.2,8,1,8,0,8,1,10,8,1,,3744
2022/3/18 22:00:00,3.9,8,1,9,0,8,1,,0,1,,3481
2022/3/18 23:00:00,4,8,1,9.5,0,8,1,,0,1,,3232
2022/3/19 00:00:00,4.4,8,1,1.5,0,8,1,,0,1,,2969
2022/3/19 1:00:00,4.7,8,1,0.5,0,8,1,,0,1,,2804
2022/3/19 2:00:00,5.1,8,1,0,0,8,1,,0,1,,2738
2022/3/19 3:00:00,5.2,8,1,0,0,8,1,4,8,1,,2698
2022/3/19 4:00:00,5.4,8,1,0,1,8,1,,0,1,,2682
2022/3/19 5:00:00,5.8,8,1,0,1,8,1,,0,1,,2715
2022/3/19 6:00:00,5.8,8,1,0,1,8,1,2,8,1,,2783
2022/3/19 7:00:00,6.7,8,1,0,1,8,1,,0,1,,2868
2022/3/19 8:00:00,9,8,1,0,1,8,1,,0,1,,2983
2022/3/19 9:00:00,12.4,8,1,0,1,8,1,1,8,1,,3079
2022/3/19 10:00:00,15.1,8,1,0,1,8,1,,0,1,,3102
2022/3/19 11:00:00,16.3,8,1,0,1,8,1,,0,1,,3138
2022/3/19 12:00:00,16.9,8,1,0,1,8,1,3,8,1,,3068
2022/3/19 13:00:00,16.2,8,1,0,1,8,1,,0,1,,2904
2022/3/19 14:00:00,16,8,1,0,1,8,1,,0,1,,2985
2022/3/19 15:00:00,15.6,8,1,0,1,8,1,4,8,1,,2897
2022/3/19 16:00:00,15.4,8,1,0,1,8,1,,0,1,,2997
2022/3/19 17:00:00,13.2,8,1,0,0,8,1,,0,1,,3198
2022/3/19 18:00:00,10.7,8,1,6.5,0,8,1,10,8,1,,3314
2022/3/19 19:00:00,8.9,8,1,4,0,8,1,,0,1,,3309
2022/3/19 20:00:00,7.7,8,1,5,0,8,1,,0,1,,3237
2022/3/19 21:00:00,7.4,8,1,5.5,0,8,1,10,8,1,,3089
2022/3/19 22:00:00,7.9,8,1,0.5,0,8,1,,0,1,,2929
2022/3/19 23:00:00,7,8,1,0,1,8,1,,0,1,,2769
2022/3/20 00:00:00,6.8,8,1,0,1,8,1,,0,1,,2572
2022/3/20 1:00:00,6.3,8,1,0,1,8,1,,0,1,,2480
2022/3/20 2:00:00,6,8,1,0,1,8,1,,0,1,,2472
2022/3/20 3:00:00,5,8,1,0,1,8,1,1,8,1,,2477
2022/3/20 4:00:00,4.6,8,1,0,1,8,1,,0,1,,2494
2022/3/20 5:00:00,5.4,8,1,0,1,8,1,,0,1,,2535
2022/3/20 6:00:00,4.3,8,1,0,1,8,1,1,8,1,,2566
2022/3/20 7:00:00,7.1,8,1,0,1,8,1,,0,1,,2606
2022/3/20 8:00:00,9.1,8,1,0,1,8,1,,0,1,,2727
2022/3/20 9:00:00,10.7,8,1,0,1,8,1,2,8,1,,2846
2022/3/20 10:00:00,11.7,8,1,0,1,8,1,,0,1,,2905
2022/3/20 11:00:00,12.1,8,1,0,1,8,1,,0,1,,2905
2022/3/20 12:00:00,14.6,8,1,0,1,8,1,2,8,1,,2878
2022/3/20 13:00:00,14,8,1,0,1,8,1,,0,1,,2780
2022/3/20 14:00:00,13.6,8,1,0,1,8,1,,0,1,,2732
2022/3/20 15:00:00,13.3,8,1,0,1,8,1,4,8,1,,2765
2022/3/20 16:00:00,13,8,1,0,1,8,1,,0,1,,2895
2022/3/20 17:00:00,12.1,8,1,0,1,8,1,,0,1,,3099
2022/3/20 18:00:00,12.5,8,1,0,1,8,1,4,8,1,,3239
2022/3/20 19:00:00,11.9,8,1,0,1,8,1,,0,1,,3234
2022/3/20 20:00:00,11.7,8,1,0,1,8,1,,0,1,,3160
2022/3/20 21:00:00,10.7,8,1,0,0,8,1,4,8,1,,3020
2022/3/20 22:00:00,9.9,8,1,0,1,8,1,,0,1,,2842
2022/3/20 23:00:00,9,8,1,0,0,8,1,,0,1,,2689
2022/3/21 00:00:00,8.6,8,1,0,0,8,1,,0,1,,2498
2022/3/21 1:00:00,7.7,8,1,0,0,8,1,,0,1,,2414
2022/3/21 2:00:00,7,8,1,0,1,8,1,,0,1,,2407
2022/3/21 3:00:00,6.4,8,1,0,0,8,1,10,8,1,,2422
2022/3/21 4:00:00,6.5,8,1,0,1,8,1,,0,1,,2463
2022/3/21 5:00:00,6.5,8,1,0,0,8,1,,0,1,,2540
2022/3/21 6:00:00,6.6,8,1,0,1,8,1,4,8,1,,2638
2022/3/21 7:00:00,6.7,8,1,0,1,8,1,,0,1,,2782
2022/3/21 8:00:00,7.4,8,1,0,0,8,1,,0,1,,3028
2022/3/21 9:00:00,8.5,8,1,0,1,8,1,4,8,1,,3220
2022/3/21 10:00:00,9.1,8,1,0,1,8,1,,0,1,,3230
2022/3/21 11:00:00,9.4,8,1,0,1,8,1,,0,1,,3224
2022/3/21 12:00:00,11.5,8,1,0,1,8,1,4,8,1,,3139
2022/3/21 13:00:00,13.1,8,1,0,1,8,1,,0,1,,3085
2022/3/21 14:00:00,12.6,8,1,0,1,8,1,,0,1,,2997
2022/3/21 15:00:00,13.2,8,1,0,1,8,1,2,8,1,,2979
2022/3/21 16:00:00,12.7,8,1,0,1,8,1,,0,1,,3047
2022/3/21 17:00:00,11.8,8,1,0,1,8,1,,0,1,,3212
2022/3/21 18:00:00,11.1,8,1,0,1,8,1,4,8,1,,3429
2022/3/21 19:00:00,11,8,1,0,1,8,1,,0,1,,3424
2022/3/21 20:00:00,9.8,8,1,0,1,8,1,,0,1,,3340
2022/3/21 21:00:00,10.2,8,1,0,1,8,1,4,8,1,,3173
2022/3/21 22:00:00,10.5,8,1,0,1,8,1,,0,1,,2973
2022/3/21 23:00:00,10.5,8,1,0,1,8,1,,0,1,,2792
2022/3/22 00:00:00,10,8,1,0,1,8,1,,0,1,,2587
2022/3/22 1:00:00,8.8,8,1,0,0,8,1,,0,1,,2505
2022/3/22 2:00:00,8.1,8,1,0,0,8,1,,0,1,,2511
2022/3/22 3:00:00,6.9,8,1,0,0,8,1,10,8,1,,2539
2022/3/22 4:00:00,5.6,8,1,2,0,8,1,,0,1,,2608
2022/3/22 5:00:00,5.3,8,1,2,0,8,1,,0,1,,2781
2022/3/22 6:00:00,4.9,8,1,0.5,0,8,1,10,8,1,,3115
2022/3/22 7:00:00,4.6,8,1,0.5,0,8,1,,0,1,,3516
2022/3/22 8:00:00,4,8,1,1,0,8,1,,0,1,,4005
2022/3/22 9:00:00,3.9,8,1,2,0,8,1,10,8,1,,4358
2022/3/22 10:00:00,3.3,8,1,1.5,0,8,1,,0,1,,4461
2022/3/22 11:00:00,3.4,8,1,1.5,0,8,1,,0,1,,4518
2022/3/22 12:00:00,1.9,8,1,2,0,8,1,11,8,1,,4436
2022/3/22 13:00:00,1.9,8,1,2,0,8,1,,0,1,,4534
2022/3/22 14:00:00,2.5,8,1,1.5,0,8,1,,0,1,,4514
2022/3/22 15:00:00,2.2,8,1,1,0,8,1,10,8,1,,4439
2022/3/22 16:00:00,2.1,8,1,0,0,8,1,,0,1,,4377
2022/3/22 17:00:00,2.3,8,1,0,0,8,1,,0,1,,4319
2022/3/22 18:00:00,2.2,8,1,0.5,0,8,1,10,8,1,,4308
2022/3/22 19:00:00,2.4,8,1,0,0,8,1,,0,1,,4154
2022/3/22 20:00:00,2.7,8,1,0,1,8,1,,0,1,,3962
2022/3/22 21:00:00,2.7,8,1,0,1,8,1,4,8,1,,3749
2022/3/22 22:00:00,3,8,1,0,1,8,1,,0,1,,3538
2022/3/22 23:00:00,2.1,8,1,0,1,8,1,,0,1,,3311
2022/3/23 00:00:00,1.3,8,1,0,1,8,1,,0,1,,3074
2022/3/23 1:00:00,1.9,8,1,0,1,8,1,,0,1,,2964
2022/3/23 2:00:00,2,8,1,0,1,8,1,,0,1,,2939
2022/3/23 3:00:00,1.3,8,1,0,1,8,1,3,8,1,,2932
2022/3/23 4:00:00,1.2,8,1,0,1,8,1,,0,1,,2974
2022/3/23 5:00:00,0.9,8,1,0,1,8,1,,0,1,,3163
2022/3/23 6:00:00,1.2,8,1,0,1,8,1,4,8,1,,3491
2022/3/23 7:00:00,2.2,8,1,0,1,8,1,,0,1,,3767
2022/3/23 8:00:00,3.6,8,1,0,1,8,1,,0,1,,4136
2022/3/23 9:00:00,5.5,8,1,0,1,8,1,3,8,1,,4352
2022/3/23 10:00:00,6.4,8,1,0,1,8,1,,0,1,,4324
2022/3/23 11:00:00,7.8,8,1,0,1,8,1,,0,1,,4212
2022/3/23 12:00:00,9,8,1,0,1,8,1,3,8,1,,3957
2022/3/23 13:00:00,8.9,8,1,0,1,8,1,,0,1,,3921
2022/3/23 14:00:00,9.9,8,1,0,1,8,1,,0,1,,3874
2022/3/23 15:00:00,9.2,8,1,0,1,8,1,3,8,1,,3831
2022/3/23 16:00:00,9.1,8,1,0,1,8,1,,0,1,,3884
2022/3/23 17:00:00,8.8,8,1,0,1,8,1,,0,1,,4023
2022/3/23 18:00:00,8.4,8,1,0,0,8,1,4,8,1,,4091
2022/3/23 19:00:00,7.7,8,1,0,0,8,1,,0,1,,3999
2022/3/23 20:00:00,6.9,8,1,0,1,8,1,,0,1,,3882
2022/3/23 21:00:00,5,8,1,0,0,8,1,10,8,1,,3709
2022/3/23 22:00:00,2.3,8,1,1,0,8,1,,0,1,,3505
2022/3/23 23:00:00,2.6,8,1,0,0,8,1,,0,1,,3269
2022/3/24 00:00:00,3,8,1,0,0,8,1,,0,1,,3007
2022/3/24 1:00:00,3.2,8,1,0.5,0,8,1,,0,1,,2882
2022/3/24 2:00:00,3,8,1,0.5,0,8,1,,0,1,,2841
2022/3/24 3:00:00,3.3,8,1,0,0,8,1,4,8,1,,2828
2022/3/24 4:00:00,3.2,8,1,0,1,8,1,,0,1,,2872
2022/3/24 5:00:00,3.2,8,1,0,1,8,1,,0,1,,3045
2022/3/24 6:00:00,2.7,8,1,0,1,8,1,1,8,1,,3325
2022/3/24 7:00:00,4,8,1,0,1,8,1,,0,1,,3530
2022/3/24 8:00:00,6,8,1,0,1,8,1,,0,1,,3787
2022/3/24 9:00:00,8.5,8,1,0,1,8,1,1,8,1,,3923
2022/3/24 10:00:00,9.4,8,1,0,1,8,1,,0,1,,3873
2022/3/24 11:00:00,10.5,8,1,0,1,8,1,,0,1,,3859
2022/3/24 12:00:00,12.5,8,1,0,1,8,1,1,8,1,,3672
2022/3/24 13:00:00,12.2,8,1,0,1,8,1,,0,1,,3677
2022/3/24 14:00:00,12.5,8,1,0,1,8,1,,0,1,,3595
2022/3/24 15:00:00,13.2,8,1,0,1,8,1,1,8,1,,3525
2022/3/24 16:00:00,12.8,8,1,0,1,8,1,,0,1,,3551
2022/3/24 17:00:00,12.8,8,1,0,0,8,1,,0,1,,3614
2022/3/24 18:00:00,11.5,8,1,0,1,8,1,2,8,1,,3768
2022/3/24 19:00:00,9.9,8,1,0,1,8,1,,0,1,,3713
2022/3/24 20:00:00,10.6,8,1,0,1,8,1,,0,1,,3611
2022/3/24 21:00:00,9.2,8,1,0,1,8,1,2,8,1,,3450
2022/3/24 22:00:00,8.1,8,1,0,1,8,1,,0,1,,3256
2022/3/24 23:00:00,7.7,8,1,0,1,8,1,,0,1,,3049
2022/3/25 00:00:00,7.9,8,1,0,1,8,1,,0,1,,2816
2022/3/25 1:00:00,7.4,8,1,0,1,8,1,,0,1,,2710
2022/3/25 2:00:00,6.6,8,1,0,1,8,1,,0,1,,2691
2022/3/25 3:00:00,7.4,8,1,0,1,8,1,1,8,1,,2701
2022/3/25 4:00:00,6.5,8,1,0,1,8,1,,0,1,,2747
2022/3/25 5:00:00,6.4,8,1,0,1,8,1,,0,1,,2908
2022/3/25 6:00:00,5.5,8,1,0,1,8,1,1,8,1,,3119
2022/3/25 7:00:00,8,8,1,0,1,8,1,,0,1,,3270
2022/3/25 8:00:00,10.9,8,1,0,1,8,1,,0,1,,3524
2022/3/25 9:00:00,12.2,8,1,0,1,8,1,1,8,1,,3688
2022/3/25 10:00:00,14.1,8,1,0,1,8,1,,0,1,,3666
2022/3/25 11:00:00,15.3,8,1,0,1,8,1,,0,1,,3631
2022/3/25 12:00:00,15.9,8,1,0,1,8,1,1,8,1,,3476
2022/3/25 13:00:00,16.3,8,1,0,1,8,1,,0,1,,3478
2022/3/25 14:00:00,16.4,8,1,0,1,8,1,,0,1,,3396
2022/3/25 15:00:00,17.4,8,1,0,1,8,1,1,8,1,,3336
2022/3/25 16:00:00,16.2,8,1,0,1,8,1,,0,1,,3330
2022/3/25 17:00:00,15.2,8,1,0,1,8,1,,0,1,,3358
2022/3/25 18:00:00,14.4,8,1,0,1,8,1,1,8,1,,3487
2022/3/25 19:00:00,14.1,8,1,0,1,8,1,,0,1,,3421
2022/3/25 20:00:00,13.6,8,1,0,1,8,1,,0,1,,3316
2022/3/25 21:00:00,13,8,1,0,1,8,1,3,8,1,,3164
2022/3/25 22:00:00,13.1,8,1,0,1,8,1,,0,1,,3011
2022/3/25 23:00:00,13.6,8,1,0,1,8,1,,0,1,,2840
2022/3/26 00:00:00,13.8,8,1,0,1,8,1,,0,1,,2631
2022/3/26 1:00:00,13.5,8,1,0,1,8,1,,0,1,,2523
2022/3/26 2:00:00,13.7,8,1,0,1,8,1,,0,1,,2494
2022/3/26 3:00:00,14,8,1,0,0,8,1,4,8,1,,2484
2022/3/26 4:00:00,14.2,8,1,0,0,8,1,,0,1,,2470
2022/3/26 5:00:00,14.2,8,1,0,0,8,1,,0,1,,2487
2022/3/26 6:00:00,14.2,8,1,0,1,8,1,4,8,1,,2530
2022/3/26 7:00:00,14.7,8,1,0,1,8,1,,0,1,,2651
2022/3/26 8:00:00,15.6,8,1,0,1,8,1,,0,1,,2900
2022/3/26 9:00:00,16.4,8,1,0,1,8,1,4,8,1,,3062
2022/3/26 10:00:00,16.7,8,1,0,1,8,1,,0,1,,3050
2022/3/26 11:00:00,17.3,8,1,0,1,8,1,,0,1,,3056
2022/3/26 12:00:00,17.3,8,1,0,0,8,1,10,8,1,,3003
2022/3/26 13:00:00,18.8,8,1,0,0,8,1,,0,1,,3025
2022/3/26 14:00:00,18.5,8,1,0,1,8,1,,0,1,,2985
2022/3/26 15:00:00,18.3,8,1,0,1,8,1,4,8,1,,2935
2022/3/26 16:00:00,17.9,8,1,0,0,8,1,,0,1,,2987
2022/3/26 17:00:00,17.5,8,1,0,0,8,1,,0,1,,3091
2022/3/26 18:00:00,16.4,8,1,0.5,0,8,1,10,8,1,,3159
2022/3/26 19:00:00,16.6,8,1,0.5,0,8,1,,0,1,,3095
2022/3/26 20:00:00,15.9,8,1,0.5,0,8,1,,0,1,,2990
2022/3/26 21:00:00,15.8,8,1,1,0,8,1,10,8,1,,2856
2022/3/26 22:00:00,16.5,8,1,2.5,0,8,1,,0,1,,2707
2022/3/26 23:00:00,16.5,8,1,1,0,8,1,,0,1,,2562
2022/3/27 00:00:00,16.6,8,1,1.5,0,8,1,,0,1,,2387
2022/3/27 1:00:00,16.8,8,1,0.5,0,8,1,,0,1,,2301
2022/3/27 2:00:00,17.1,8,1,0,0,8,1,,0,1,,2287
2022/3/27 3:00:00,13.7,8,1,0,1,8,1,4,8,1,,2290
2022/3/27 4:00:00,13.8,8,1,0,1,8,1,,0,1,,2278
2022/3/27 5:00:00,14.3,8,1,0,1,8,1,,0,1,,2255
2022/3/27 6:00:00,13.8,8,1,0,1,8,1,4,8,1,,2242
2022/3/27 7:00:00,15.2,8,1,0,1,8,1,,0,1,,2328
2022/3/27 8:00:00,17,8,1,0,1,8,1,,0,1,,2466
2022/3/27 9:00:00,19.6,8,1,0,1,8,1,4,8,1,,2582
2022/3/27 10:00:00,20.1,8,1,0,1,8,1,,0,1,,2657
2022/3/27 11:00:00,19.8,8,1,0,1,8,1,,0,1,,2606
2022/3/27 12:00:00,20.2,8,1,0,1,8,1,4,8,1,,2608
2022/3/27 13:00:00,20.9,8,1,0,1,8,1,,0,1,,2536
2022/3/27 14:00:00,20.8,8,1,0,1,8,1,,0,1,,2473
2022/3/27 15:00:00,17.3,8,1,0,1,8,1,4,8,1,,2526
2022/3/27 16:00:00,16.9,8,1,0,1,8,1,,0,1,,2615
2022/3/27 17:00:00,15.9,8,1,0,1,8,1,,0,1,,2799
2022/3/27 18:00:00,15.2,8,1,0,1,8,1,4,8,1,,2943
2022/3/27 19:00:00,14.3,8,1,0,0,8,1,,0,1,,2910
2022/3/27 20:00:00,14.2,8,1,0,1,8,1,,0,1,,2842
2022/3/27 21:00:00,14.3,8,1,0,1,8,1,4,8,1,,2723
2022/3/27 22:00:00,13.6,8,1,0,0,8,1,,0,1,,2567
2022/3/27 23:00:00,12.9,8,1,0,0,8,1,,0,1,,2454
2022/3/28 00:00:00,11.5,8,1,0,0,8,1,,0,1,,2298
2022/3/28 1:00:00,11.4,8,1,0,1,8,1,,0,1,,2236
2022/3/28 2:00:00,11.3,8,1,0,0,8,1,,0,1,,2235
2022/3/28 3:00:00,11.5,8,1,0,0,8,1,10,8,1,,2268
2022/3/28 4:00:00,11.2,8,1,0,0,8,1,,0,1,,2311
2022/3/28 5:00:00,11.1,8,1,0,1,8,1,,0,1,,2395
2022/3/28 6:00:00,10.9,8,1,0,1,8,1,4,8,1,,2502
2022/3/28 7:00:00,11.8,8,1,0,1,8,1,,0,1,,2686
2022/3/28 8:00:00,13.6,8,1,0,1,8,1,,0,1,,3014
2022/3/28 9:00:00,15,8,1,0,1,8,1,2,8,1,,3276
2022/3/28 10:00:00,16.3,8,1,0,1,8,1,,0,1,,3336
2022/3/28 11:00:00,16.2,8,1,0,1,8,1,,0,1,,3385
2022/3/28 12:00:00,17.2,8,1,0,1,8,1,2,8,1,,3304
2022/3/28 13:00:00,17.9,8,1,0,1,8,1,,0,1,,3334
2022/3/28 14:00:00,17.1,8,1,0,1,8,1,,0,1,,3271
2022/3/28 15:00:00,16.3,8,1,0,1,8,1,4,8,1,,3213
2022/3/28 16:00:00,15,8,1,0,1,8,1,,0,1,,3262
2022/3/28 17:00:00,14.5,8,1,0,1,8,1,,0,1,,3346
2022/3/28 18:00:00,13.8,8,1,0,1,8,1,4,8,1,,3427
2022/3/28 19:00:00,13.5,8,1,0,1,8,1,,0,1,,3350
2022/3/28 20:00:00,12.8,8,1,0,1,8,1,,0,1,,3234
2022/3/28 21:00:00,12.3,8,1,0,1,8,1,4,8,1,,3087
2022/3/28 22:00:00,11.9,8,1,0,1,8,1,,0,1,,2934
2022/3/28 23:00:00,11.1,8,1,0,1,8,1,,0,1,,2760
2022/3/29 00:00:00,10.8,8,1,0,1,8,1,,0,1,,2554
2022/3/29 1:00:00,10.5,8,1,0,1,8,1,,0,1,,2457
2022/3/29 2:00:00,10.3,8,1,0,1,8,1,,0,1,,2455
2022/3/29 3:00:00,10,8,1,0,1,8,1,4,8,1,,2482
2022/3/29 4:00:00,9.8,8,1,0,1,8,1,,0,1,,2523
2022/3/29 5:00:00,9.6,8,1,0,1,8,1,,0,1,,2625
2022/3/29 6:00:00,9.3,8,1,0,1,8,1,4,8,1,,2841
2022/3/29 7:00:00,9.3,8,1,0,1,8,1,,0,1,,3114
2022/3/29 8:00:00,9.6,8,1,0,1,8,1,,0,1,,3488
2022/3/29 9:00:00,10.1,8,1,0,1,8,1,4,8,1,,3729
2022/3/29 10:00:00,9.9,8,1,0,1,8,1,,0,1,,3750
2022/3/29 11:00:00,10.5,8,1,0,1,8,1,,0,1,,3763
2022/3/29 12:00:00,10.8,8,1,0,1,8,1,4,8,1,,3637
2022/3/29 13:00:00,10.9,8,1,0,1,8,1,,0,1,,3705
2022/3/29 14:00:00,10.7,8,1,0,1,8,1,,0,1,,3674
2022/3/29 15:00:00,10.6,8,1,0,1,8,1,4,8,1,,3696
2022/3/29 16:00:00,10.4,8,1,0,1,8,1,,0,1,,3754
2022/3/29 17:00:00,10.2,8,1,0,1,8,1,,0,1,,3785
2022/3/29 18:00:00,10.2,8,1,0,1,8,1,4,8,1,,3785
2022/3/29 19:00:00,10.5,8,1,0,1,8,1,,0,1,,3665
2022/3/29 20:00:00,10.4,8,1,0,1,8,1,,0,1,,3511
2022/3/29 21:00:00,10.3,8,1,0,1,8,1,4,8,1,,3315
2022/3/29 22:00:00,10.2,8,1,0,1,8,1,,0,1,,3119
2022/3/29 23:00:00,9.9,8,1,0,1,8,1,,0,1,,2901
2022/3/30 00:00:00,9.9,8,1,0,1,8,1,,0,1,,2663
2022/3/30 1:00:00,9.4,8,1,0,1,8,1,,0,1,,2541
2022/3/30 2:00:00,9.9,8,1,0,1,8,1,,0,1,,2520
2022/3/30 3:00:00,10,8,1,0,1,8,1,4,8,1,,2530
2022/3/30 4:00:00,9.7,8,1,0,1,8,1,,0,1,,2560
2022/3/30 5:00:00,10.1,8,1,0,1,8,1,,0,1,,2655
2022/3/30 6:00:00,10.3,8,1,0,1,8,1,4,8,1,,2806
2022/3/30 7:00:00,10.8,8,1,0,1,8,1,,0,1,,3004
2022/3/30 8:00:00,12.2,8,1,0,0,8,1,,0,1,,3256
2022/3/30 9:00:00,14.3,8,1,0,1,8,1,4,8,1,,3355
2022/3/30 10:00:00,15.7,8,1,0,1,8,1,,0,1,,3418
2022/3/30 11:00:00,17.3,8,1,0,1,8,1,,0,1,,3366
2022/3/30 12:00:00,18.4,8,1,0,1,8,1,2,8,1,,3178
2022/3/30 13:00:00,19,8,1,0,1,8,1,,0,1,,3263
2022/3/30 14:00:00,18.8,8,1,0,1,8,1,,0,1,,3214
2022/3/30 15:00:00,18.2,8,1,0,1,8,1,4,8,1,,3186
2022/3/30 16:00:00,17.6,8,1,0,1,8,1,,0,1,,3196
2022/3/30 17:00:00,16.9,8,1,0,1,8,1,,0,1,,3221
2022/3/30 18:00:00,16.4,8,1,0,1,8,1,4,8,1,,3295
2022/3/30 19:00:00,16.4,8,1,0,1,8,1,,0,1,,3208
2022/3/30 20:00:00,16.2,8,1,0,1,8,1,,0,1,,3098
2022/3/30 21:00:00,15.6,8,1,0,1,8,1,4,8,1,,2944
2022/3/30 22:00:00,14.9,8,1,0,1,8,1,,0,1,,2796
2022/3/30 23:00:00,14.8,8,1,0,1,8,1,,0,1,,2631
2022/3/31 00:00:00,14.6,8,1,0,1,8,1,,0,1,,2437
2022/3/31 1:00:00,14.6,8,1,0,1,8,1,,0,1,,2344
2022/3/31 2:00:00,14.1,8,1,0,1,8,1,,0,1,,2339
2022/3/31 3:00:00,14.1,8,1,0,1,8,1,2,8,1,,2368
2022/3/31 4:00:00,13,8,1,0,1,8,1,,0,1,,2391
2022/3/31 5:00:00,13,8,1,0,1,8,1,,0,1,,2439
2022/3/31 6:00:00,12.9,8,1,0,1,8,1,2,8,1,,2511
2022/3/31 7:00:00,15.7,8,1,0,1,8,1,,0,1,,2674
2022/3/31 8:00:00,16.5,8,1,0,1,8,1,,0,1,,2984
2022/3/31 9:00:00,17.1,8,1,0,1,8,1,3,8,1,,3175
2022/3/31 10:00:00,18.8,8,1,0,1,8,1,,0,1,,3246
2022/3/31 11:00:00,20.2,8,1,0,1,8,1,,0,1,,3321
2022/3/31 12:00:00,20.9,8,1,0,1,8,1,3,8,1,,3146
2022/3/31 13:00:00,21.6,8,1,0,1,8,1,,0,1,,3209
2022/3/31 14:00:00,20.6,8,1,0,1,8,1,,0,1,,3098
2022/3/31 15:00:00,16.5,8,1,0,1,8,1,4,8,1,,3054
2022/3/31 16:00:00,14.9,8,1,0,1,8,1,,0,1,,3152
2022/3/31 17:00:00,15.1,8,1,0,0,8,1,,0,1,,3215
2022/3/31 18:00:00,14.5,8,1,0,1,8,1,4,8,1,,3275
2022/3/31 19:00:00,13.9,8,1,0,1,8,1,,0,1,,3206
2022/3/31 20:00:00,13,8,1,0,0,8,1,,0,1,,3112
2022/3/31 21:00:00,11.4,8,1,1,0,8,1,10,8,1,,2980
2022/3/31 22:00:00,10.6,8,1,0.5,0,8,1,,0,1,,2857
2022/3/31 23:00:00,9.6,8,1,2.5,0,8,1,,0,1,,2714
