2022/5/23 5:40 UPDATE,,
,,
DATE,TIME,���(��kW)
2022/1/1,0:00,3266
2022/1/1,1:00,3062
2022/1/1,2:00,2929
2022/1/1,3:00,2828
2022/1/1,4:00,2786
2022/1/1,5:00,2828
2022/1/1,6:00,2985
2022/1/1,7:00,3214
2022/1/1,8:00,3293
2022/1/1,9:00,3176
2022/1/1,10:00,3032
2022/1/1,11:00,2906
2022/1/1,12:00,2810
2022/1/1,13:00,2739
2022/1/1,14:00,2743
2022/1/1,15:00,2873
2022/1/1,16:00,3140
2022/1/1,17:00,3472
2022/1/1,18:00,3561
2022/1/1,19:00,3584
2022/1/1,20:00,3589
2022/1/1,21:00,3538
2022/1/1,22:00,3372
2022/1/1,23:00,3226
2022/1/2,0:00,2974
2022/1/2,1:00,2833
2022/1/2,2:00,2765
2022/1/2,3:00,2717
2022/1/2,4:00,2695
2022/1/2,5:00,2751
2022/1/2,6:00,2937
2022/1/2,7:00,3218
2022/1/2,8:00,3459
2022/1/2,9:00,3460
2022/1/2,10:00,3263
2022/1/2,11:00,3070
2022/1/2,12:00,2952
2022/1/2,13:00,2853
2022/1/2,14:00,2819
2022/1/2,15:00,2916
2022/1/2,16:00,3136
2022/1/2,17:00,3454
2022/1/2,18:00,3563
2022/1/2,19:00,3590
2022/1/2,20:00,3594
2022/1/2,21:00,3528
2022/1/2,22:00,3374
2022/1/2,23:00,3226
2022/1/3,0:00,2968
2022/1/3,1:00,2799
2022/1/3,2:00,2714
2022/1/3,3:00,2659
2022/1/3,4:00,2638
2022/1/3,5:00,2702
2022/1/3,6:00,2907
2022/1/3,7:00,3177
2022/1/3,8:00,3307
2022/1/3,9:00,3257
2022/1/3,10:00,3132
2022/1/3,11:00,3007
2022/1/3,12:00,2923
2022/1/3,13:00,2842
2022/1/3,14:00,2834
2022/1/3,15:00,2926
2022/1/3,16:00,3169
2022/1/3,17:00,3499
2022/1/3,18:00,3601
2022/1/3,19:00,3609
2022/1/3,20:00,3586
2022/1/3,21:00,3480
2022/1/3,22:00,3276
2022/1/3,23:00,3102
2022/1/4,0:00,2872
2022/1/4,1:00,2739
2022/1/4,2:00,2695
2022/1/4,3:00,2670
2022/1/4,4:00,2697
2022/1/4,5:00,2863
2022/1/4,6:00,3227
2022/1/4,7:00,3567
2022/1/4,8:00,3744
2022/1/4,9:00,3693
2022/1/4,10:00,3518
2022/1/4,11:00,3423
2022/1/4,12:00,3315
2022/1/4,13:00,3308
2022/1/4,14:00,3335
2022/1/4,15:00,3464
2022/1/4,16:00,3724
2022/1/4,17:00,4020
2022/1/4,18:00,4086
2022/1/4,19:00,4071
2022/1/4,20:00,4004
2022/1/4,21:00,3849
2022/1/4,22:00,3589
2022/1/4,23:00,3353
2022/1/5,0:00,3073
2022/1/5,1:00,2926
2022/1/5,2:00,2869
2022/1/5,3:00,2835
2022/1/5,4:00,2866
2022/1/5,5:00,3074
2022/1/5,6:00,3542
2022/1/5,7:00,4013
2022/1/5,8:00,4325
2022/1/5,9:00,4382
2022/1/5,10:00,4261
2022/1/5,11:00,4146
2022/1/5,12:00,3995
2022/1/5,13:00,3984
2022/1/5,14:00,3993
2022/1/5,15:00,4102
2022/1/5,16:00,4360
2022/1/5,17:00,4588
2022/1/5,18:00,4598
2022/1/5,19:00,4539
2022/1/5,20:00,4435
2022/1/5,21:00,4231
2022/1/5,22:00,3949
2022/1/5,23:00,3677
2022/1/6,0:00,3369
2022/1/6,1:00,3194
2022/1/6,2:00,3107
2022/1/6,3:00,3056
2022/1/6,4:00,3094
2022/1/6,5:00,3324
2022/1/6,6:00,3828
2022/1/6,7:00,4342
2022/1/6,8:00,4892
2022/1/6,9:00,5162
2022/1/6,10:00,5164
2022/1/6,11:00,5179
2022/1/6,12:00,5107
2022/1/6,13:00,5263
2022/1/6,14:00,5302
2022/1/6,15:00,5273
2022/1/6,16:00,5374
2022/1/6,17:00,5360
2022/1/6,18:00,5265
2022/1/6,19:00,5110
2022/1/6,20:00,4934
2022/1/6,21:00,4690
2022/1/6,22:00,4356
2022/1/6,23:00,4045
2022/1/7,0:00,3689
2022/1/7,1:00,3495
2022/1/7,2:00,3415
2022/1/7,3:00,3385
2022/1/7,4:00,3445
2022/1/7,5:00,3711
2022/1/7,6:00,4215
2022/1/7,7:00,4645
2022/1/7,8:00,5059
2022/1/7,9:00,5173
2022/1/7,10:00,5018
2022/1/7,11:00,4835
2022/1/7,12:00,4526
2022/1/7,13:00,4459
2022/1/7,14:00,4393
2022/1/7,15:00,4440
2022/1/7,16:00,4662
2022/1/7,17:00,4846
2022/1/7,18:00,4822
2022/1/7,19:00,4718
2022/1/7,20:00,4615
2022/1/7,21:00,4398
2022/1/7,22:00,4155
2022/1/7,23:00,3910
2022/1/8,0:00,3593
2022/1/8,1:00,3396
2022/1/8,2:00,3279
2022/1/8,3:00,3207
2022/1/8,4:00,3196
2022/1/8,5:00,3308
2022/1/8,6:00,3603
2022/1/8,7:00,3956
2022/1/8,8:00,4190
2022/1/8,9:00,4177
2022/1/8,10:00,4001
2022/1/8,11:00,3833
2022/1/8,12:00,3685
2022/1/8,13:00,3643
2022/1/8,14:00,3594
2022/1/8,15:00,3647
2022/1/8,16:00,3856
2022/1/8,17:00,4143
2022/1/8,18:00,4209
2022/1/8,19:00,4189
2022/1/8,20:00,4116
2022/1/8,21:00,3964
2022/1/8,22:00,3746
2022/1/8,23:00,3552
2022/1/9,0:00,3305
2022/1/9,1:00,3148
2022/1/9,2:00,3065
2022/1/9,3:00,3017
2022/1/9,4:00,3016
2022/1/9,5:00,3102
2022/1/9,6:00,3325
2022/1/9,7:00,3593
2022/1/9,8:00,3741
2022/1/9,9:00,3687
2022/1/9,10:00,3530
2022/1/9,11:00,3376
2022/1/9,12:00,3262
2022/1/9,13:00,3181
2022/1/9,14:00,3195
2022/1/9,15:00,3235
2022/1/9,16:00,3438
2022/1/9,17:00,3771
2022/1/9,18:00,3863
2022/1/9,19:00,3838
2022/1/9,20:00,3738
2022/1/9,21:00,3607
2022/1/9,22:00,3377
2022/1/9,23:00,3174
2022/1/10,0:00,2929
2022/1/10,1:00,2806
2022/1/10,2:00,2758
2022/1/10,3:00,2740
2022/1/10,4:00,2758
2022/1/10,5:00,2847
2022/1/10,6:00,3080
2022/1/10,7:00,3424
2022/1/10,8:00,3799
2022/1/10,9:00,3926
2022/1/10,10:00,3883
2022/1/10,11:00,3809
2022/1/10,12:00,3721
2022/1/10,13:00,3671
2022/1/10,14:00,3629
2022/1/10,15:00,3683
2022/1/10,16:00,3868
2022/1/10,17:00,4130
2022/1/10,18:00,4163
2022/1/10,19:00,4074
2022/1/10,20:00,3965
2022/1/10,21:00,3773
2022/1/10,22:00,3502
2022/1/10,23:00,3243
2022/1/11,0:00,2977
2022/1/11,1:00,2850
2022/1/11,2:00,2813
2022/1/11,3:00,2809
2022/1/11,4:00,2868
2022/1/11,5:00,3093
2022/1/11,6:00,3555
2022/1/11,7:00,4039
2022/1/11,8:00,4541
2022/1/11,9:00,4850
2022/1/11,10:00,4780
2022/1/11,11:00,4739
2022/1/11,12:00,4635
2022/1/11,13:00,4767
2022/1/11,14:00,4716
2022/1/11,15:00,4664
2022/1/11,16:00,4764
2022/1/11,17:00,4746
2022/1/11,18:00,4641
2022/1/11,19:00,4472
2022/1/11,20:00,4298
2022/1/11,21:00,4052
2022/1/11,22:00,3781
2022/1/11,23:00,3511
2022/1/12,0:00,3212
2022/1/12,1:00,3064
2022/1/12,2:00,3018
2022/1/12,3:00,3011
2022/1/12,4:00,3076
2022/1/12,5:00,3309
2022/1/12,6:00,3803
2022/1/12,7:00,4214
2022/1/12,8:00,4476
2022/1/12,9:00,4540
2022/1/12,10:00,4408
2022/1/12,11:00,4323
2022/1/12,12:00,4143
2022/1/12,13:00,4192
2022/1/12,14:00,4200
2022/1/12,15:00,4293
2022/1/12,16:00,4529
2022/1/12,17:00,4746
2022/1/12,18:00,4762
2022/1/12,19:00,4665
2022/1/12,20:00,4539
2022/1/12,21:00,4317
2022/1/12,22:00,4037
2022/1/12,23:00,3762
2022/1/13,0:00,3446
2022/1/13,1:00,3281
2022/1/13,2:00,3211
2022/1/13,3:00,3165
2022/1/13,4:00,3189
2022/1/13,5:00,3410
2022/1/13,6:00,3923
2022/1/13,7:00,4404
2022/1/13,8:00,4744
2022/1/13,9:00,4713
2022/1/13,10:00,4529
2022/1/13,11:00,4395
2022/1/13,12:00,4227
2022/1/13,13:00,4261
2022/1/13,14:00,4247
2022/1/13,15:00,4304
2022/1/13,16:00,4489
2022/1/13,17:00,4679
2022/1/13,18:00,4692
2022/1/13,19:00,4607
2022/1/13,20:00,4498
2022/1/13,21:00,4287
2022/1/13,22:00,4013
2022/1/13,23:00,3728
2022/1/14,0:00,3418
2022/1/14,1:00,3266
2022/1/14,2:00,3212
2022/1/14,3:00,3180
2022/1/14,4:00,3224
2022/1/14,5:00,3469
2022/1/14,6:00,4014
2022/1/14,7:00,4452
2022/1/14,8:00,4715
2022/1/14,9:00,4736
2022/1/14,10:00,4598
2022/1/14,11:00,4481
2022/1/14,12:00,4287
2022/1/14,13:00,4327
2022/1/14,14:00,4307
2022/1/14,15:00,4376
2022/1/14,16:00,4606
2022/1/14,17:00,4812
2022/1/14,18:00,4806
2022/1/14,19:00,4697
2022/1/14,20:00,4564
2022/1/14,21:00,4343
2022/1/14,22:00,4087
2022/1/14,23:00,3822
2022/1/15,0:00,3525
2022/1/15,1:00,3332
2022/1/15,2:00,3239
2022/1/15,3:00,3177
2022/1/15,4:00,3168
2022/1/15,5:00,3284
2022/1/15,6:00,3575
2022/1/15,7:00,3883
2022/1/15,8:00,4077
2022/1/15,9:00,4121
2022/1/15,10:00,4091
2022/1/15,11:00,3977
2022/1/15,12:00,3792
2022/1/15,13:00,3708
2022/1/15,14:00,3596
2022/1/15,15:00,3611
2022/1/15,16:00,3824
2022/1/15,17:00,4121
2022/1/15,18:00,4188
2022/1/15,19:00,4152
2022/1/15,20:00,4070
2022/1/15,21:00,3897
2022/1/15,22:00,3686
2022/1/15,23:00,3495
2022/1/16,0:00,3276
2022/1/16,1:00,3151
2022/1/16,2:00,3057
2022/1/16,3:00,3009
2022/1/16,4:00,3009
2022/1/16,5:00,3087
2022/1/16,6:00,3315
2022/1/16,7:00,3595
2022/1/16,8:00,3739
2022/1/16,9:00,3733
2022/1/16,10:00,3593
2022/1/16,11:00,3454
2022/1/16,12:00,3357
2022/1/16,13:00,3263
2022/1/16,14:00,3215
2022/1/16,15:00,3268
2022/1/16,16:00,3475
2022/1/16,17:00,3857
2022/1/16,18:00,3998
2022/1/16,19:00,4010
2022/1/16,20:00,3953
2022/1/16,21:00,3806
2022/1/16,22:00,3556
2022/1/16,23:00,3361
2022/1/17,0:00,3116
2022/1/17,1:00,2995
2022/1/17,2:00,2947
2022/1/17,3:00,2936
2022/1/17,4:00,3007
2022/1/17,5:00,3274
2022/1/17,6:00,3813
2022/1/17,7:00,4280
2022/1/17,8:00,4585
2022/1/17,9:00,4693
2022/1/17,10:00,4558
2022/1/17,11:00,4421
2022/1/17,12:00,4194
2022/1/17,13:00,4249
2022/1/17,14:00,4214
2022/1/17,15:00,4232
2022/1/17,16:00,4395
2022/1/17,17:00,4575
2022/1/17,18:00,4560
2022/1/17,19:00,4448
2022/1/17,20:00,4313
2022/1/17,21:00,4102
2022/1/17,22:00,3849
2022/1/17,23:00,3593
2022/1/18,0:00,3293
2022/1/18,1:00,3148
2022/1/18,2:00,3089
2022/1/18,3:00,3068
2022/1/18,4:00,3127
2022/1/18,5:00,3376
2022/1/18,6:00,3907
2022/1/18,7:00,4317
2022/1/18,8:00,4571
2022/1/18,9:00,4632
2022/1/18,10:00,4519
2022/1/18,11:00,4422
2022/1/18,12:00,4217
2022/1/18,13:00,4264
2022/1/18,14:00,4265
2022/1/18,15:00,4356
2022/1/18,16:00,4606
2022/1/18,17:00,4849
2022/1/18,18:00,4870
2022/1/18,19:00,4766
2022/1/18,20:00,4637
2022/1/18,21:00,4407
2022/1/18,22:00,4115
2022/1/18,23:00,3831
2022/1/19,0:00,3511
2022/1/19,1:00,3346
2022/1/19,2:00,3277
2022/1/19,3:00,3248
2022/1/19,4:00,3282
2022/1/19,5:00,3526
2022/1/19,6:00,4068
2022/1/19,7:00,4501
2022/1/19,8:00,4748
2022/1/19,9:00,4787
2022/1/19,10:00,4667
2022/1/19,11:00,4582
2022/1/19,12:00,4406
2022/1/19,13:00,4467
2022/1/19,14:00,4407
2022/1/19,15:00,4442
2022/1/19,16:00,4607
2022/1/19,17:00,4794
2022/1/19,18:00,4806
2022/1/19,19:00,4710
2022/1/19,20:00,4590
2022/1/19,21:00,4381
2022/1/19,22:00,4103
2022/1/19,23:00,3821
2022/1/20,0:00,3502
2022/1/20,1:00,3345
2022/1/20,2:00,3285
2022/1/20,3:00,3260
2022/1/20,4:00,3319
2022/1/20,5:00,3584
2022/1/20,6:00,4122
2022/1/20,7:00,4558
2022/1/20,8:00,4841
2022/1/20,9:00,4918
2022/1/20,10:00,4745
2022/1/20,11:00,4600
2022/1/20,12:00,4408
2022/1/20,13:00,4410
2022/1/20,14:00,4336
2022/1/20,15:00,4375
2022/1/20,16:00,4612
2022/1/20,17:00,4852
2022/1/20,18:00,4877
2022/1/20,19:00,4779
2022/1/20,20:00,4645
2022/1/20,21:00,4424
2022/1/20,22:00,4124
2022/1/20,23:00,3841
2022/1/21,0:00,3524
2022/1/21,1:00,3363
2022/1/21,2:00,3291
2022/1/21,3:00,3260
2022/1/21,4:00,3310
2022/1/21,5:00,3568
2022/1/21,6:00,4106
2022/1/21,7:00,4532
2022/1/21,8:00,4791
2022/1/21,9:00,4840
2022/1/21,10:00,4723
2022/1/21,11:00,4608
2022/1/21,12:00,4421
2022/1/21,13:00,4450
2022/1/21,14:00,4425
2022/1/21,15:00,4495
2022/1/21,16:00,4740
2022/1/21,17:00,4974
2022/1/21,18:00,4992
2022/1/21,19:00,4889
2022/1/21,20:00,4745
2022/1/21,21:00,4503
2022/1/21,22:00,4226
2022/1/21,23:00,3967
2022/1/22,0:00,3654
2022/1/22,1:00,3455
2022/1/22,2:00,3351
2022/1/22,3:00,3290
2022/1/22,4:00,3282
2022/1/22,5:00,3394
2022/1/22,6:00,3690
2022/1/22,7:00,4011
2022/1/22,8:00,4192
2022/1/22,9:00,4183
2022/1/22,10:00,4010
2022/1/22,11:00,3862
2022/1/22,12:00,3702
2022/1/22,13:00,3610
2022/1/22,14:00,3527
2022/1/22,15:00,3562
2022/1/22,16:00,3774
2022/1/22,17:00,4112
2022/1/22,18:00,4230
2022/1/22,19:00,4209
2022/1/22,20:00,4123
2022/1/22,21:00,3934
2022/1/22,22:00,3710
2022/1/22,23:00,3510
2022/1/23,0:00,3257
2022/1/23,1:00,3106
2022/1/23,2:00,3030
2022/1/23,3:00,2980
2022/1/23,4:00,2963
2022/1/23,5:00,3042
2022/1/23,6:00,3259
2022/1/23,7:00,3547
2022/1/23,8:00,3860
2022/1/23,9:00,4019
2022/1/23,10:00,3927
2022/1/23,11:00,3864
2022/1/23,12:00,3823
2022/1/23,13:00,3750
2022/1/23,14:00,3687
2022/1/23,15:00,3708
2022/1/23,16:00,3892
2022/1/23,17:00,4167
2022/1/23,18:00,4219
2022/1/23,19:00,4148
2022/1/23,20:00,4029
2022/1/23,21:00,3807
2022/1/23,22:00,3522
2022/1/23,23:00,3287
2022/1/24,0:00,3027
2022/1/24,1:00,2911
2022/1/24,2:00,2869
2022/1/24,3:00,2851
2022/1/24,4:00,2905
2022/1/24,5:00,3137
2022/1/24,6:00,3617
2022/1/24,7:00,4084
2022/1/24,8:00,4477
2022/1/24,9:00,4659
2022/1/24,10:00,4557
2022/1/24,11:00,4487
2022/1/24,12:00,4316
2022/1/24,13:00,4286
2022/1/24,14:00,4170
2022/1/24,15:00,4167
2022/1/24,16:00,4327
2022/1/24,17:00,4552
2022/1/24,18:00,4597
2022/1/24,19:00,4507
2022/1/24,20:00,4378
2022/1/24,21:00,4158
2022/1/24,22:00,3907
2022/1/24,23:00,3655
2022/1/25,0:00,3365
2022/1/25,1:00,3230
2022/1/25,2:00,3185
2022/1/25,3:00,3168
2022/1/25,4:00,3226
2022/1/25,5:00,3474
2022/1/25,6:00,3998
2022/1/25,7:00,4422
2022/1/25,8:00,4682
2022/1/25,9:00,4743
2022/1/25,10:00,4689
2022/1/25,11:00,4589
2022/1/25,12:00,4387
2022/1/25,13:00,4470
2022/1/25,14:00,4410
2022/1/25,15:00,4389
2022/1/25,16:00,4544
2022/1/25,17:00,4714
2022/1/25,18:00,4674
2022/1/25,19:00,4535
2022/1/25,20:00,4364
2022/1/25,21:00,4116
2022/1/25,22:00,3824
2022/1/25,23:00,3539
2022/1/26,0:00,3234
2022/1/26,1:00,3083
2022/1/26,2:00,3028
2022/1/26,3:00,3005
2022/1/26,4:00,3059
2022/1/26,5:00,3263
2022/1/26,6:00,3707
2022/1/26,7:00,4208
2022/1/26,8:00,4714
2022/1/26,9:00,4898
2022/1/26,10:00,4767
2022/1/26,11:00,4612
2022/1/26,12:00,4298
2022/1/26,13:00,4280
2022/1/26,14:00,4218
2022/1/26,15:00,4180
2022/1/26,16:00,4296
2022/1/26,17:00,4481
2022/1/26,18:00,4505
2022/1/26,19:00,4393
2022/1/26,20:00,4271
2022/1/26,21:00,4051
2022/1/26,22:00,3808
2022/1/26,23:00,3551
2022/1/27,0:00,3275
2022/1/27,1:00,3137
2022/1/27,2:00,3093
2022/1/27,3:00,3079
2022/1/27,4:00,3134
2022/1/27,5:00,3363
2022/1/27,6:00,3836
2022/1/27,7:00,4216
2022/1/27,8:00,4519
2022/1/27,9:00,4611
2022/1/27,10:00,4509
2022/1/27,11:00,4375
2022/1/27,12:00,4127
2022/1/27,13:00,4156
2022/1/27,14:00,4105
2022/1/27,15:00,4159
2022/1/27,16:00,4324
2022/1/27,17:00,4536
2022/1/27,18:00,4536
2022/1/27,19:00,4416
2022/1/27,20:00,4260
2022/1/27,21:00,4023
2022/1/27,22:00,3737
2022/1/27,23:00,3463
2022/1/28,0:00,3162
2022/1/28,1:00,3031
2022/1/28,2:00,2990
2022/1/28,3:00,2977
2022/1/28,4:00,3031
2022/1/28,5:00,3247
2022/1/28,6:00,3704
2022/1/28,7:00,4127
2022/1/28,8:00,4470
2022/1/28,9:00,4552
2022/1/28,10:00,4429
2022/1/28,11:00,4319
2022/1/28,12:00,4111
2022/1/28,13:00,4133
2022/1/28,14:00,4097
2022/1/28,15:00,4108
2022/1/28,16:00,4253
2022/1/28,17:00,4409
2022/1/28,18:00,4407
2022/1/28,19:00,4302
2022/1/28,20:00,4164
2022/1/28,21:00,3957
2022/1/28,22:00,3745
2022/1/28,23:00,3530
2022/1/29,0:00,3281
2022/1/29,1:00,3146
2022/1/29,2:00,3075
2022/1/29,3:00,3025
2022/1/29,4:00,3009
2022/1/29,5:00,3091
2022/1/29,6:00,3330
2022/1/29,7:00,3615
2022/1/29,8:00,3938
2022/1/29,9:00,4029
2022/1/29,10:00,3953
2022/1/29,11:00,3830
2022/1/29,12:00,3698
2022/1/29,13:00,3580
2022/1/29,14:00,3503
2022/1/29,15:00,3491
2022/1/29,16:00,3624
2022/1/29,17:00,3924
2022/1/29,18:00,4031
2022/1/29,19:00,4001
2022/1/29,20:00,3924
2022/1/29,21:00,3750
2022/1/29,22:00,3553
2022/1/29,23:00,3373
2022/1/30,0:00,3152
2022/1/30,1:00,3028
2022/1/30,2:00,2960
2022/1/30,3:00,2917
2022/1/30,4:00,2902
2022/1/30,5:00,2966
2022/1/30,6:00,3161
2022/1/30,7:00,3400
2022/1/30,8:00,3591
2022/1/30,9:00,3714
2022/1/30,10:00,3614
2022/1/30,11:00,3639
2022/1/30,12:00,3700
2022/1/30,13:00,3520
2022/1/30,14:00,3540
2022/1/30,15:00,3578
2022/1/30,16:00,3749
2022/1/30,17:00,4061
2022/1/30,18:00,4173
2022/1/30,19:00,4145
2022/1/30,20:00,4048
2022/1/30,21:00,3846
2022/1/30,22:00,3575
2022/1/30,23:00,3359
2022/1/31,0:00,3121
2022/1/31,1:00,3008
2022/1/31,2:00,2971
2022/1/31,3:00,2964
2022/1/31,4:00,3023
2022/1/31,5:00,3276
2022/1/31,6:00,3805
2022/1/31,7:00,4254
2022/1/31,8:00,4515
2022/1/31,9:00,4591
2022/1/31,10:00,4483
2022/1/31,11:00,4384
2022/1/31,12:00,4181
2022/1/31,13:00,4183
2022/1/31,14:00,4116
2022/1/31,15:00,4141
2022/1/31,16:00,4344
2022/1/31,17:00,4571
2022/1/31,18:00,4614
2022/1/31,19:00,4529
2022/1/31,20:00,4402
2022/1/31,21:00,4179
2022/1/31,22:00,3901
2022/1/31,23:00,3647
2022/2/1,0:00,3357
2022/2/1,1:00,3225
2022/2/1,2:00,3160
2022/2/1,3:00,3137
2022/2/1,4:00,3183
2022/2/1,5:00,3431
2022/2/1,6:00,3947
2022/2/1,7:00,4371
2022/2/1,8:00,4593
2022/2/1,9:00,4609
2022/2/1,10:00,4460
2022/2/1,11:00,4330
2022/2/1,12:00,4113
2022/2/1,13:00,4130
2022/2/1,14:00,4092
2022/2/1,15:00,4107
2022/2/1,16:00,4247
2022/2/1,17:00,4438
2022/2/1,18:00,4491
2022/2/1,19:00,4395
2022/2/1,20:00,4265
2022/2/1,21:00,4039
2022/2/1,22:00,3784
2022/2/1,23:00,3527
2022/2/2,0:00,3258
2022/2/2,1:00,3135
2022/2/2,2:00,3109
2022/2/2,3:00,3083
2022/2/2,4:00,3128
2022/2/2,5:00,3355
2022/2/2,6:00,3829
2022/2/2,7:00,4232
2022/2/2,8:00,4461
2022/2/2,9:00,4497
2022/2/2,10:00,4388
2022/2/2,11:00,4298
2022/2/2,12:00,4106
2022/2/2,13:00,4140
2022/2/2,14:00,4106
2022/2/2,15:00,4130
2022/2/2,16:00,4289
2022/2/2,17:00,4486
2022/2/2,18:00,4551
2022/2/2,19:00,4465
2022/2/2,20:00,4354
2022/2/2,21:00,4143
2022/2/2,22:00,3896
2022/2/2,23:00,3646
2022/2/3,0:00,3362
2022/2/3,1:00,3223
2022/2/3,2:00,3178
2022/2/3,3:00,3157
2022/2/3,4:00,3214
2022/2/3,5:00,3471
2022/2/3,6:00,3977
2022/2/3,7:00,4421
2022/2/3,8:00,4793
2022/2/3,9:00,4870
2022/2/3,10:00,4671
2022/2/3,11:00,4433
2022/2/3,12:00,4175
2022/2/3,13:00,4156
2022/2/3,14:00,4057
2022/2/3,15:00,4041
2022/2/3,16:00,4192
2022/2/3,17:00,4400
2022/2/3,18:00,4445
2022/2/3,19:00,4344
2022/2/3,20:00,4221
2022/2/3,21:00,4009
2022/2/3,22:00,3745
2022/2/3,23:00,3495
2022/2/4,0:00,3210
2022/2/4,1:00,3088
2022/2/4,2:00,3068
2022/2/4,3:00,3055
2022/2/4,4:00,3108
2022/2/4,5:00,3326
2022/2/4,6:00,3801
2022/2/4,7:00,4257
2022/2/4,8:00,4658
2022/2/4,9:00,4851
2022/2/4,10:00,4701
2022/2/4,11:00,4565
2022/2/4,12:00,4360
2022/2/4,13:00,4341
2022/2/4,14:00,4280
2022/2/4,15:00,4269
2022/2/4,16:00,4381
2022/2/4,17:00,4529
2022/2/4,18:00,4553
2022/2/4,19:00,4450
2022/2/4,20:00,4330
2022/2/4,21:00,4106
2022/2/4,22:00,3886
2022/2/4,23:00,3672
2022/2/5,0:00,3394
2022/2/5,1:00,3245
2022/2/5,2:00,3176
2022/2/5,3:00,3129
2022/2/5,4:00,3119
2022/2/5,5:00,3203
2022/2/5,6:00,3458
2022/2/5,7:00,3697
2022/2/5,8:00,3860
2022/2/5,9:00,3909
2022/2/5,10:00,3865
2022/2/5,11:00,3813
2022/2/5,12:00,3761
2022/2/5,13:00,3714
2022/2/5,14:00,3703
2022/2/5,15:00,3788
2022/2/5,16:00,3961
2022/2/5,17:00,4250
2022/2/5,18:00,4389
2022/2/5,19:00,4368
2022/2/5,20:00,4283
2022/2/5,21:00,4098
2022/2/5,22:00,3882
2022/2/5,23:00,3682
2022/2/6,0:00,3408
2022/2/6,1:00,3248
2022/2/6,2:00,3167
2022/2/6,3:00,3118
2022/2/6,4:00,3103
2022/2/6,5:00,3188
2022/2/6,6:00,3420
2022/2/6,7:00,3668
2022/2/6,8:00,3799
2022/2/6,9:00,3829
2022/2/6,10:00,3748
2022/2/6,11:00,3673
2022/2/6,12:00,3627
2022/2/6,13:00,3610
2022/2/6,14:00,3590
2022/2/6,15:00,3651
2022/2/6,16:00,3853
2022/2/6,17:00,4224
2022/2/6,18:00,4423
2022/2/6,19:00,4414
2022/2/6,20:00,4336
2022/2/6,21:00,4151
2022/2/6,22:00,3859
2022/2/6,23:00,3617
2022/2/7,0:00,3341
2022/2/7,1:00,3196
2022/2/7,2:00,3135
2022/2/7,3:00,3107
2022/2/7,4:00,3162
2022/2/7,5:00,3431
2022/2/7,6:00,3990
2022/2/7,7:00,4450
2022/2/7,8:00,4698
2022/2/7,9:00,4783
2022/2/7,10:00,4649
2022/2/7,11:00,4537
2022/2/7,12:00,4321
2022/2/7,13:00,4318
2022/2/7,14:00,4247
2022/2/7,15:00,4251
2022/2/7,16:00,4435
2022/2/7,17:00,4641
2022/2/7,18:00,4704
2022/2/7,19:00,4611
2022/2/7,20:00,4477
2022/2/7,21:00,4254
2022/2/7,22:00,3976
2022/2/7,23:00,3684
2022/2/8,0:00,3380
2022/2/8,1:00,3223
2022/2/8,2:00,3151
2022/2/8,3:00,3113
2022/2/8,4:00,3147
2022/2/8,5:00,3375
2022/2/8,6:00,3863
2022/2/8,7:00,4386
2022/2/8,8:00,4862
2022/2/8,9:00,5059
2022/2/8,10:00,4903
2022/2/8,11:00,4753
2022/2/8,12:00,4404
2022/2/8,13:00,4385
2022/2/8,14:00,4306
2022/2/8,15:00,4242
2022/2/8,16:00,4355
2022/2/8,17:00,4553
2022/2/8,18:00,4606
2022/2/8,19:00,4496
2022/2/8,20:00,4335
2022/2/8,21:00,4080
2022/2/8,22:00,3811
2022/2/8,23:00,3547
2022/2/9,0:00,3278
2022/2/9,1:00,3152
2022/2/9,2:00,3098
2022/2/9,3:00,3092
2022/2/9,4:00,3142
2022/2/9,5:00,3378
2022/2/9,6:00,3868
2022/2/9,7:00,4257
2022/2/9,8:00,4511
2022/2/9,9:00,4579
2022/2/9,10:00,4438
2022/2/9,11:00,4331
2022/2/9,12:00,4135
2022/2/9,13:00,4142
2022/2/9,14:00,4100
2022/2/9,15:00,4120
2022/2/9,16:00,4249
2022/2/9,17:00,4431
2022/2/9,18:00,4492
2022/2/9,19:00,4406
2022/2/9,20:00,4276
2022/2/9,21:00,4052
2022/2/9,22:00,3803
2022/2/9,23:00,3527
2022/2/10,0:00,3228
2022/2/10,1:00,3069
2022/2/10,2:00,3010
2022/2/10,3:00,2985
2022/2/10,4:00,3031
2022/2/10,5:00,3258
2022/2/10,6:00,3723
2022/2/10,7:00,4244
2022/2/10,8:00,4824
2022/2/10,9:00,5208
2022/2/10,10:00,5278
2022/2/10,11:00,5270
2022/2/10,12:00,5131
2022/2/10,13:00,5212
2022/2/10,14:00,5195
2022/2/10,15:00,5139
2022/2/10,16:00,5163
2022/2/10,17:00,5159
2022/2/10,18:00,5066
2022/2/10,19:00,4901
2022/2/10,20:00,4710
2022/2/10,21:00,4438
2022/2/10,22:00,4143
2022/2/10,23:00,3874
2022/2/11,0:00,3557
2022/2/11,1:00,3394
2022/2/11,2:00,3303
2022/2/11,3:00,3255
2022/2/11,4:00,3246
2022/2/11,5:00,3342
2022/2/11,6:00,3580
2022/2/11,7:00,3917
2022/2/11,8:00,4240
2022/2/11,9:00,4278
2022/2/11,10:00,4120
2022/2/11,11:00,3954
2022/2/11,12:00,3821
2022/2/11,13:00,3754
2022/2/11,14:00,3660
2022/2/11,15:00,3642
2022/2/11,16:00,3803
2022/2/11,17:00,4109
2022/2/11,18:00,4269
2022/2/11,19:00,4236
2022/2/11,20:00,4145
2022/2/11,21:00,3975
2022/2/11,22:00,3748
2022/2/11,23:00,3556
2022/2/12,0:00,3302
2022/2/12,1:00,3174
2022/2/12,2:00,3113
2022/2/12,3:00,3077
2022/2/12,4:00,3086
2022/2/12,5:00,3197
2022/2/12,6:00,3437
2022/2/12,7:00,3688
2022/2/12,8:00,3946
2022/2/12,9:00,4039
2022/2/12,10:00,3951
2022/2/12,11:00,3869
2022/2/12,12:00,3737
2022/2/12,13:00,3623
2022/2/12,14:00,3506
2022/2/12,15:00,3414
2022/2/12,16:00,3532
2022/2/12,17:00,3850
2022/2/12,18:00,4024
2022/2/12,19:00,4012
2022/2/12,20:00,3941
2022/2/12,21:00,3779
2022/2/12,22:00,3601
2022/2/12,23:00,3434
2022/2/13,0:00,3191
2022/2/13,1:00,3049
2022/2/13,2:00,2988
2022/2/13,3:00,2950
2022/2/13,4:00,2953
2022/2/13,5:00,3033
2022/2/13,6:00,3218
2022/2/13,7:00,3432
2022/2/13,8:00,3756
2022/2/13,9:00,4003
2022/2/13,10:00,4061
2022/2/13,11:00,4078
2022/2/13,12:00,4058
2022/2/13,13:00,3996
2022/2/13,14:00,3954
2022/2/13,15:00,3959
2022/2/13,16:00,4064
2022/2/13,17:00,4286
2022/2/13,18:00,4333
2022/2/13,19:00,4266
2022/2/13,20:00,4162
2022/2/13,21:00,3970
2022/2/13,22:00,3722
2022/2/13,23:00,3528
2022/2/14,0:00,3271
2022/2/14,1:00,3123
2022/2/14,2:00,3057
2022/2/14,3:00,3044
2022/2/14,4:00,3110
2022/2/14,5:00,3361
2022/2/14,6:00,3851
2022/2/14,7:00,4325
2022/2/14,8:00,4710
2022/2/14,9:00,4793
2022/2/14,10:00,4623
2022/2/14,11:00,4471
2022/2/14,12:00,4221
2022/2/14,13:00,4231
2022/2/14,14:00,4160
2022/2/14,15:00,4211
2022/2/14,16:00,4403
2022/2/14,17:00,4633
2022/2/14,18:00,4724
2022/2/14,19:00,4622
2022/2/14,20:00,4491
2022/2/14,21:00,4271
2022/2/14,22:00,4000
2022/2/14,23:00,3734
2022/2/15,0:00,3410
2022/2/15,1:00,3233
2022/2/15,2:00,3165
2022/2/15,3:00,3125
2022/2/15,4:00,3169
2022/2/15,5:00,3413
2022/2/15,6:00,3896
2022/2/15,7:00,4293
2022/2/15,8:00,4667
2022/2/15,9:00,4828
2022/2/15,10:00,4716
2022/2/15,11:00,4579
2022/2/15,12:00,4323
2022/2/15,13:00,4348
2022/2/15,14:00,4222
2022/2/15,15:00,4209
2022/2/15,16:00,4309
2022/2/15,17:00,4455
2022/2/15,18:00,4523
2022/2/15,19:00,4417
2022/2/15,20:00,4297
2022/2/15,21:00,4092
2022/2/15,22:00,3857
2022/2/15,23:00,3620
2022/2/16,0:00,3324
2022/2/16,1:00,3178
2022/2/16,2:00,3120
2022/2/16,3:00,3091
2022/2/16,4:00,3141
2022/2/16,5:00,3357
2022/2/16,6:00,3807
2022/2/16,7:00,4169
2022/2/16,8:00,4388
2022/2/16,9:00,4442
2022/2/16,10:00,4346
2022/2/16,11:00,4253
2022/2/16,12:00,4057
2022/2/16,13:00,4079
2022/2/16,14:00,4044
2022/2/16,15:00,4041
2022/2/16,16:00,4170
2022/2/16,17:00,4353
2022/2/16,18:00,4438
2022/2/16,19:00,4360
2022/2/16,20:00,4250
2022/2/16,21:00,4045
2022/2/16,22:00,3807
2022/2/16,23:00,3589
2022/2/17,0:00,3285
2022/2/17,1:00,3149
2022/2/17,2:00,3108
2022/2/17,3:00,3088
2022/2/17,4:00,3138
2022/2/17,5:00,3373
2022/2/17,6:00,3866
2022/2/17,7:00,4225
2022/2/17,8:00,4461
2022/2/17,9:00,4548
2022/2/17,10:00,4470
2022/2/17,11:00,4424
2022/2/17,12:00,4264
2022/2/17,13:00,4300
2022/2/17,14:00,4255
2022/2/17,15:00,4218
2022/2/17,16:00,4390
2022/2/17,17:00,4625
2022/2/17,18:00,4723
2022/2/17,19:00,4639
2022/2/17,20:00,4502
2022/2/17,21:00,4297
2022/2/17,22:00,4033
2022/2/17,23:00,3791
2022/2/18,0:00,3468
2022/2/18,1:00,3300
2022/2/18,2:00,3227
2022/2/18,3:00,3190
2022/2/18,4:00,3229
2022/2/18,5:00,3460
2022/2/18,6:00,3943
2022/2/18,7:00,4281
2022/2/18,8:00,4512
2022/2/18,9:00,4632
2022/2/18,10:00,4522
2022/2/18,11:00,4406
2022/2/18,12:00,4209
2022/2/18,13:00,4200
2022/2/18,14:00,4107
2022/2/18,15:00,4056
2022/2/18,16:00,4159
2022/2/18,17:00,4354
2022/2/18,18:00,4448
2022/2/18,19:00,4365
2022/2/18,20:00,4251
2022/2/18,21:00,4062
2022/2/18,22:00,3848
2022/2/18,23:00,3655
2022/2/19,0:00,3379
2022/2/19,1:00,3208
2022/2/19,2:00,3132
2022/2/19,3:00,3088
2022/2/19,4:00,3082
2022/2/19,5:00,3175
2022/2/19,6:00,3416
2022/2/19,7:00,3723
2022/2/19,8:00,4052
2022/2/19,9:00,4233
2022/2/19,10:00,4128
2022/2/19,11:00,4036
2022/2/19,12:00,3895
2022/2/19,13:00,3816
2022/2/19,14:00,3772
2022/2/19,15:00,3793
2022/2/19,16:00,3868
2022/2/19,17:00,4038
2022/2/19,18:00,4094
2022/2/19,19:00,4012
2022/2/19,20:00,3884
2022/2/19,21:00,3684
2022/2/19,22:00,3478
2022/2/19,23:00,3280
2022/2/20,0:00,3049
2022/2/20,1:00,2920
2022/2/20,2:00,2856
2022/2/20,3:00,2808
2022/2/20,4:00,2780
2022/2/20,5:00,2821
2022/2/20,6:00,2969
2022/2/20,7:00,3222
2022/2/20,8:00,3499
2022/2/20,9:00,3733
2022/2/20,10:00,3751
2022/2/20,11:00,3568
2022/2/20,12:00,3463
2022/2/20,13:00,3441
2022/2/20,14:00,3375
2022/2/20,15:00,3428
2022/2/20,16:00,3589
2022/2/20,17:00,3900
2022/2/20,18:00,4051
2022/2/20,19:00,4050
2022/2/20,20:00,3978
2022/2/20,21:00,3828
2022/2/20,22:00,3593
2022/2/20,23:00,3391
2022/2/21,0:00,3168
2022/2/21,1:00,3037
2022/2/21,2:00,2999
2022/2/21,3:00,2990
2022/2/21,4:00,3050
2022/2/21,5:00,3317
2022/2/21,6:00,3836
2022/2/21,7:00,4198
2022/2/21,8:00,4459
2022/2/21,9:00,4635
2022/2/21,10:00,4564
2022/2/21,11:00,4504
2022/2/21,12:00,4300
2022/2/21,13:00,4304
2022/2/21,14:00,4225
2022/2/21,15:00,4203
2022/2/21,16:00,4388
2022/2/21,17:00,4634
2022/2/21,18:00,4768
2022/2/21,19:00,4678
2022/2/21,20:00,4534
2022/2/21,21:00,4319
2022/2/21,22:00,4036
2022/2/21,23:00,3748
2022/2/22,0:00,3436
2022/2/22,1:00,3280
2022/2/22,2:00,3219
2022/2/22,3:00,3181
2022/2/22,4:00,3233
2022/2/22,5:00,3487
2022/2/22,6:00,4014
2022/2/22,7:00,4327
2022/2/22,8:00,4552
2022/2/22,9:00,4641
2022/2/22,10:00,4551
2022/2/22,11:00,4464
2022/2/22,12:00,4261
2022/2/22,13:00,4284
2022/2/22,14:00,4229
2022/2/22,15:00,4213
2022/2/22,16:00,4327
2022/2/22,17:00,4529
2022/2/22,18:00,4652
2022/2/22,19:00,4576
2022/2/22,20:00,4472
2022/2/22,21:00,4274
2022/2/22,22:00,4036
2022/2/22,23:00,3787
2022/2/23,0:00,3496
2022/2/23,1:00,3331
2022/2/23,2:00,3247
2022/2/23,3:00,3206
2022/2/23,4:00,3197
2022/2/23,5:00,3316
2022/2/23,6:00,3592
2022/2/23,7:00,3814
2022/2/23,8:00,3986
2022/2/23,9:00,4071
2022/2/23,10:00,4045
2022/2/23,11:00,3965
2022/2/23,12:00,3796
2022/2/23,13:00,3744
2022/2/23,14:00,3650
2022/2/23,15:00,3666
2022/2/23,16:00,3852
2022/2/23,17:00,4154
2022/2/23,18:00,4348
2022/2/23,19:00,4339
2022/2/23,20:00,4268
2022/2/23,21:00,4091
2022/2/23,22:00,3831
2022/2/23,23:00,3598
2022/2/24,0:00,3321
2022/2/24,1:00,3191
2022/2/24,2:00,3143
2022/2/24,3:00,3116
2022/2/24,4:00,3162
2022/2/24,5:00,3393
2022/2/24,6:00,3893
2022/2/24,7:00,4263
2022/2/24,8:00,4535
2022/2/24,9:00,4659
2022/2/24,10:00,4587
2022/2/24,11:00,4479
2022/2/24,12:00,4240
2022/2/24,13:00,4236
2022/2/24,14:00,4135
2022/2/24,15:00,4100
2022/2/24,16:00,4259
2022/2/24,17:00,4502
2022/2/24,18:00,4651
2022/2/24,19:00,4576
2022/2/24,20:00,4447
2022/2/24,21:00,4220
2022/2/24,22:00,3943
2022/2/24,23:00,3695
2022/2/25,0:00,3386
2022/2/25,1:00,3236
2022/2/25,2:00,3175
2022/2/25,3:00,3148
2022/2/25,4:00,3190
2022/2/25,5:00,3435
2022/2/25,6:00,3934
2022/2/25,7:00,4197
2022/2/25,8:00,4352
2022/2/25,9:00,4433
2022/2/25,10:00,4318
2022/2/25,11:00,4192
2022/2/25,12:00,3984
2022/2/25,13:00,3964
2022/2/25,14:00,3866
2022/2/25,15:00,3812
2022/2/25,16:00,3913
2022/2/25,17:00,4103
2022/2/25,18:00,4237
2022/2/25,19:00,4173
2022/2/25,20:00,4056
2022/2/25,21:00,3869
2022/2/25,22:00,3671
2022/2/25,23:00,3458
2022/2/26,0:00,3219
2022/2/26,1:00,3083
2022/2/26,2:00,3027
2022/2/26,3:00,2992
2022/2/26,4:00,2997
2022/2/26,5:00,3091
2022/2/26,6:00,3315
2022/2/26,7:00,3440
2022/2/26,8:00,3537
2022/2/26,9:00,3572
2022/2/26,10:00,3497
2022/2/26,11:00,3418
2022/2/26,12:00,3295
2022/2/26,13:00,3239
2022/2/26,14:00,3179
2022/2/26,15:00,3132
2022/2/26,16:00,3195
2022/2/26,17:00,3434
2022/2/26,18:00,3616
2022/2/26,19:00,3597
2022/2/26,20:00,3531
2022/2/26,21:00,3398
2022/2/26,22:00,3218
2022/2/26,23:00,3038
2022/2/27,0:00,2836
2022/2/27,1:00,2737
2022/2/27,2:00,2713
2022/2/27,3:00,2697
2022/2/27,4:00,2708
2022/2/27,5:00,2776
2022/2/27,6:00,2910
2022/2/27,7:00,3018
2022/2/27,8:00,3109
2022/2/27,9:00,3157
2022/2/27,10:00,3112
2022/2/27,11:00,3075
2022/2/27,12:00,2997
2022/2/27,13:00,2916
2022/2/27,14:00,2835
2022/2/27,15:00,2839
2022/2/27,16:00,2982
2022/2/27,17:00,3315
2022/2/27,18:00,3579
2022/2/27,19:00,3593
2022/2/27,20:00,3536
2022/2/27,21:00,3389
2022/2/27,22:00,3191
2022/2/27,23:00,3014
2022/2/28,0:00,2828
2022/2/28,1:00,2742
2022/2/28,2:00,2729
2022/2/28,3:00,2738
2022/2/28,4:00,2807
2022/2/28,5:00,3034
2022/2/28,6:00,3457
2022/2/28,7:00,3713
2022/2/28,8:00,3922
2022/2/28,9:00,4024
2022/2/28,10:00,3937
2022/2/28,11:00,3858
2022/2/28,12:00,3673
2022/2/28,13:00,3684
2022/2/28,14:00,3642
2022/2/28,15:00,3621
2022/2/28,16:00,3644
2022/2/28,17:00,3782
2022/2/28,18:00,3901
2022/2/28,19:00,3821
2022/2/28,20:00,3696
2022/2/28,21:00,3516
2022/2/28,22:00,3326
2022/2/28,23:00,3101
2022/3/1,0:00,2876
2022/3/1,1:00,2788
2022/3/1,2:00,2778
2022/3/1,3:00,2783
2022/3/1,4:00,2844
2022/3/1,5:00,3049
2022/3/1,6:00,3414
2022/3/1,7:00,3637
2022/3/1,8:00,3839
2022/3/1,9:00,4030
2022/3/1,10:00,3869
2022/3/1,11:00,3777
2022/3/1,12:00,3558
2022/3/1,13:00,3668
2022/3/1,14:00,3752
2022/3/1,15:00,3673
2022/3/1,16:00,3690
2022/3/1,17:00,3798
2022/3/1,18:00,3864
2022/3/1,19:00,3758
2022/3/1,20:00,3618
2022/3/1,21:00,3421
2022/3/1,22:00,3224
2022/3/1,23:00,3023
2022/3/2,0:00,2805
2022/3/2,1:00,2713
2022/3/2,2:00,2702
2022/3/2,3:00,2725
2022/3/2,4:00,2786
2022/3/2,5:00,2961
2022/3/2,6:00,3249
2022/3/2,7:00,3411
2022/3/2,8:00,3605
2022/3/2,9:00,3721
2022/3/2,10:00,3712
2022/3/2,11:00,3674
2022/3/2,12:00,3453
2022/3/2,13:00,3463
2022/3/2,14:00,3518
2022/3/2,15:00,3461
2022/3/2,16:00,3599
2022/3/2,17:00,3756
2022/3/2,18:00,3820
2022/3/2,19:00,3723
2022/3/2,20:00,3596
2022/3/2,21:00,3404
2022/3/2,22:00,3220
2022/3/2,23:00,3016
2022/3/3,0:00,2776
2022/3/3,1:00,2682
2022/3/3,2:00,2681
2022/3/3,3:00,2706
2022/3/3,4:00,2771
2022/3/3,5:00,2956
2022/3/3,6:00,3275
2022/3/3,7:00,3453
2022/3/3,8:00,3664
2022/3/3,9:00,3827
2022/3/3,10:00,3741
2022/3/3,11:00,3677
2022/3/3,12:00,3507
2022/3/3,13:00,3549
2022/3/3,14:00,3481
2022/3/3,15:00,3447
2022/3/3,16:00,3563
2022/3/3,17:00,3729
2022/3/3,18:00,3838
2022/3/3,19:00,3767
2022/3/3,20:00,3673
2022/3/3,21:00,3499
2022/3/3,22:00,3303
2022/3/3,23:00,3102
2022/3/4,0:00,2884
2022/3/4,1:00,2792
2022/3/4,2:00,2777
2022/3/4,3:00,2786
2022/3/4,4:00,2838
2022/3/4,5:00,3020
2022/3/4,6:00,3369
2022/3/4,7:00,3633
2022/3/4,8:00,3902
2022/3/4,9:00,4016
2022/3/4,10:00,3986
2022/3/4,11:00,3881
2022/3/4,12:00,3662
2022/3/4,13:00,3735
2022/3/4,14:00,3697
2022/3/4,15:00,3664
2022/3/4,16:00,3757
2022/3/4,17:00,3903
2022/3/4,18:00,3974
2022/3/4,19:00,3874
2022/3/4,20:00,3732
2022/3/4,21:00,3517
2022/3/4,22:00,3315
2022/3/4,23:00,3101
2022/3/5,0:00,2857
2022/3/5,1:00,2745
2022/3/5,2:00,2712
2022/3/5,3:00,2719
2022/3/5,4:00,2740
2022/3/5,5:00,2824
2022/3/5,6:00,2963
2022/3/5,7:00,3041
2022/3/5,8:00,3139
2022/3/5,9:00,3208
2022/3/5,10:00,3159
2022/3/5,11:00,3134
2022/3/5,12:00,3036
2022/3/5,13:00,2992
2022/3/5,14:00,2925
2022/3/5,15:00,2896
2022/3/5,16:00,2935
2022/3/5,17:00,3111
2022/3/5,18:00,3285
2022/3/5,19:00,3259
2022/3/5,20:00,3180
2022/3/5,21:00,3033
2022/3/5,22:00,2898
2022/3/5,23:00,2768
2022/3/6,0:00,2592
2022/3/6,1:00,2521
2022/3/6,2:00,2520
2022/3/6,3:00,2536
2022/3/6,4:00,2566
2022/3/6,5:00,2629
2022/3/6,6:00,2712
2022/3/6,7:00,2734
2022/3/6,8:00,2822
2022/3/6,9:00,2933
2022/3/6,10:00,2996
2022/3/6,11:00,2975
2022/3/6,12:00,2917
2022/3/6,13:00,2912
2022/3/6,14:00,2840
2022/3/6,15:00,2877
2022/3/6,16:00,3052
2022/3/6,17:00,3393
2022/3/6,18:00,3665
2022/3/6,19:00,3691
2022/3/6,20:00,3619
2022/3/6,21:00,3455
2022/3/6,22:00,3229
2022/3/6,23:00,3048
2022/3/7,0:00,2842
2022/3/7,1:00,2753
2022/3/7,2:00,2731
2022/3/7,3:00,2734
2022/3/7,4:00,2790
2022/3/7,5:00,3016
2022/3/7,6:00,3401
2022/3/7,7:00,3619
2022/3/7,8:00,3859
2022/3/7,9:00,4033
2022/3/7,10:00,4002
2022/3/7,11:00,3964
2022/3/7,12:00,3748
2022/3/7,13:00,3819
2022/3/7,14:00,3771
2022/3/7,15:00,3714
2022/3/7,16:00,3749
2022/3/7,17:00,3903
2022/3/7,18:00,4045
2022/3/7,19:00,3962
2022/3/7,20:00,3840
2022/3/7,21:00,3640
2022/3/7,22:00,3430
2022/3/7,23:00,3206
2022/3/8,0:00,2960
2022/3/8,1:00,2836
2022/3/8,2:00,2812
2022/3/8,3:00,2809
2022/3/8,4:00,2853
2022/3/8,5:00,3037
2022/3/8,6:00,3423
2022/3/8,7:00,3818
2022/3/8,8:00,4236
2022/3/8,9:00,4405
2022/3/8,10:00,4374
2022/3/8,11:00,4273
2022/3/8,12:00,4085
2022/3/8,13:00,4210
2022/3/8,14:00,4166
2022/3/8,15:00,4141
2022/3/8,16:00,4185
2022/3/8,17:00,4252
2022/3/8,18:00,4296
2022/3/8,19:00,4154
2022/3/8,20:00,3988
2022/3/8,21:00,3745
2022/3/8,22:00,3504
2022/3/8,23:00,3247
2022/3/9,0:00,2973
2022/3/9,1:00,2853
2022/3/9,2:00,2827
2022/3/9,3:00,2834
2022/3/9,4:00,2887
2022/3/9,5:00,3090
2022/3/9,6:00,3420
2022/3/9,7:00,3654
2022/3/9,8:00,3887
2022/3/9,9:00,3980
2022/3/9,10:00,3927
2022/3/9,11:00,3880
2022/3/9,12:00,3700
2022/3/9,13:00,3736
2022/3/9,14:00,3681
2022/3/9,15:00,3634
2022/3/9,16:00,3700
2022/3/9,17:00,3832
2022/3/9,18:00,3955
2022/3/9,19:00,3891
2022/3/9,20:00,3783
2022/3/9,21:00,3596
2022/3/9,22:00,3402
2022/3/9,23:00,3184
2022/3/10,0:00,2947
2022/3/10,1:00,2842
2022/3/10,2:00,2826
2022/3/10,3:00,2835
2022/3/10,4:00,2897
2022/3/10,5:00,3104
2022/3/10,6:00,3425
2022/3/10,7:00,3632
2022/3/10,8:00,3825
2022/3/10,9:00,3967
2022/3/10,10:00,3926
2022/3/10,11:00,3895
2022/3/10,12:00,3740
2022/3/10,13:00,3735
2022/3/10,14:00,3646
2022/3/10,15:00,3575
2022/3/10,16:00,3626
2022/3/10,17:00,3747
2022/3/10,18:00,3900
2022/3/10,19:00,3824
2022/3/10,20:00,3694
2022/3/10,21:00,3500
2022/3/10,22:00,3300
2022/3/10,23:00,3089
2022/3/11,0:00,2855
2022/3/11,1:00,2747
2022/3/11,2:00,2729
2022/3/11,3:00,2729
2022/3/11,4:00,2793
2022/3/11,5:00,2973
2022/3/11,6:00,3269
2022/3/11,7:00,3464
2022/3/11,8:00,3671
2022/3/11,9:00,3781
2022/3/11,10:00,3725
2022/3/11,11:00,3664
2022/3/11,12:00,3490
2022/3/11,13:00,3513
2022/3/11,14:00,3442
2022/3/11,15:00,3394
2022/3/11,16:00,3413
2022/3/11,17:00,3459
2022/3/11,18:00,3575
2022/3/11,19:00,3489
2022/3/11,20:00,3368
2022/3/11,21:00,3191
2022/3/11,22:00,3033
2022/3/11,23:00,2852
2022/3/12,0:00,2652
2022/3/12,1:00,2568
2022/3/12,2:00,2559
2022/3/12,3:00,2570
2022/3/12,4:00,2590
2022/3/12,5:00,2647
2022/3/12,6:00,2694
2022/3/12,7:00,2737
2022/3/12,8:00,2836
2022/3/12,9:00,2905
2022/3/12,10:00,2917
2022/3/12,11:00,2906
2022/3/12,12:00,2846
2022/3/12,13:00,2803
2022/3/12,14:00,2755
2022/3/12,15:00,2695
2022/3/12,16:00,2737
2022/3/12,17:00,2853
2022/3/12,18:00,3015
2022/3/12,19:00,2990
2022/3/12,20:00,2921
2022/3/12,21:00,2790
2022/3/12,22:00,2678
2022/3/12,23:00,2561
2022/3/13,0:00,2408
2022/3/13,1:00,2339
2022/3/13,2:00,2337
2022/3/13,3:00,2348
2022/3/13,4:00,2354
2022/3/13,5:00,2381
2022/3/13,6:00,2401
2022/3/13,7:00,2486
2022/3/13,8:00,2655
2022/3/13,9:00,2743
2022/3/13,10:00,2838
2022/3/13,11:00,2790
2022/3/13,12:00,2767
2022/3/13,13:00,2742
2022/3/13,14:00,2661
2022/3/13,15:00,2655
2022/3/13,16:00,2650
2022/3/13,17:00,2868
2022/3/13,18:00,3018
2022/3/13,19:00,2985
2022/3/13,20:00,2892
2022/3/13,21:00,2748
2022/3/13,22:00,2589
2022/3/13,23:00,2456
2022/3/14,0:00,2307
2022/3/14,1:00,2248
2022/3/14,2:00,2269
2022/3/14,3:00,2294
2022/3/14,4:00,2333
2022/3/14,5:00,2421
2022/3/14,6:00,2625
2022/3/14,7:00,2797
2022/3/14,8:00,3019
2022/3/14,9:00,3192
2022/3/14,10:00,3255
2022/3/14,11:00,3295
2022/3/14,12:00,3187
2022/3/14,13:00,3271
2022/3/14,14:00,3266
2022/3/14,15:00,3193
2022/3/14,16:00,3221
2022/3/14,17:00,3236
2022/3/14,18:00,3295
2022/3/14,19:00,3200
2022/3/14,20:00,3090
2022/3/14,21:00,2938
2022/3/14,22:00,2811
2022/3/14,23:00,2678
2022/3/15,0:00,2495
2022/3/15,1:00,2421
2022/3/15,2:00,2429
2022/3/15,3:00,2458
2022/3/15,4:00,2499
2022/3/15,5:00,2606
2022/3/15,6:00,2837
2022/3/15,7:00,3068
2022/3/15,8:00,3370
2022/3/15,9:00,3513
2022/3/15,10:00,3447
2022/3/15,11:00,3352
2022/3/15,12:00,3239
2022/3/15,13:00,3318
2022/3/15,14:00,3267
2022/3/15,15:00,3199
2022/3/15,16:00,3223
2022/3/15,17:00,3281
2022/3/15,18:00,3367
2022/3/15,19:00,3272
2022/3/15,20:00,3150
2022/3/15,21:00,2992
2022/3/15,22:00,2840
2022/3/15,23:00,2700
2022/3/16,0:00,2524
2022/3/16,1:00,2448
2022/3/16,2:00,2459
2022/3/16,3:00,2479
2022/3/16,4:00,2519
2022/3/16,5:00,2629
2022/3/16,6:00,2796
2022/3/16,7:00,3023
2022/3/16,8:00,3332
2022/3/16,9:00,3469
2022/3/16,10:00,3480
2022/3/16,11:00,3467
2022/3/16,12:00,3323
2022/3/16,13:00,3381
2022/3/16,14:00,3353
2022/3/16,15:00,3301
2022/3/16,16:00,3262
2022/3/16,17:00,3282
2022/3/16,18:00,3362
2022/3/16,19:00,3274
2022/3/16,20:00,3156
2022/3/16,21:00,2988
2022/3/16,22:00,2846
2022/3/16,23:00,2609
2022/3/17,0:00,2302
2022/3/17,1:00,2352
2022/3/17,2:00,2396
2022/3/17,3:00,2417
2022/3/17,4:00,2462
2022/3/17,5:00,2577
2022/3/17,6:00,2748
2022/3/17,7:00,2937
2022/3/17,8:00,3248
2022/3/17,9:00,3450
2022/3/17,10:00,3539
2022/3/17,11:00,3524
2022/3/17,12:00,3332
2022/3/17,13:00,3385
2022/3/17,14:00,3314
2022/3/17,15:00,3240
2022/3/17,16:00,3279
2022/3/17,17:00,3313
2022/3/17,18:00,3370
2022/3/17,19:00,3269
2022/3/17,20:00,3138
2022/3/17,21:00,2982
2022/3/17,22:00,2821
2022/3/17,23:00,2675
2022/3/18,0:00,2507
2022/3/18,1:00,2446
2022/3/18,2:00,2461
2022/3/18,3:00,2498
2022/3/18,4:00,2559
2022/3/18,5:00,2692
2022/3/18,6:00,2982
2022/3/18,7:00,3347
2022/3/18,8:00,3812
2022/3/18,9:00,4156
2022/3/18,10:00,4251
2022/3/18,11:00,4297
2022/3/18,12:00,4204
2022/3/18,13:00,4273
2022/3/18,14:00,4278
2022/3/18,15:00,4264
2022/3/18,16:00,4307
2022/3/18,17:00,4317
2022/3/18,18:00,4279
2022/3/18,19:00,4145
2022/3/18,20:00,3990
2022/3/18,21:00,3744
2022/3/18,22:00,3481
2022/3/18,23:00,3232
2022/3/19,0:00,2969
2022/3/19,1:00,2804
2022/3/19,2:00,2738
2022/3/19,3:00,2698
2022/3/19,4:00,2682
2022/3/19,5:00,2715
2022/3/19,6:00,2783
2022/3/19,7:00,2868
2022/3/19,8:00,2983
2022/3/19,9:00,3079
2022/3/19,10:00,3102
2022/3/19,11:00,3138
2022/3/19,12:00,3068
2022/3/19,13:00,2904
2022/3/19,14:00,2985
2022/3/19,15:00,2897
2022/3/19,16:00,2997
2022/3/19,17:00,3198
2022/3/19,18:00,3314
2022/3/19,19:00,3309
2022/3/19,20:00,3237
2022/3/19,21:00,3089
2022/3/19,22:00,2929
2022/3/19,23:00,2769
2022/3/20,0:00,2572
2022/3/20,1:00,2480
2022/3/20,2:00,2472
2022/3/20,3:00,2477
2022/3/20,4:00,2494
2022/3/20,5:00,2535
2022/3/20,6:00,2566
2022/3/20,7:00,2606
2022/3/20,8:00,2727
2022/3/20,9:00,2846
2022/3/20,10:00,2905
2022/3/20,11:00,2905
2022/3/20,12:00,2878
2022/3/20,13:00,2780
2022/3/20,14:00,2732
2022/3/20,15:00,2765
2022/3/20,16:00,2895
2022/3/20,17:00,3099
2022/3/20,18:00,3239
2022/3/20,19:00,3234
2022/3/20,20:00,3160
2022/3/20,21:00,3020
2022/3/20,22:00,2842
2022/3/20,23:00,2689
2022/3/21,0:00,2498
2022/3/21,1:00,2414
2022/3/21,2:00,2407
2022/3/21,3:00,2422
2022/3/21,4:00,2463
2022/3/21,5:00,2540
2022/3/21,6:00,2638
2022/3/21,7:00,2782
2022/3/21,8:00,3028
2022/3/21,9:00,3220
2022/3/21,10:00,3230
2022/3/21,11:00,3224
2022/3/21,12:00,3139
2022/3/21,13:00,3085
2022/3/21,14:00,2997
2022/3/21,15:00,2979
2022/3/21,16:00,3047
2022/3/21,17:00,3212
2022/3/21,18:00,3429
2022/3/21,19:00,3424
2022/3/21,20:00,3340
2022/3/21,21:00,3173
2022/3/21,22:00,2973
2022/3/21,23:00,2792
2022/3/22,0:00,2587
2022/3/22,1:00,2505
2022/3/22,2:00,2511
2022/3/22,3:00,2539
2022/3/22,4:00,2608
2022/3/22,5:00,2781
2022/3/22,6:00,3115
2022/3/22,7:00,3516
2022/3/22,8:00,4005
2022/3/22,9:00,4358
2022/3/22,10:00,4461
2022/3/22,11:00,4518
2022/3/22,12:00,4436
2022/3/22,13:00,4534
2022/3/22,14:00,4514
2022/3/22,15:00,4439
2022/3/22,16:00,4377
2022/3/22,17:00,4319
2022/3/22,18:00,4308
2022/3/22,19:00,4154
2022/3/22,20:00,3962
2022/3/22,21:00,3749
2022/3/22,22:00,3538
2022/3/22,23:00,3311
2022/3/23,0:00,3074
2022/3/23,1:00,2964
2022/3/23,2:00,2939
2022/3/23,3:00,2932
2022/3/23,4:00,2974
2022/3/23,5:00,3163
2022/3/23,6:00,3491
2022/3/23,7:00,3767
2022/3/23,8:00,4136
2022/3/23,9:00,4352
2022/3/23,10:00,4324
2022/3/23,11:00,4212
2022/3/23,12:00,3957
2022/3/23,13:00,3921
2022/3/23,14:00,3874
2022/3/23,15:00,3831
2022/3/23,16:00,3884
2022/3/23,17:00,4023
2022/3/23,18:00,4091
2022/3/23,19:00,3999
2022/3/23,20:00,3882
2022/3/23,21:00,3709
2022/3/23,22:00,3505
2022/3/23,23:00,3269
2022/3/24,0:00,3007
2022/3/24,1:00,2882
2022/3/24,2:00,2841
2022/3/24,3:00,2828
2022/3/24,4:00,2872
2022/3/24,5:00,3045
2022/3/24,6:00,3325
2022/3/24,7:00,3530
2022/3/24,8:00,3787
2022/3/24,9:00,3923
2022/3/24,10:00,3873
2022/3/24,11:00,3859
2022/3/24,12:00,3672
2022/3/24,13:00,3677
2022/3/24,14:00,3595
2022/3/24,15:00,3525
2022/3/24,16:00,3551
2022/3/24,17:00,3614
2022/3/24,18:00,3768
2022/3/24,19:00,3713
2022/3/24,20:00,3611
2022/3/24,21:00,3450
2022/3/24,22:00,3256
2022/3/24,23:00,3049
2022/3/25,0:00,2816
2022/3/25,1:00,2710
2022/3/25,2:00,2691
2022/3/25,3:00,2701
2022/3/25,4:00,2747
2022/3/25,5:00,2908
2022/3/25,6:00,3119
2022/3/25,7:00,3270
2022/3/25,8:00,3524
2022/3/25,9:00,3688
2022/3/25,10:00,3666
2022/3/25,11:00,3631
2022/3/25,12:00,3476
2022/3/25,13:00,3478
2022/3/25,14:00,3396
2022/3/25,15:00,3336
2022/3/25,16:00,3330
2022/3/25,17:00,3358
2022/3/25,18:00,3487
2022/3/25,19:00,3421
2022/3/25,20:00,3316
2022/3/25,21:00,3164
2022/3/25,22:00,3011
2022/3/25,23:00,2840
2022/3/26,0:00,2631
2022/3/26,1:00,2523
2022/3/26,2:00,2494
2022/3/26,3:00,2484
2022/3/26,4:00,2470
2022/3/26,5:00,2487
2022/3/26,6:00,2530
2022/3/26,7:00,2651
2022/3/26,8:00,2900
2022/3/26,9:00,3062
2022/3/26,10:00,3050
2022/3/26,11:00,3056
2022/3/26,12:00,3003
2022/3/26,13:00,3025
2022/3/26,14:00,2985
2022/3/26,15:00,2935
2022/3/26,16:00,2987
2022/3/26,17:00,3091
2022/3/26,18:00,3159
2022/3/26,19:00,3095
2022/3/26,20:00,2990
2022/3/26,21:00,2856
2022/3/26,22:00,2707
2022/3/26,23:00,2562
2022/3/27,0:00,2387
2022/3/27,1:00,2301
2022/3/27,2:00,2287
2022/3/27,3:00,2290
2022/3/27,4:00,2278
2022/3/27,5:00,2255
2022/3/27,6:00,2242
2022/3/27,7:00,2328
2022/3/27,8:00,2466
2022/3/27,9:00,2582
2022/3/27,10:00,2657
2022/3/27,11:00,2606
2022/3/27,12:00,2608
2022/3/27,13:00,2536
2022/3/27,14:00,2473
2022/3/27,15:00,2526
2022/3/27,16:00,2615
2022/3/27,17:00,2799
2022/3/27,18:00,2943
2022/3/27,19:00,2910
2022/3/27,20:00,2842
2022/3/27,21:00,2723
2022/3/27,22:00,2567
2022/3/27,23:00,2454
2022/3/28,0:00,2298
2022/3/28,1:00,2236
2022/3/28,2:00,2235
2022/3/28,3:00,2268
2022/3/28,4:00,2311
2022/3/28,5:00,2395
2022/3/28,6:00,2502
2022/3/28,7:00,2686
2022/3/28,8:00,3014
2022/3/28,9:00,3276
2022/3/28,10:00,3336
2022/3/28,11:00,3385
2022/3/28,12:00,3304
2022/3/28,13:00,3334
2022/3/28,14:00,3271
2022/3/28,15:00,3213
2022/3/28,16:00,3262
2022/3/28,17:00,3346
2022/3/28,18:00,3427
2022/3/28,19:00,3350
2022/3/28,20:00,3234
2022/3/28,21:00,3087
2022/3/28,22:00,2934
2022/3/28,23:00,2760
2022/3/29,0:00,2554
2022/3/29,1:00,2457
2022/3/29,2:00,2455
2022/3/29,3:00,2482
2022/3/29,4:00,2523
2022/3/29,5:00,2625
2022/3/29,6:00,2841
2022/3/29,7:00,3114
2022/3/29,8:00,3488
2022/3/29,9:00,3729
2022/3/29,10:00,3750
2022/3/29,11:00,3763
2022/3/29,12:00,3637
2022/3/29,13:00,3705
2022/3/29,14:00,3674
2022/3/29,15:00,3696
2022/3/29,16:00,3754
2022/3/29,17:00,3785
2022/3/29,18:00,3785
2022/3/29,19:00,3665
2022/3/29,20:00,3511
2022/3/29,21:00,3315
2022/3/29,22:00,3119
2022/3/29,23:00,2901
2022/3/30,0:00,2663
2022/3/30,1:00,2541
2022/3/30,2:00,2520
2022/3/30,3:00,2530
2022/3/30,4:00,2560
2022/3/30,5:00,2655
2022/3/30,6:00,2806
2022/3/30,7:00,3004
2022/3/30,8:00,3256
2022/3/30,9:00,3355
2022/3/30,10:00,3418
2022/3/30,11:00,3366
2022/3/30,12:00,3178
2022/3/30,13:00,3263
2022/3/30,14:00,3214
2022/3/30,15:00,3186
2022/3/30,16:00,3196
2022/3/30,17:00,3221
2022/3/30,18:00,3295
2022/3/30,19:00,3208
2022/3/30,20:00,3098
2022/3/30,21:00,2944
2022/3/30,22:00,2796
2022/3/30,23:00,2631
2022/3/31,0:00,2437
2022/3/31,1:00,2344
2022/3/31,2:00,2339
2022/3/31,3:00,2368
2022/3/31,4:00,2391
2022/3/31,5:00,2439
2022/3/31,6:00,2511
2022/3/31,7:00,2674
2022/3/31,8:00,2984
2022/3/31,9:00,3175
2022/3/31,10:00,3246
2022/3/31,11:00,3321
2022/3/31,12:00,3146
2022/3/31,13:00,3209
2022/3/31,14:00,3098
2022/3/31,15:00,3054
2022/3/31,16:00,3152
2022/3/31,17:00,3215
2022/3/31,18:00,3275
2022/3/31,19:00,3206
2022/3/31,20:00,3112
2022/3/31,21:00,2980
2022/3/31,22:00,2857
2022/3/31,23:00,2714
