timestamp,RESULT,TEMP,RAIN,WEATHER
2022/1/1 0:00,3266,0.1,0.0,0.0
2022/1/1 1:00,3062,0.7,0.0,0.0
2022/1/1 2:00,2929,0.5,0.0,0.0
2022/1/1 3:00,2828,0.5,0.0,0.0
2022/1/1 4:00,2786,0.3,0.0,0.0
2022/1/1 5:00,2828,-0.2,0.0,0.0
2022/1/1 6:00,2985,-0.2,0.0,0.0
2022/1/1 7:00,3214,-0.5,0.0,0.0
2022/1/1 8:00,3293,1.5,0.0,0.0
2022/1/1 9:00,3176,3.8,0.0,0.0
2022/1/1 10:00,3032,5.0,0.0,0.0
2022/1/1 11:00,2906,6.1,0.0,0.0
2022/1/1 12:00,2810,6.8,0.0,0.0
2022/1/1 13:00,2739,7.3,0.0,0.0
2022/1/1 14:00,2743,7.1,0.0,0.0
2022/1/1 15:00,2873,6.3,0.0,0.0
2022/1/1 16:00,3140,5.6,0.0,0.0
2022/1/1 17:00,3472,4.9,0.0,0.0
2022/1/1 18:00,3561,4.4,0.0,0.0
2022/1/1 19:00,3584,3.6,0.0,0.0
2022/1/1 20:00,3589,3.0,0.0,0.0
2022/1/1 21:00,3538,3.5,0.0,0.0
2022/1/1 22:00,3372,3.8,0.0,0.0
2022/1/1 23:00,3226,3.9,0.0,0.0
2022/1/2 0:00,2974,3.0,0.0,0.0
2022/1/2 1:00,2833,2.6,0.0,0.0
2022/1/2 2:00,2765,1.8,0.0,0.0
2022/1/2 3:00,2717,2.2,0.0,0.0
2022/1/2 4:00,2695,1.3,0.0,0.0
2022/1/2 5:00,2751,0.9,0.0,0.0
2022/1/2 6:00,2937,0.9,0.0,0.0
2022/1/2 7:00,3218,0.9,0.0,0.0
2022/1/2 8:00,3459,1.4,0.0,0.0
2022/1/2 9:00,3460,2.2,0.0,0.0
2022/1/2 10:00,3263,3.2,0.0,0.0
2022/1/2 11:00,3070,4.9,0.0,0.0
2022/1/2 12:00,2952,6.8,0.0,0.0
2022/1/2 13:00,2853,7.3,0.0,0.0
2022/1/2 14:00,2819,6.8,0.0,0.0
2022/1/2 15:00,2916,6.7,0.0,0.0
2022/1/2 16:00,3136,6.8,0.0,0.0
2022/1/2 17:00,3454,5.7,0.0,0.0
2022/1/2 18:00,3563,4.9,0.0,0.0
2022/1/2 19:00,3590,3.7,0.0,0.0
2022/1/2 20:00,3594,4.6,0.0,0.0
2022/1/2 21:00,3528,4.4,0.0,0.0
2022/1/2 22:00,3374,2.0,0.0,0.0
2022/1/2 23:00,3226,1.6,0.0,0.0
2022/1/3 0:00,2968,1.4,0.0,0.0
2022/1/3 1:00,2799,2.6,0.0,0.0
2022/1/3 2:00,2714,2.6,0.0,0.0
2022/1/3 3:00,2659,2.1,0.0,0.0
2022/1/3 4:00,2638,3.4,0.0,0.0
2022/1/3 5:00,2702,3.9,0.0,0.0
2022/1/3 6:00,2907,2.9,0.0,0.0
2022/1/3 7:00,3177,3.2,0.0,0.0
2022/1/3 8:00,3307,4.2,0.0,0.0
2022/1/3 9:00,3257,5.7,0.0,0.0
2022/1/3 10:00,3132,6.5,0.0,0.0
2022/1/3 11:00,3007,9.0,0.0,0.0
2022/1/3 12:00,2923,9.7,0.0,0.0
2022/1/3 13:00,2842,10.1,0.0,0.0
2022/1/3 14:00,2834,9.6,0.0,0.0
2022/1/3 15:00,2926,8.8,0.0,0.0
2022/1/3 16:00,3169,8.2,0.0,0.0
2022/1/3 17:00,3499,6.3,0.0,0.0
2022/1/3 18:00,3601,5.5,0.0,0.0
2022/1/3 19:00,3609,5.9,0.0,0.0
2022/1/3 20:00,3586,5.2,0.0,0.0
2022/1/3 21:00,3480,5.1,0.0,0.0
2022/1/3 22:00,3276,4.5,0.0,0.0
2022/1/3 23:00,3102,4.5,0.0,0.0
2022/1/4 0:00,2872,3.6,0.0,0.0
2022/1/4 1:00,2739,2.8,0.0,0.0
2022/1/4 2:00,2695,2.5,0.0,0.0
2022/1/4 3:00,2670,2.2,0.0,0.0
2022/1/4 4:00,2697,1.4,0.0,0.0
2022/1/4 5:00,2863,1.0,0.0,0.0
2022/1/4 6:00,3227,0.8,0.0,0.0
2022/1/4 7:00,3567,1.0,0.0,0.0
2022/1/4 8:00,3744,3.1,0.0,0.0
2022/1/4 9:00,3693,7.1,0.0,0.0
2022/1/4 10:00,3518,8.6,0.0,0.0
2022/1/4 11:00,3423,10.2,0.0,0.0
2022/1/4 12:00,3315,11.2,0.0,0.0
2022/1/4 13:00,3308,12.1,0.0,0.0
2022/1/4 14:00,3335,10.1,0.0,0.0
2022/1/4 15:00,3464,8.6,0.0,0.0
2022/1/4 16:00,3724,7.4,0.0,0.0
2022/1/4 17:00,4020,6.5,0.0,0.0
2022/1/4 18:00,4086,5.6,0.0,0.0
2022/1/4 19:00,4071,4.8,0.0,0.0
2022/1/4 20:00,4004,4.3,0.0,0.0
2022/1/4 21:00,3849,3.3,0.0,0.0
2022/1/4 22:00,3589,3.3,0.0,0.0
2022/1/4 23:00,3353,3.2,0.0,0.0
2022/1/5 0:00,3073,2.9,0.0,0.0
2022/1/5 1:00,2926,3.1,0.0,0.0
2022/1/5 2:00,2869,3.1,0.0,0.0
2022/1/5 3:00,2835,2.9,0.0,0.0
2022/1/5 4:00,2866,3.5,0.0,0.0
2022/1/5 5:00,3074,2.3,0.0,0.0
2022/1/5 6:00,3542,1.6,0.0,0.0
2022/1/5 7:00,4013,1.2,0.0,0.0
2022/1/5 8:00,4325,2.4,0.0,0.0
2022/1/5 9:00,4382,4.1,0.0,0.0
2022/1/5 10:00,4261,5.8,0.0,0.0
2022/1/5 11:00,4146,6.9,0.0,0.0
2022/1/5 12:00,3995,7.7,0.0,0.0
2022/1/5 13:00,3984,8.0,0.0,0.0
2022/1/5 14:00,3993,7.9,0.0,0.0
2022/1/5 15:00,4102,6.7,0.0,0.0
2022/1/5 16:00,4360,5.8,0.0,0.0
2022/1/5 17:00,4588,5.3,0.0,0.0
2022/1/5 18:00,4598,4.4,0.0,0.0
2022/1/5 19:00,4539,4.2,0.0,0.0
2022/1/5 20:00,4435,3.2,0.0,0.0
2022/1/5 21:00,4231,3.0,0.0,0.0
2022/1/5 22:00,3949,2.3,0.0,0.0
2022/1/5 23:00,3677,1.2,0.0,0.0
2022/1/6 0:00,3369,1.1,0.0,0.5
2022/1/6 1:00,3194,1.7,0.0,0.5
2022/1/6 2:00,3107,1.5,0.0,0.5
2022/1/6 3:00,3056,1.4,0.0,0.5
2022/1/6 4:00,3094,1.5,0.0,0.5
2022/1/6 5:00,3324,1.5,0.0,0.5
2022/1/6 6:00,3828,1.2,0.0,0.5
2022/1/6 7:00,4342,1.6,0.0,0.5
2022/1/6 8:00,4892,1.9,0.0,0.5
2022/1/6 9:00,5162,2.1,0.0,0.5
2022/1/6 10:00,5164,2.3,0.0,0.5
2022/1/6 11:00,5179,2.4,0.0,0.5
2022/1/6 12:00,5107,1.5,0.0,0.5
2022/1/6 13:00,5263,0.0,0.0,0.5
2022/1/6 14:00,5302,-0.3,1.0,0.5
2022/1/6 15:00,5273,-0.3,1.5,0.5
2022/1/6 16:00,5374,-0.2,1.5,0.5
2022/1/6 17:00,5360,-0.2,1.5,0.5
2022/1/6 18:00,5265,0.2,1.0,0.5
2022/1/6 19:00,5110,0.2,0.0,0.5
2022/1/6 20:00,4934,0.2,0.0,0.5
2022/1/6 21:00,4690,-0.7,0.0,0.5
2022/1/6 22:00,4356,-0.4,0.0,0.5
2022/1/6 23:00,4045,-1.3,0.0,0.5
2022/1/7 0:00,3689,-0.8,0.0,0.0
2022/1/7 1:00,3495,-1.9,0.0,0.0
2022/1/7 2:00,3415,-2.2,0.0,0.0
2022/1/7 3:00,3385,-1.8,0.0,0.0
2022/1/7 4:00,3445,-2.9,0.0,0.0
2022/1/7 5:00,3711,-3.1,0.0,0.0
2022/1/7 6:00,4215,-3.1,0.0,0.0
2022/1/7 7:00,4645,-1.6,0.0,0.0
2022/1/7 8:00,5059,0.3,0.0,0.0
2022/1/7 9:00,5173,2.1,0.0,0.0
2022/1/7 10:00,5018,3.6,0.0,0.0
2022/1/7 11:00,4835,5.1,0.0,0.0
2022/1/7 12:00,4526,6.8,0.0,0.0
2022/1/7 13:00,4459,7.8,0.0,0.0
2022/1/7 14:00,4393,7.9,0.0,0.0
2022/1/7 15:00,4440,7.0,0.0,0.0
2022/1/7 16:00,4662,6.3,0.0,0.0
2022/1/7 17:00,4846,5.5,0.0,0.0
2022/1/7 18:00,4822,4.3,0.0,0.0
2022/1/7 19:00,4718,4.4,0.0,0.0
2022/1/7 20:00,4615,4.3,0.0,0.0
2022/1/7 21:00,4398,3.3,0.0,0.0
2022/1/7 22:00,4155,3.9,0.0,0.0
2022/1/7 23:00,3910,3.3,0.0,0.0
2022/1/8 0:00,3593,3.0,0.0,0.0
2022/1/8 1:00,3396,2.7,0.0,0.0
2022/1/8 2:00,3279,2.7,0.0,0.0
2022/1/8 3:00,3207,2.7,0.0,0.0
2022/1/8 4:00,3196,2.2,0.0,0.0
2022/1/8 5:00,3308,1.5,0.0,0.0
2022/1/8 6:00,3603,1.0,0.0,0.0
2022/1/8 7:00,3956,1.1,0.0,0.0
2022/1/8 8:00,4190,2.0,0.0,0.0
2022/1/8 9:00,4177,4.1,0.0,0.0
2022/1/8 10:00,4001,5.6,0.0,0.0
2022/1/8 11:00,3833,7.5,0.0,0.0
2022/1/8 12:00,3685,7.8,0.0,0.0
2022/1/8 13:00,3643,8.7,0.0,0.0
2022/1/8 14:00,3594,8.7,0.0,0.0
2022/1/8 15:00,3647,8.6,0.0,0.0
2022/1/8 16:00,3856,7.7,0.0,0.0
2022/1/8 17:00,4143,5.1,0.0,0.0
2022/1/8 18:00,4209,4.1,0.0,0.0
2022/1/8 19:00,4189,4.1,0.0,0.0
2022/1/8 20:00,4116,3.9,0.0,0.0
2022/1/8 21:00,3964,3.7,0.0,0.0
2022/1/8 22:00,3746,3.8,0.0,0.0
2022/1/8 23:00,3552,4.7,0.0,0.0
2022/1/9 0:00,3305,3.2,0.0,0.0
2022/1/9 1:00,3148,2.0,0.0,0.0
2022/1/9 2:00,3065,1.1,0.0,0.0
2022/1/9 3:00,3017,0.4,0.0,0.0
2022/1/9 4:00,3016,0.0,0.0,0.0
2022/1/9 5:00,3102,0.5,0.0,0.0
2022/1/9 6:00,3325,-0.2,0.0,0.0
2022/1/9 7:00,3593,0.3,0.0,0.0
2022/1/9 8:00,3741,2.7,0.0,0.0
2022/1/9 9:00,3687,5.8,0.0,0.0
2022/1/9 10:00,3530,7.4,0.0,0.0
2022/1/9 11:00,3376,9.9,0.0,0.0
2022/1/9 12:00,3262,11.5,0.0,0.0
2022/1/9 13:00,3181,12.6,0.0,0.0
2022/1/9 14:00,3195,13.1,0.0,0.0
2022/1/9 15:00,3235,12.6,0.0,0.0
2022/1/9 16:00,3438,9.9,0.0,0.0
2022/1/9 17:00,3771,8.7,0.0,0.0
2022/1/9 18:00,3863,7.3,0.0,0.0
2022/1/9 19:00,3838,7.2,0.0,0.0
2022/1/9 20:00,3738,8.4,0.0,0.0
2022/1/9 21:00,3607,8.1,0.0,0.0
2022/1/9 22:00,3377,8.0,0.0,0.0
2022/1/9 23:00,3174,6.8,0.0,0.0
2022/1/10 0:00,2929,6.9,0.0,0.5
2022/1/10 1:00,2806,7.0,0.0,0.5
2022/1/10 2:00,2758,7.5,0.0,0.5
2022/1/10 3:00,2740,7.2,0.0,0.5
2022/1/10 4:00,2758,7.2,0.0,0.5
2022/1/10 5:00,2847,6.9,0.0,0.5
2022/1/10 6:00,3080,6.6,0.0,0.5
2022/1/10 7:00,3424,7.4,0.0,0.5
2022/1/10 8:00,3799,7.4,0.0,0.5
2022/1/10 9:00,3926,7.8,0.0,0.5
2022/1/10 10:00,3883,8.0,0.0,0.5
2022/1/10 11:00,3809,8.2,0.0,0.5
2022/1/10 12:00,3721,8.4,0.0,0.5
2022/1/10 13:00,3671,8.7,0.0,0.5
2022/1/10 14:00,3629,9.3,0.0,0.5
2022/1/10 15:00,3683,9.2,0.0,0.5
2022/1/10 16:00,3868,8.9,0.0,0.5
2022/1/10 17:00,4130,7.9,0.0,0.5
2022/1/10 18:00,4163,7.4,0.0,0.5
2022/1/10 19:00,4074,7.6,0.0,0.5
2022/1/10 20:00,3965,7.8,0.0,0.5
2022/1/10 21:00,3773,7.6,0.0,0.5
2022/1/10 22:00,3502,7.1,0.0,0.5
2022/1/10 23:00,3243,6.7,0.0,0.5
2022/1/11 0:00,2977,6.9,0.0,1.0
2022/1/11 1:00,2850,7.2,0.0,1.0
2022/1/11 2:00,2813,7.1,0.0,1.0
2022/1/11 3:00,2809,6.7,0.0,1.0
2022/1/11 4:00,2868,6.8,0.0,1.0
2022/1/11 5:00,3093,6.4,0.0,1.0
2022/1/11 6:00,3555,5.1,0.0,1.0
2022/1/11 7:00,4039,4.6,1.5,1.0
2022/1/11 8:00,4541,4.3,2.0,1.0
2022/1/11 9:00,4850,4.6,1.0,1.0
2022/1/11 10:00,4780,5.1,0.5,1.0
2022/1/11 11:00,4739,5.3,0.0,1.0
2022/1/11 12:00,4635,5.6,0.0,1.0
2022/1/11 13:00,4767,5.5,1.5,1.0
2022/1/11 14:00,4716,5.6,5.0,1.0
2022/1/11 15:00,4664,5.8,2.5,1.0
2022/1/11 16:00,4764,5.2,0.0,1.0
2022/1/11 17:00,4746,5.4,0.5,1.0
2022/1/11 18:00,4641,5.4,0.5,1.0
2022/1/11 19:00,4472,5.5,0.0,1.0
2022/1/11 20:00,4298,5.7,0.0,1.0
2022/1/11 21:00,4052,6.0,0.0,1.0
2022/1/11 22:00,3781,6.4,0.5,1.0
2022/1/11 23:00,3511,5.6,0.5,1.0
2022/1/12 0:00,3212,4.8,0.0,0.0
2022/1/12 1:00,3064,5.5,0.0,0.0
2022/1/12 2:00,3018,5.0,0.0,0.0
2022/1/12 3:00,3011,5.1,0.0,0.0
2022/1/12 4:00,3076,5.0,0.0,0.0
2022/1/12 5:00,3309,3.2,0.0,0.0
2022/1/12 6:00,3803,3.4,0.0,0.0
2022/1/12 7:00,4214,2.9,0.0,0.0
2022/1/12 8:00,4476,3.1,0.0,0.0
2022/1/12 9:00,4540,4.9,0.0,0.0
2022/1/12 10:00,4408,6.3,0.0,0.0
2022/1/12 11:00,4323,7.4,0.0,0.0
2022/1/12 12:00,4143,7.9,0.0,0.0
2022/1/12 13:00,4192,8.0,0.0,0.0
2022/1/12 14:00,4200,7.7,0.0,0.0
2022/1/12 15:00,4293,6.8,0.0,0.0
2022/1/12 16:00,4529,6.3,0.0,0.0
2022/1/12 17:00,4746,5.4,0.0,0.0
2022/1/12 18:00,4762,4.9,0.0,0.0
2022/1/12 19:00,4665,4.0,0.0,0.0
2022/1/12 20:00,4539,4.1,0.0,0.0
2022/1/12 21:00,4317,3.4,0.0,0.0
2022/1/12 22:00,4037,4.0,0.0,0.0
2022/1/12 23:00,3762,3.3,0.0,0.0
2022/1/13 0:00,3446,3.3,0.0,0.0
2022/1/13 1:00,3281,2.9,0.0,0.0
2022/1/13 2:00,3211,3.4,0.0,0.0
2022/1/13 3:00,3165,3.2,0.0,0.0
2022/1/13 4:00,3189,3.6,0.0,0.0
2022/1/13 5:00,3410,3.6,0.0,0.0
2022/1/13 6:00,3923,3.9,0.0,0.0
2022/1/13 7:00,4404,3.7,0.0,0.0
2022/1/13 8:00,4744,3.0,0.0,0.0
2022/1/13 9:00,4713,4.3,0.0,0.0
2022/1/13 10:00,4529,7.2,0.0,0.0
2022/1/13 11:00,4395,8.1,0.0,0.0
2022/1/13 12:00,4227,8.5,0.0,0.0
2022/1/13 13:00,4261,9.9,0.0,0.0
2022/1/13 14:00,4247,10.1,0.0,0.0
2022/1/13 15:00,4304,11.0,0.0,0.0
2022/1/13 16:00,4489,9.4,0.0,0.0
2022/1/13 17:00,4679,8.2,0.0,0.0
2022/1/13 18:00,4692,7.0,0.0,0.0
2022/1/13 19:00,4607,5.5,0.0,0.0
2022/1/13 20:00,4498,4.9,0.0,0.0
2022/1/13 21:00,4287,3.6,0.0,0.0
2022/1/13 22:00,4013,4.5,0.0,0.0
2022/1/13 23:00,3728,3.8,0.0,0.0
2022/1/14 0:00,3418,3.2,0.0,0.0
2022/1/14 1:00,3266,2.8,0.0,0.0
2022/1/14 2:00,3212,1.7,0.0,0.0
2022/1/14 3:00,3180,1.3,0.0,0.0
2022/1/14 4:00,3224,2.1,0.0,0.0
2022/1/14 5:00,3469,1.5,0.0,0.0
2022/1/14 6:00,4014,2.1,0.0,0.0
2022/1/14 7:00,4452,1.5,0.0,0.0
2022/1/14 8:00,4715,1.7,0.0,0.0
2022/1/14 9:00,4736,4.4,0.0,0.0
2022/1/14 10:00,4598,5.8,0.0,0.0
2022/1/14 11:00,4481,7.2,0.0,0.0
2022/1/14 12:00,4287,7.8,0.0,0.0
2022/1/14 13:00,4327,8.5,0.0,0.0
2022/1/14 14:00,4307,7.9,0.0,0.0
2022/1/14 15:00,4376,7.6,0.0,0.0
2022/1/14 16:00,4606,6.8,0.0,0.0
2022/1/14 17:00,4812,6.1,0.0,0.0
2022/1/14 18:00,4806,4.9,0.0,0.0
2022/1/14 19:00,4697,4.2,0.0,0.0
2022/1/14 20:00,4564,4.2,0.0,0.0
2022/1/14 21:00,4343,3.8,0.0,0.0
2022/1/14 22:00,4087,3.3,0.0,0.0
2022/1/14 23:00,3822,3.8,0.0,0.0
2022/1/15 0:00,3525,3.8,0.0,0.5
2022/1/15 1:00,3332,3.0,0.0,0.5
2022/1/15 2:00,3239,2.9,0.0,0.5
2022/1/15 3:00,3177,2.2,0.0,0.5
2022/1/15 4:00,3168,1.0,0.0,0.5
2022/1/15 5:00,3284,2.4,0.0,0.5
2022/1/15 6:00,3575,1.8,0.0,0.5
2022/1/15 7:00,3883,2.2,0.0,0.5
2022/1/15 8:00,4077,3.9,0.0,0.5
2022/1/15 9:00,4121,5.6,0.0,0.5
2022/1/15 10:00,4091,7.8,0.0,0.5
2022/1/15 11:00,3977,8.7,0.0,0.5
2022/1/15 12:00,3792,9.5,0.0,0.5
2022/1/15 13:00,3708,9.8,0.0,0.5
2022/1/15 14:00,3596,9.9,0.0,0.5
2022/1/15 15:00,3611,9.4,0.0,0.5
2022/1/15 16:00,3824,8.0,0.0,0.5
2022/1/15 17:00,4121,6.8,0.0,0.5
2022/1/15 18:00,4188,6.4,0.0,0.5
2022/1/15 19:00,4152,6.8,0.0,0.5
2022/1/15 20:00,4070,6.2,0.0,0.5
2022/1/15 21:00,3897,5.2,0.0,0.5
2022/1/15 22:00,3686,4.2,0.0,0.5
2022/1/15 23:00,3495,4.9,0.0,0.5
2022/1/16 0:00,3276,4.2,0.0,0.0
2022/1/16 1:00,3151,3.5,0.0,0.0
2022/1/16 2:00,3057,3.3,0.0,0.0
2022/1/16 3:00,3009,2.2,0.0,0.0
2022/1/16 4:00,3009,1.9,0.0,0.0
2022/1/16 5:00,3087,1.4,0.0,0.0
2022/1/16 6:00,3315,1.8,0.0,0.0
2022/1/16 7:00,3595,1.2,0.0,0.0
2022/1/16 8:00,3739,1.8,0.0,0.0
2022/1/16 9:00,3733,4.2,0.0,0.0
2022/1/16 10:00,3593,5.5,0.0,0.0
2022/1/16 11:00,3454,7.9,0.0,0.0
2022/1/16 12:00,3357,9.8,0.0,0.0
2022/1/16 13:00,3263,9.7,0.0,0.0
2022/1/16 14:00,3215,10.7,0.0,0.0
2022/1/16 15:00,3268,10.2,0.0,0.0
2022/1/16 16:00,3475,9.5,0.0,0.0
2022/1/16 17:00,3857,7.3,0.0,0.0
2022/1/16 18:00,3998,7.6,0.0,0.0
2022/1/16 19:00,4010,7.4,0.0,0.0
2022/1/16 20:00,3953,5.6,0.0,0.0
2022/1/16 21:00,3806,5.4,0.0,0.0
2022/1/16 22:00,3556,4.5,0.0,0.0
2022/1/16 23:00,3361,3.9,0.0,0.0
2022/1/17 0:00,3116,2.8,0.0,0.5
2022/1/17 1:00,2995,3.3,0.0,0.5
2022/1/17 2:00,2947,2.4,0.0,0.5
2022/1/17 3:00,2936,2.7,0.0,0.5
2022/1/17 4:00,3007,2.0,0.0,0.5
2022/1/17 5:00,3274,2.3,0.0,0.5
2022/1/17 6:00,3813,2.0,0.0,0.5
2022/1/17 7:00,4280,2.7,0.0,0.5
2022/1/17 8:00,4585,4.6,0.0,0.5
2022/1/17 9:00,4693,7.1,0.0,0.5
2022/1/17 10:00,4558,8.0,0.0,0.5
2022/1/17 11:00,4421,9.8,0.0,0.5
2022/1/17 12:00,4194,9.6,0.0,0.5
2022/1/17 13:00,4249,9.9,0.0,0.5
2022/1/17 14:00,4214,10.4,0.0,0.5
2022/1/17 15:00,4232,9.8,0.0,0.5
2022/1/17 16:00,4395,9.2,0.0,0.5
2022/1/17 17:00,4575,7.4,0.0,0.5
2022/1/17 18:00,4560,7.8,0.0,0.5
2022/1/17 19:00,4448,7.4,0.0,0.5
2022/1/17 20:00,4313,7.0,0.0,0.5
2022/1/17 21:00,4102,6.6,0.0,0.5
2022/1/17 22:00,3849,5.0,0.0,0.5
2022/1/17 23:00,3593,4.3,0.0,0.5
2022/1/18 0:00,3293,3.5,0.0,0.0
2022/1/18 1:00,3148,3.5,0.0,0.0
2022/1/18 2:00,3089,2.8,0.0,0.0
2022/1/18 3:00,3068,4.3,0.0,0.0
2022/1/18 4:00,3127,4.1,0.0,0.0
2022/1/18 5:00,3376,3.5,0.0,0.0
2022/1/18 6:00,3907,2.9,0.0,0.0
2022/1/18 7:00,4317,1.7,0.0,0.0
2022/1/18 8:00,4571,3.4,0.0,0.0
2022/1/18 9:00,4632,4.6,0.0,0.0
2022/1/18 10:00,4519,5.8,0.0,0.0
2022/1/18 11:00,4422,7.3,0.0,0.0
2022/1/18 12:00,4217,8.2,0.0,0.0
2022/1/18 13:00,4264,8.5,0.0,0.0
2022/1/18 14:00,4265,8.1,0.0,0.0
2022/1/18 15:00,4356,6.1,0.0,0.0
2022/1/18 16:00,4606,5.8,0.0,0.0
2022/1/18 17:00,4849,4.9,0.0,0.0
2022/1/18 18:00,4870,4.7,0.0,0.0
2022/1/18 19:00,4766,3.9,0.0,0.0
2022/1/18 20:00,4637,3.2,0.0,0.0
2022/1/18 21:00,4407,2.5,0.0,0.0
2022/1/18 22:00,4115,2.6,0.0,0.0
2022/1/18 23:00,3831,2.3,0.0,0.0
2022/1/19 0:00,3511,1.9,0.0,0.0
2022/1/19 1:00,3346,1.2,0.0,0.0
2022/1/19 2:00,3277,0.9,0.0,0.0
2022/1/19 3:00,3248,1.4,0.0,0.0
2022/1/19 4:00,3282,1.3,0.0,0.0
2022/1/19 5:00,3526,2.1,0.0,0.0
2022/1/19 6:00,4068,1.5,0.0,0.0
2022/1/19 7:00,4501,1.3,0.0,0.0
2022/1/19 8:00,4748,2.6,0.0,0.0
2022/1/19 9:00,4787,4.2,0.0,0.0
2022/1/19 10:00,4667,5.7,0.0,0.0
2022/1/19 11:00,4582,6.5,0.0,0.0
2022/1/19 12:00,4406,6.7,0.0,0.0
2022/1/19 13:00,4467,7.9,0.0,0.0
2022/1/19 14:00,4407,7.3,0.0,0.0
2022/1/19 15:00,4442,6.6,0.0,0.0
2022/1/19 16:00,4607,6.3,0.0,0.0
2022/1/19 17:00,4794,4.3,0.0,0.0
2022/1/19 18:00,4806,3.5,0.0,0.0
2022/1/19 19:00,4710,3.2,0.0,0.0
2022/1/19 20:00,4590,3.6,0.0,0.0
2022/1/19 21:00,4381,2.8,0.0,0.0
2022/1/19 22:00,4103,2.6,0.0,0.0
2022/1/19 23:00,3821,2.9,0.0,0.0
2022/1/20 0:00,3502,1.8,0.0,0.0
2022/1/20 1:00,3345,1.9,0.0,0.0
2022/1/20 2:00,3285,1.5,0.0,0.0
2022/1/20 3:00,3260,0.8,0.0,0.0
2022/1/20 4:00,3319,0.4,0.0,0.0
2022/1/20 5:00,3584,-0.5,0.0,0.0
2022/1/20 6:00,4122,-0.1,0.0,0.0
2022/1/20 7:00,4558,-0.4,0.0,0.0
2022/1/20 8:00,4841,0.3,0.0,0.0
2022/1/20 9:00,4918,2.2,0.0,0.0
2022/1/20 10:00,4745,4.4,0.0,0.0
2022/1/20 11:00,4600,6.1,0.0,0.0
2022/1/20 12:00,4408,6.7,0.0,0.0
2022/1/20 13:00,4410,7.6,0.0,0.0
2022/1/20 14:00,4336,6.6,0.0,0.0
2022/1/20 15:00,4375,7.4,0.0,0.0
2022/1/20 16:00,4612,7.0,0.0,0.0
2022/1/20 17:00,4852,5.9,0.0,0.0
2022/1/20 18:00,4877,5.4,0.0,0.0
2022/1/20 19:00,4779,4.4,0.0,0.0
2022/1/20 20:00,4645,3.5,0.0,0.0
2022/1/20 21:00,4424,3.3,0.0,0.0
2022/1/20 22:00,4124,3.0,0.0,0.0
2022/1/20 23:00,3841,2.3,0.0,0.0
2022/1/21 0:00,3524,2.5,0.0,0.0
2022/1/21 1:00,3363,2.4,0.0,0.0
2022/1/21 2:00,3291,1.6,0.0,0.0
2022/1/21 3:00,3260,1.2,0.0,0.0
2022/1/21 4:00,3310,0.6,0.0,0.0
2022/1/21 5:00,3568,0.4,0.0,0.0
2022/1/21 6:00,4106,0.4,0.0,0.0
2022/1/21 7:00,4532,-0.4,0.0,0.0
2022/1/21 8:00,4791,2.0,0.0,0.0
2022/1/21 9:00,4840,4.1,0.0,0.0
2022/1/21 10:00,4723,5.3,0.0,0.0
2022/1/21 11:00,4608,6.0,0.0,0.0
2022/1/21 12:00,4421,6.8,0.0,0.0
2022/1/21 13:00,4450,7.0,0.0,0.0
2022/1/21 14:00,4425,7.0,0.0,0.0
2022/1/21 15:00,4495,6.5,0.0,0.0
2022/1/21 16:00,4740,5.1,0.0,0.0
2022/1/21 17:00,4974,4.4,0.0,0.0
2022/1/21 18:00,4992,3.4,0.0,0.0
2022/1/21 19:00,4889,2.7,0.0,0.0
2022/1/21 20:00,4745,2.2,0.0,0.0
2022/1/21 21:00,4503,1.4,0.0,0.0
2022/1/21 22:00,4226,0.6,0.0,0.0
2022/1/21 23:00,3967,0.7,0.0,0.0
2022/1/22 0:00,3654,1.0,0.0,0.0
2022/1/22 1:00,3455,0.4,0.0,0.0
2022/1/22 2:00,3351,1.7,0.0,0.0
2022/1/22 3:00,3290,1.3,0.0,0.0
2022/1/22 4:00,3282,1.4,0.0,0.0
2022/1/22 5:00,3394,1.1,0.0,0.0
2022/1/22 6:00,3690,1.0,0.0,0.0
2022/1/22 7:00,4011,1.4,0.0,0.0
2022/1/22 8:00,4192,2.5,0.0,0.0
2022/1/22 9:00,4183,4.6,0.0,0.0
2022/1/22 10:00,4010,5.9,0.0,0.0
2022/1/22 11:00,3862,8.2,0.0,0.0
2022/1/22 12:00,3702,8.4,0.0,0.0
2022/1/22 13:00,3610,9.0,0.0,0.0
2022/1/22 14:00,3527,8.6,0.0,0.0
2022/1/22 15:00,3562,8.6,0.0,0.0
2022/1/22 16:00,3774,7.6,0.0,0.0
2022/1/22 17:00,4112,5.6,0.0,0.0
2022/1/22 18:00,4230,4.1,0.0,0.0
2022/1/22 19:00,4209,4.1,0.0,0.0
2022/1/22 20:00,4123,4.5,0.0,0.0
2022/1/22 21:00,3934,4.2,0.0,0.0
2022/1/22 22:00,3710,4.9,0.0,0.0
2022/1/22 23:00,3510,5.1,0.0,0.0
2022/1/23 0:00,3257,4.0,0.0,0.5
2022/1/23 1:00,3106,4.0,0.0,0.5
2022/1/23 2:00,3030,3.3,0.0,0.5
2022/1/23 3:00,2980,2.9,0.0,0.5
2022/1/23 4:00,2963,2.9,0.0,0.5
2022/1/23 5:00,3042,2.9,0.0,0.5
2022/1/23 6:00,3259,2.8,0.0,0.5
2022/1/23 7:00,3547,2.2,0.0,0.5
2022/1/23 8:00,3860,3.0,0.0,0.5
2022/1/23 9:00,4019,4.0,0.0,0.5
2022/1/23 10:00,3927,4.7,0.0,0.5
2022/1/23 11:00,3864,5.9,0.0,0.5
2022/1/23 12:00,3823,6.6,0.0,0.5
2022/1/23 13:00,3750,6.9,0.0,0.5
2022/1/23 14:00,3687,7.3,0.0,0.5
2022/1/23 15:00,3708,7.1,0.0,0.5
2022/1/23 16:00,3892,6.7,0.0,0.5
2022/1/23 17:00,4167,6.2,0.0,0.5
2022/1/23 18:00,4219,6.1,0.0,0.5
2022/1/23 19:00,4148,6.2,0.0,0.5
2022/1/23 20:00,4029,6.4,0.0,0.5
2022/1/23 21:00,3807,6.3,0.0,0.5
2022/1/23 22:00,3522,5.6,0.0,0.5
2022/1/23 23:00,3287,5.5,0.0,0.5
2022/1/24 0:00,3027,5.9,0.0,0.5
2022/1/24 1:00,2911,5.1,0.0,0.5
2022/1/24 2:00,2869,4.5,0.0,0.5
2022/1/24 3:00,2851,4.8,0.0,0.5
2022/1/24 4:00,2905,5.2,0.0,0.5
2022/1/24 5:00,3137,5.0,0.0,0.5
2022/1/24 6:00,3617,5.1,0.0,0.5
2022/1/24 7:00,4084,5.1,0.0,0.5
2022/1/24 8:00,4477,5.7,0.0,0.5
2022/1/24 9:00,4659,7.9,0.0,0.5
2022/1/24 10:00,4557,8.6,0.0,0.5
2022/1/24 11:00,4487,9.4,0.0,0.5
2022/1/24 12:00,4316,9.2,0.0,0.5
2022/1/24 13:00,4286,9.9,0.0,0.5
2022/1/24 14:00,4170,10.2,0.0,0.5
2022/1/24 15:00,4167,10.1,0.0,0.5
2022/1/24 16:00,4327,9.3,0.0,0.5
2022/1/24 17:00,4552,8.3,0.0,0.5
2022/1/24 18:00,4597,6.9,0.0,0.5
2022/1/24 19:00,4507,5.9,0.0,0.5
2022/1/24 20:00,4378,4.9,0.0,0.5
2022/1/24 21:00,4158,3.8,0.0,0.5
2022/1/24 22:00,3907,2.7,0.0,0.5
2022/1/24 23:00,3655,3.2,0.0,0.5
2022/1/25 0:00,3365,2.9,0.0,0.0
2022/1/25 1:00,3230,2.6,0.0,0.0
2022/1/25 2:00,3185,3.4,0.0,0.0
2022/1/25 3:00,3168,2.7,0.0,0.0
2022/1/25 4:00,3226,2.8,0.0,0.0
2022/1/25 5:00,3474,2.6,0.0,0.0
2022/1/25 6:00,3998,1.0,0.0,0.0
2022/1/25 7:00,4422,1.6,0.0,0.0
2022/1/25 8:00,4682,3.9,0.0,0.0
2022/1/25 9:00,4743,5.0,0.0,0.0
2022/1/25 10:00,4689,6.4,0.0,0.0
2022/1/25 11:00,4589,7.2,0.0,0.0
2022/1/25 12:00,4387,7.3,0.0,0.0
2022/1/25 13:00,4470,7.5,0.0,0.0
2022/1/25 14:00,4410,8.9,0.0,0.0
2022/1/25 15:00,4389,8.4,0.0,0.0
2022/1/25 16:00,4544,7.6,0.0,0.0
2022/1/25 17:00,4714,7.4,0.0,0.0
2022/1/25 18:00,4674,7.0,0.0,0.0
2022/1/25 19:00,4535,6.7,0.0,0.0
2022/1/25 20:00,4364,6.4,0.0,0.0
2022/1/25 21:00,4116,5.2,0.0,0.0
2022/1/25 22:00,3824,4.2,0.0,0.0
2022/1/25 23:00,3539,4.9,0.0,0.0
2022/1/26 0:00,3234,5.0,0.0,1.0
2022/1/26 1:00,3083,5.1,0.0,1.0
2022/1/26 2:00,3028,4.7,0.0,1.0
2022/1/26 3:00,3005,4.1,0.0,1.0
2022/1/26 4:00,3059,4.0,0.0,1.0
2022/1/26 5:00,3263,3.7,0.0,1.0
2022/1/26 6:00,3707,3.9,0.0,1.0
2022/1/26 7:00,4208,3.9,0.0,1.0
2022/1/26 8:00,4714,3.8,0.0,1.0
2022/1/26 9:00,4898,4.1,0.0,1.0
2022/1/26 10:00,4767,4.8,0.0,1.0
2022/1/26 11:00,4612,5.5,0.0,1.0
2022/1/26 12:00,4298,6.7,0.0,1.0
2022/1/26 13:00,4280,7.3,0.0,1.0
2022/1/26 14:00,4218,8.7,0.0,1.0
2022/1/26 15:00,4180,8.7,0.0,1.0
2022/1/26 16:00,4296,8.7,0.0,1.0
2022/1/26 17:00,4481,7.0,0.0,1.0
2022/1/26 18:00,4505,5.7,0.0,1.0
2022/1/26 19:00,4393,6.5,0.0,1.0
2022/1/26 20:00,4271,6.1,0.0,1.0
2022/1/26 21:00,4051,6.5,0.0,1.0
2022/1/26 22:00,3808,4.7,0.0,1.0
2022/1/26 23:00,3551,4.3,0.0,1.0
2022/1/27 0:00,3275,4.5,0.0,0.0
2022/1/27 1:00,3137,3.4,0.0,0.0
2022/1/27 2:00,3093,3.5,0.0,0.0
2022/1/27 3:00,3079,3.6,0.0,0.0
2022/1/27 4:00,3134,2.5,0.0,0.0
2022/1/27 5:00,3363,2.5,0.0,0.0
2022/1/27 6:00,3836,2.3,0.0,0.0
2022/1/27 7:00,4216,4.2,0.0,0.0
2022/1/27 8:00,4519,6.2,0.0,0.0
2022/1/27 9:00,4611,8.2,0.0,0.0
2022/1/27 10:00,4509,9.1,0.0,0.0
2022/1/27 11:00,4375,9.7,0.0,0.0
2022/1/27 12:00,4127,9.8,0.0,0.0
2022/1/27 13:00,4156,11.3,0.0,0.0
2022/1/27 14:00,4105,11.0,0.0,0.0
2022/1/27 15:00,4159,10.8,0.0,0.0
2022/1/27 16:00,4324,9.6,0.0,0.0
2022/1/27 17:00,4536,8.5,0.0,0.0
2022/1/27 18:00,4536,8.0,0.0,0.0
2022/1/27 19:00,4416,7.6,0.0,0.0
2022/1/27 20:00,4260,7.0,0.0,0.0
2022/1/27 21:00,4023,6.2,0.0,0.0
2022/1/27 22:00,3737,6.0,0.0,0.0
2022/1/27 23:00,3463,5.9,0.0,0.0
2022/1/28 0:00,3162,5.8,0.0,0.5
2022/1/28 1:00,3031,5.4,0.0,0.5
2022/1/28 2:00,2990,5.3,0.0,0.5
2022/1/28 3:00,2977,5.1,0.0,0.5
2022/1/28 4:00,3031,5.1,0.0,0.5
2022/1/28 5:00,3247,4.8,0.0,0.5
2022/1/28 6:00,3704,4.9,0.0,0.5
2022/1/28 7:00,4127,4.5,0.0,0.5
2022/1/28 8:00,4470,4.4,0.0,0.5
2022/1/28 9:00,4552,4.7,0.0,0.5
2022/1/28 10:00,4429,6.8,0.0,0.5
2022/1/28 11:00,4319,7.8,0.0,0.5
2022/1/28 12:00,4111,9.1,0.0,0.5
2022/1/28 13:00,4133,9.0,0.0,0.5
2022/1/28 14:00,4097,10.6,0.0,0.5
2022/1/28 15:00,4108,9.7,0.0,0.5
2022/1/28 16:00,4253,8.9,0.0,0.5
2022/1/28 17:00,4409,7.8,0.0,0.5
2022/1/28 18:00,4407,7.4,0.0,0.5
2022/1/28 19:00,4302,7.3,0.0,0.5
2022/1/28 20:00,4164,6.8,0.0,0.5
2022/1/28 21:00,3957,6.4,0.0,0.5
2022/1/28 22:00,3745,5.8,0.0,0.5
2022/1/28 23:00,3530,5.5,0.0,0.5
2022/1/29 0:00,3281,4.7,0.0,0.5
2022/1/29 1:00,3146,4.7,0.0,0.5
2022/1/29 2:00,3075,4.5,0.0,0.5
2022/1/29 3:00,3025,4.5,0.0,0.5
2022/1/29 4:00,3009,4.3,0.0,0.5
2022/1/29 5:00,3091,4.2,0.0,0.5
2022/1/29 6:00,3330,3.9,0.0,0.5
2022/1/29 7:00,3615,4.1,0.0,0.5
2022/1/29 8:00,3938,4.7,0.0,0.5
2022/1/29 9:00,4029,4.9,0.0,0.5
2022/1/29 10:00,3953,6.0,0.0,0.5
2022/1/29 11:00,3830,6.2,0.0,0.5
2022/1/29 12:00,3698,8.4,0.0,0.5
2022/1/29 13:00,3580,8.0,0.0,0.5
2022/1/29 14:00,3503,9.2,0.0,0.5
2022/1/29 15:00,3491,8.9,0.0,0.5
2022/1/29 16:00,3624,8.9,0.0,0.5
2022/1/29 17:00,3924,7.3,0.0,0.5
2022/1/29 18:00,4031,6.3,0.0,0.5
2022/1/29 19:00,4001,6.5,0.0,0.5
2022/1/29 20:00,3924,6.3,0.0,0.5
2022/1/29 21:00,3750,5.8,0.0,0.5
2022/1/29 22:00,3553,5.6,0.0,0.5
2022/1/29 23:00,3373,4.7,0.0,0.5
2022/1/30 0:00,3152,3.9,0.0,0.5
2022/1/30 1:00,3028,3.7,0.0,0.5
2022/1/30 2:00,2960,3.6,0.0,0.5
2022/1/30 3:00,2917,3.7,0.0,0.5
2022/1/30 4:00,2902,3.7,0.0,0.5
2022/1/30 5:00,2966,2.6,0.0,0.5
2022/1/30 6:00,3161,2.6,0.0,0.5
2022/1/30 7:00,3400,2.5,0.0,0.5
2022/1/30 8:00,3591,3.4,0.0,0.5
2022/1/30 9:00,3714,5.1,0.0,0.5
2022/1/30 10:00,3614,5.5,0.0,0.5
2022/1/30 11:00,3639,7.2,0.0,0.5
2022/1/30 12:00,3700,8.2,0.0,0.5
2022/1/30 13:00,3520,7.3,0.0,0.5
2022/1/30 14:00,3540,7.4,0.0,0.5
2022/1/30 15:00,3578,7.6,0.0,0.5
2022/1/30 16:00,3749,7.5,0.0,0.5
2022/1/30 17:00,4061,7.1,0.0,0.5
2022/1/30 18:00,4173,6.7,0.0,0.5
2022/1/30 19:00,4145,6.2,0.0,0.5
2022/1/30 20:00,4048,5.8,0.0,0.5
2022/1/30 21:00,3846,5.1,0.0,0.5
2022/1/30 22:00,3575,4.6,0.0,0.5
2022/1/30 23:00,3359,4.4,0.0,0.5
2022/1/31 0:00,3121,3.9,0.0,0.0
2022/1/31 1:00,3008,3.0,0.0,0.0
2022/1/31 2:00,2971,2.9,0.0,0.0
2022/1/31 3:00,2964,2.4,0.0,0.0
2022/1/31 4:00,3023,2.4,0.0,0.0
2022/1/31 5:00,3276,2.6,0.0,0.0
2022/1/31 6:00,3805,2.3,0.0,0.0
2022/1/31 7:00,4254,2.3,0.0,0.0
2022/1/31 8:00,4515,2.8,0.0,0.0
2022/1/31 9:00,4591,5.0,0.0,0.0
2022/1/31 10:00,4483,6.6,0.0,0.0
2022/1/31 11:00,4384,7.6,0.0,0.0
2022/1/31 12:00,4181,8.3,0.0,0.0
2022/1/31 13:00,4183,8.8,0.0,0.0
2022/1/31 14:00,4116,9.4,0.0,0.0
2022/1/31 15:00,4141,8.7,0.0,0.0
2022/1/31 16:00,4344,7.8,0.0,0.0
2022/1/31 17:00,4571,6.6,0.0,0.0
2022/1/31 18:00,4614,6.0,0.0,0.0
2022/1/31 19:00,4529,4.7,0.0,0.0
2022/1/31 20:00,4402,5.0,0.0,0.0
2022/1/31 21:00,4179,3.7,0.0,0.0
2022/1/31 22:00,3901,3.6,0.0,0.0
2022/1/31 23:00,3647,2.6,0.0,0.0
2022/2/1 0:00,3357,2.4,0.0,0.0
2022/2/1 1:00,3225,2.5,0.0,0.0
2022/2/1 2:00,3160,2.5,0.0,0.0
2022/2/1 3:00,3137,2.2,0.0,0.0
2022/2/1 4:00,3183,2.1,0.0,0.0
2022/2/1 5:00,3431,2.2,0.0,0.0
2022/2/1 6:00,3947,1.7,0.0,0.0
2022/2/1 7:00,4371,2.0,0.0,0.0
2022/2/1 8:00,4593,3.1,0.0,0.0
2022/2/1 9:00,4609,5.5,0.0,0.0
2022/2/1 10:00,4460,7.4,0.0,0.0
2022/2/1 11:00,4330,8.2,0.0,0.0
2022/2/1 12:00,4113,8.8,0.0,0.0
2022/2/1 13:00,4130,10.2,0.0,0.0
2022/2/1 14:00,4092,9.2,0.0,0.0
2022/2/1 15:00,4107,9.0,0.0,0.0
2022/2/1 16:00,4247,8.8,0.0,0.0
2022/2/1 17:00,4438,8.5,0.0,0.0
2022/2/1 18:00,4491,7.8,0.0,0.0
2022/2/1 19:00,4395,6.3,0.0,0.0
2022/2/1 20:00,4265,5.2,0.0,0.0
2022/2/1 21:00,4039,5.4,0.0,0.0
2022/2/1 22:00,3784,5.4,0.0,0.0
2022/2/1 23:00,3527,5.3,0.0,0.0
2022/2/2 0:00,3258,4.2,0.0,0.0
2022/2/2 1:00,3135,2.8,0.0,0.0
2022/2/2 2:00,3109,2.3,0.0,0.0
2022/2/2 3:00,3083,1.9,0.0,0.0
2022/2/2 4:00,3128,1.5,0.0,0.0
2022/2/2 5:00,3355,2.8,0.0,0.0
2022/2/2 6:00,3829,2.8,0.0,0.0
2022/2/2 7:00,4232,2.8,0.0,0.0
2022/2/2 8:00,4461,3.9,0.0,0.0
2022/2/2 9:00,4497,6.1,0.0,0.0
2022/2/2 10:00,4388,8.2,0.0,0.0
2022/2/2 11:00,4298,9.3,0.0,0.0
2022/2/2 12:00,4106,10.2,0.0,0.0
2022/2/2 13:00,4140,10.4,0.0,0.0
2022/2/2 14:00,4106,9.4,0.0,0.0
2022/2/2 15:00,4130,9.1,0.0,0.0
2022/2/2 16:00,4289,8.3,0.0,0.0
2022/2/2 17:00,4486,7.0,0.0,0.0
2022/2/2 18:00,4551,4.8,0.0,0.0
2022/2/2 19:00,4465,6.5,0.0,0.0
2022/2/2 20:00,4354,5.8,0.0,0.0
2022/2/2 21:00,4143,5.1,0.0,0.0
2022/2/2 22:00,3896,4.3,0.0,0.0
2022/2/2 23:00,3646,3.4,0.0,0.0
2022/2/3 0:00,3362,3.8,0.0,0.0
2022/2/3 1:00,3223,4.0,0.0,0.0
2022/2/3 2:00,3178,2.4,0.0,0.0
2022/2/3 3:00,3157,2.1,0.0,0.0
2022/2/3 4:00,3214,1.2,0.0,0.0
2022/2/3 5:00,3471,1.6,0.0,0.0
2022/2/3 6:00,3977,1.2,0.0,0.0
2022/2/3 7:00,4421,0.9,0.0,0.0
2022/2/3 8:00,4793,2.5,0.0,0.0
2022/2/3 9:00,4870,3.9,0.0,0.0
2022/2/3 10:00,4671,6.7,0.0,0.0
2022/2/3 11:00,4433,9.3,0.0,0.0
2022/2/3 12:00,4175,9.3,0.0,0.0
2022/2/3 13:00,4156,10.0,0.0,0.0
2022/2/3 14:00,4057,11.5,0.0,0.0
2022/2/3 15:00,4041,10.2,0.0,0.0
2022/2/3 16:00,4192,9.7,0.0,0.0
2022/2/3 17:00,4400,8.3,0.0,0.0
2022/2/3 18:00,4445,6.3,0.0,0.0
2022/2/3 19:00,4344,6.6,0.0,0.0
2022/2/3 20:00,4221,8.2,0.0,0.0
2022/2/3 21:00,4009,7.3,0.0,0.0
2022/2/3 22:00,3745,6.3,0.0,0.0
2022/2/3 23:00,3495,5.7,0.0,0.0
2022/2/4 0:00,3210,5.0,0.0,0.5
2022/2/4 1:00,3088,4.6,0.0,0.5
2022/2/4 2:00,3068,4.1,0.0,0.5
2022/2/4 3:00,3055,3.5,0.0,0.5
2022/2/4 4:00,3108,3.4,0.0,0.5
2022/2/4 5:00,3326,3.0,0.0,0.5
2022/2/4 6:00,3801,2.7,0.0,0.5
2022/2/4 7:00,4257,3.3,0.0,0.5
2022/2/4 8:00,4658,3.9,0.0,0.5
2022/2/4 9:00,4851,4.1,0.0,0.5
2022/2/4 10:00,4701,5.2,0.0,0.5
2022/2/4 11:00,4565,5.8,0.0,0.5
2022/2/4 12:00,4360,6.4,0.0,0.5
2022/2/4 13:00,4341,7.7,0.0,0.5
2022/2/4 14:00,4280,8.0,0.0,0.5
2022/2/4 15:00,4269,7.6,0.0,0.5
2022/2/4 16:00,4381,7.7,0.0,0.5
2022/2/4 17:00,4529,6.3,0.0,0.5
2022/2/4 18:00,4553,5.6,0.0,0.5
2022/2/4 19:00,4450,5.0,0.0,0.5
2022/2/4 20:00,4330,5.9,0.0,0.5
2022/2/4 21:00,4106,3.7,0.0,0.5
2022/2/4 22:00,3886,3.8,0.0,0.5
2022/2/4 23:00,3672,3.8,0.0,0.5
2022/2/5 0:00,3394,2.7,0.0,0.0
2022/2/5 1:00,3245,3.2,0.0,0.0
2022/2/5 2:00,3176,1.7,0.0,0.0
2022/2/5 3:00,3129,0.9,0.0,0.0
2022/2/5 4:00,3119,0.7,0.0,0.0
2022/2/5 5:00,3203,1.5,0.0,0.0
2022/2/5 6:00,3458,1.8,0.0,0.0
2022/2/5 7:00,3697,1.1,0.0,0.0
2022/2/5 8:00,3860,3.3,0.0,0.0
2022/2/5 9:00,3909,5.3,0.0,0.0
2022/2/5 10:00,3865,6.2,0.0,0.0
2022/2/5 11:00,3813,7.4,0.0,0.0
2022/2/5 12:00,3761,7.8,0.0,0.0
2022/2/5 13:00,3714,7.8,0.0,0.0
2022/2/5 14:00,3703,7.6,0.0,0.0
2022/2/5 15:00,3788,5.8,0.0,0.0
2022/2/5 16:00,3961,4.8,0.0,0.0
2022/2/5 17:00,4250,4.6,0.0,0.0
2022/2/5 18:00,4389,3.7,0.0,0.0
2022/2/5 19:00,4368,2.8,0.0,0.0
2022/2/5 20:00,4283,2.2,0.0,0.0
2022/2/5 21:00,4098,1.7,0.0,0.0
2022/2/5 22:00,3882,1.2,0.0,0.0
2022/2/5 23:00,3682,0.5,0.0,0.0
2022/2/6 0:00,3408,0.6,0.0,0.0
2022/2/6 1:00,3248,-0.2,0.0,0.0
2022/2/6 2:00,3167,-0.5,0.0,0.0
2022/2/6 3:00,3118,-1.6,0.0,0.0
2022/2/6 4:00,3103,-1.5,0.0,0.0
2022/2/6 5:00,3188,-0.8,0.0,0.0
2022/2/6 6:00,3420,-1.8,0.0,0.0
2022/2/6 7:00,3668,-1.2,0.0,0.0
2022/2/6 8:00,3799,1.3,0.0,0.0
2022/2/6 9:00,3829,3.3,0.0,0.0
2022/2/6 10:00,3748,4.4,0.0,0.0
2022/2/6 11:00,3673,5.9,0.0,0.0
2022/2/6 12:00,3627,6.7,0.0,0.0
2022/2/6 13:00,3610,6.2,0.0,0.0
2022/2/6 14:00,3590,5.4,0.0,0.0
2022/2/6 15:00,3651,5.9,0.0,0.0
2022/2/6 16:00,3853,5.3,0.0,0.0
2022/2/6 17:00,4224,4.4,0.0,0.0
2022/2/6 18:00,4423,3.7,0.0,0.0
2022/2/6 19:00,4414,3.1,0.0,0.0
2022/2/6 20:00,4336,2.7,0.0,0.0
2022/2/6 21:00,4151,2.1,0.0,0.0
2022/2/6 22:00,3859,1.6,0.0,0.0
2022/2/6 23:00,3617,0.7,0.0,0.0
2022/2/7 0:00,3341,0.5,0.0,0.0
2022/2/7 1:00,3196,-0.1,0.0,0.0
2022/2/7 2:00,3135,1.6,0.0,0.0
2022/2/7 3:00,3107,0.7,0.0,0.0
2022/2/7 4:00,3162,0.0,0.0,0.0
2022/2/7 5:00,3431,1.1,0.0,0.0
2022/2/7 6:00,3990,1.2,0.0,0.0
2022/2/7 7:00,4450,1.9,0.0,0.0
2022/2/7 8:00,4698,2.3,0.0,0.0
2022/2/7 9:00,4783,5.0,0.0,0.0
2022/2/7 10:00,4649,5.9,0.0,0.0
2022/2/7 11:00,4537,7.6,0.0,0.0
2022/2/7 12:00,4321,8.3,0.0,0.0
2022/2/7 13:00,4318,9.0,0.0,0.0
2022/2/7 14:00,4247,8.9,0.0,0.0
2022/2/7 15:00,4251,7.8,0.0,0.0
2022/2/7 16:00,4435,7.4,0.0,0.0
2022/2/7 17:00,4641,6.2,0.0,0.0
2022/2/7 18:00,4704,6.3,0.0,0.0
2022/2/7 19:00,4611,5.2,0.0,0.0
2022/2/7 20:00,4477,5.7,0.0,0.0
2022/2/7 21:00,4254,4.4,0.0,0.0
2022/2/7 22:00,3976,3.8,0.0,0.0
2022/2/7 23:00,3684,3.5,0.0,0.0
2022/2/8 0:00,3380,3.6,0.0,0.5
2022/2/8 1:00,3223,3.5,0.0,0.5
2022/2/8 2:00,3151,3.6,0.0,0.5
2022/2/8 3:00,3113,3.3,0.0,0.5
2022/2/8 4:00,3147,3.0,0.0,0.5
2022/2/8 5:00,3375,2.6,0.0,0.5
2022/2/8 6:00,3863,2.4,0.0,0.5
2022/2/8 7:00,4386,2.9,0.0,0.5
2022/2/8 8:00,4862,3.4,0.0,0.5
2022/2/8 9:00,5059,3.7,0.0,0.5
2022/2/8 10:00,4903,4.8,0.0,0.5
2022/2/8 11:00,4753,6.0,0.0,0.5
2022/2/8 12:00,4404,6.8,0.0,0.5
2022/2/8 13:00,4385,7.8,0.0,0.5
2022/2/8 14:00,4306,8.6,0.0,0.5
2022/2/8 15:00,4242,8.2,0.0,0.5
2022/2/8 16:00,4355,7.4,0.0,0.5
2022/2/8 17:00,4553,6.6,0.0,0.5
2022/2/8 18:00,4606,5.5,0.0,0.5
2022/2/8 19:00,4496,6.4,0.0,0.5
2022/2/8 20:00,4335,6.1,0.0,0.5
2022/2/8 21:00,4080,5.9,0.0,0.5
2022/2/8 22:00,3811,6.4,0.0,0.5
2022/2/8 23:00,3547,6.2,0.0,0.5
2022/2/9 0:00,3278,5.3,0.0,0.0
2022/2/9 1:00,3152,4.1,0.0,0.0
2022/2/9 2:00,3098,4.3,0.0,0.0
2022/2/9 3:00,3092,4.1,0.0,0.0
2022/2/9 4:00,3142,4.3,0.0,0.0
2022/2/9 5:00,3378,3.0,0.0,0.0
2022/2/9 6:00,3868,2.4,0.0,0.0
2022/2/9 7:00,4257,3.3,0.0,0.0
2022/2/9 8:00,4511,4.4,0.0,0.0
2022/2/9 9:00,4579,5.8,0.0,0.0
2022/2/9 10:00,4438,7.2,0.0,0.0
2022/2/9 11:00,4331,8.5,0.0,0.0
2022/2/9 12:00,4135,9.2,0.0,0.0
2022/2/9 13:00,4142,9.4,0.0,0.0
2022/2/9 14:00,4100,9.3,0.0,0.0
2022/2/9 15:00,4120,9.6,0.0,0.0
2022/2/9 16:00,4249,8.7,0.0,0.0
2022/2/9 17:00,4431,8.1,0.0,0.0
2022/2/9 18:00,4492,7.1,0.0,0.0
2022/2/9 19:00,4406,6.5,0.0,0.0
2022/2/9 20:00,4276,6.4,0.0,0.0
2022/2/9 21:00,4052,6.0,0.0,0.0
2022/2/9 22:00,3803,5.5,0.0,0.0
2022/2/9 23:00,3527,5.9,0.0,0.0
2022/2/10 0:00,3228,6.1,0.0,1.0
2022/2/10 1:00,3069,4.9,0.0,1.0
2022/2/10 2:00,3010,4.7,0.0,1.0
2022/2/10 3:00,2985,4.8,0.0,1.0
2022/2/10 4:00,3031,4.5,0.0,1.0
2022/2/10 5:00,3258,4.3,0.0,1.0
2022/2/10 6:00,3723,3.6,0.0,1.0
2022/2/10 7:00,4244,3.7,0.0,1.0
2022/2/10 8:00,4824,2.8,1.0,1.0
2022/2/10 9:00,5208,2.2,1.0,1.0
2022/2/10 10:00,5278,1.8,0.5,1.0
2022/2/10 11:00,5270,2.2,1.0,1.0
2022/2/10 12:00,5131,2.0,1.0,1.0
2022/2/10 13:00,5212,1.9,1.0,1.0
2022/2/10 14:00,5195,1.7,1.0,1.0
2022/2/10 15:00,5139,1.1,2.5,1.0
2022/2/10 16:00,5163,1.0,2.5,1.0
2022/2/10 17:00,5159,0.8,2.5,1.0
2022/2/10 18:00,5066,0.6,3.5,1.0
2022/2/10 19:00,4901,0.8,2.0,1.0
2022/2/10 20:00,4710,0.8,2.0,1.0
2022/2/10 21:00,4438,1.0,1.5,1.0
2022/2/10 22:00,4143,1.0,2.0,1.0
2022/2/10 23:00,3874,0.9,1.0,1.0
2022/2/11 0:00,3557,1.0,1.0,0.0
2022/2/11 1:00,3394,0.8,1.0,0.0
2022/2/11 2:00,3303,0.8,1.0,0.0
2022/2/11 3:00,3255,0.8,0.5,0.0
2022/2/11 4:00,3246,1.0,0.0,0.0
2022/2/11 5:00,3342,1.1,0.0,0.0
2022/2/11 6:00,3580,1.1,0.0,0.0
2022/2/11 7:00,3917,1.0,0.0,0.0
2022/2/11 8:00,4240,1.7,0.0,0.0
2022/2/11 9:00,4278,2.8,0.0,0.0
2022/2/11 10:00,4120,4.2,0.0,0.0
2022/2/11 11:00,3954,5.8,0.0,0.0
2022/2/11 12:00,3821,7.1,0.0,0.0
2022/2/11 13:00,3754,8.3,0.0,0.0
2022/2/11 14:00,3660,8.4,0.0,0.0
2022/2/11 15:00,3642,8.6,0.0,0.0
2022/2/11 16:00,3803,7.6,0.0,0.0
2022/2/11 17:00,4109,6.4,0.0,0.0
2022/2/11 18:00,4269,5.8,0.0,0.0
2022/2/11 19:00,4236,5.2,0.0,0.0
2022/2/11 20:00,4145,5.1,0.0,0.0
2022/2/11 21:00,3975,4.7,0.0,0.0
2022/2/11 22:00,3748,4.0,0.0,0.0
2022/2/11 23:00,3556,2.7,0.0,0.0
2022/2/12 0:00,3302,2.9,0.0,0.0
2022/2/12 1:00,3174,2.1,0.0,0.0
2022/2/12 2:00,3113,2.2,0.0,0.0
2022/2/12 3:00,3077,2.2,0.0,0.0
2022/2/12 4:00,3086,1.8,0.0,0.0
2022/2/12 5:00,3197,1.6,0.0,0.0
2022/2/12 6:00,3437,0.3,0.0,0.0
2022/2/12 7:00,3688,1.5,0.0,0.0
2022/2/12 8:00,3946,2.8,0.0,0.0
2022/2/12 9:00,4039,4.2,0.0,0.0
2022/2/12 10:00,3951,5.6,0.0,0.0
2022/2/12 11:00,3869,7.5,0.0,0.0
2022/2/12 12:00,3737,7.9,0.0,0.0
2022/2/12 13:00,3623,8.2,0.0,0.0
2022/2/12 14:00,3506,9.0,0.0,0.0
2022/2/12 15:00,3414,8.5,0.0,0.0
2022/2/12 16:00,3532,8.4,0.0,0.0
2022/2/12 17:00,3850,7.1,0.0,0.0
2022/2/12 18:00,4024,5.0,0.0,0.0
2022/2/12 19:00,4012,4.9,0.0,0.0
2022/2/12 20:00,3941,5.5,0.0,0.0
2022/2/12 21:00,3779,5.2,0.0,0.0
2022/2/12 22:00,3601,4.0,0.0,0.0
2022/2/12 23:00,3434,3.8,0.0,0.0
2022/2/13 0:00,3191,4.2,0.0,1.0
2022/2/13 1:00,3049,3.7,0.0,1.0
2022/2/13 2:00,2988,2.2,0.0,1.0
2022/2/13 3:00,2950,1.9,0.0,1.0
2022/2/13 4:00,2953,2.4,0.0,1.0
2022/2/13 5:00,3033,1.4,0.0,1.0
2022/2/13 6:00,3218,1.3,0.0,1.0
2022/2/13 7:00,3432,2.3,0.0,1.0
2022/2/13 8:00,3756,2.9,0.0,1.0
2022/2/13 9:00,4003,3.6,0.0,1.0
2022/2/13 10:00,4061,4.3,0.0,1.0
2022/2/13 11:00,4078,4.7,0.0,1.0
2022/2/13 12:00,4058,3.7,0.5,1.0
2022/2/13 13:00,3996,4.1,2.0,1.0
2022/2/13 14:00,3954,4.1,1.0,1.0
2022/2/13 15:00,3959,4.2,1.0,1.0
2022/2/13 16:00,4064,4.3,2.0,1.0
2022/2/13 17:00,4286,4.5,2.0,1.0
2022/2/13 18:00,4333,4.8,1.5,1.0
2022/2/13 19:00,4266,4.5,1.5,1.0
2022/2/13 20:00,4162,3.5,1.5,1.0
2022/2/13 21:00,3970,2.1,2.5,1.0
2022/2/13 22:00,3722,1.9,2.5,1.0
2022/2/13 23:00,3528,1.2,2.5,1.0
2022/2/14 0:00,3271,0.9,2.0,1.0
2022/2/14 1:00,3123,1.2,0.5,1.0
2022/2/14 2:00,3057,1.7,0.5,1.0
2022/2/14 3:00,3044,1.6,0.5,1.0
2022/2/14 4:00,3110,1.7,0.5,1.0
2022/2/14 5:00,3361,1.5,1.0,1.0
2022/2/14 6:00,3851,1.4,0.0,1.0
2022/2/14 7:00,4325,1.6,0.5,1.0
2022/2/14 8:00,4710,2.4,0.0,1.0
2022/2/14 9:00,4793,3.6,0.0,1.0
2022/2/14 10:00,4623,4.6,0.0,1.0
2022/2/14 11:00,4471,5.4,0.0,1.0
2022/2/14 12:00,4221,5.8,0.0,1.0
2022/2/14 13:00,4231,6.6,0.0,1.0
2022/2/14 14:00,4160,7.3,0.0,1.0
2022/2/14 15:00,4211,7.5,0.0,1.0
2022/2/14 16:00,4403,7.2,0.0,1.0
2022/2/14 17:00,4633,5.8,0.0,1.0
2022/2/14 18:00,4724,5.0,0.0,1.0
2022/2/14 19:00,4622,5.0,0.0,1.0
2022/2/14 20:00,4491,4.1,0.0,1.0
2022/2/14 21:00,4271,4.1,0.0,1.0
2022/2/14 22:00,4000,3.2,0.0,1.0
2022/2/14 23:00,3734,2.6,0.0,1.0
2022/2/15 0:00,3410,2.6,0.0,0.0
2022/2/15 1:00,3233,1.9,0.0,0.0
2022/2/15 2:00,3165,2.0,0.0,0.0
2022/2/15 3:00,3125,1.5,0.0,0.0
2022/2/15 4:00,3169,1.7,0.0,0.0
2022/2/15 5:00,3413,2.5,0.0,0.0
2022/2/15 6:00,3896,1.4,0.0,0.0
2022/2/15 7:00,4293,1.8,0.0,0.0
2022/2/15 8:00,4667,4.1,0.0,0.0
2022/2/15 9:00,4828,6.2,0.0,0.0
2022/2/15 10:00,4716,6.8,0.0,0.0
2022/2/15 11:00,4579,6.7,0.0,0.0
2022/2/15 12:00,4323,8.7,0.0,0.0
2022/2/15 13:00,4348,9.0,0.0,0.0
2022/2/15 14:00,4222,11.1,0.0,0.0
2022/2/15 15:00,4209,10.8,0.0,0.0
2022/2/15 16:00,4309,10.0,0.0,0.0
2022/2/15 17:00,4455,9.8,0.0,0.0
2022/2/15 18:00,4523,7.2,0.0,0.0
2022/2/15 19:00,4417,6.4,0.0,0.0
2022/2/15 20:00,4297,5.4,0.0,0.0
2022/2/15 21:00,4092,4.0,0.0,0.0
2022/2/15 22:00,3857,4.1,0.0,0.0
2022/2/15 23:00,3620,4.2,0.0,0.0
2022/2/16 0:00,3324,4.4,0.0,0.0
2022/2/16 1:00,3178,3.2,0.0,0.0
2022/2/16 2:00,3120,3.4,0.0,0.0
2022/2/16 3:00,3091,2.4,0.0,0.0
2022/2/16 4:00,3141,2.4,0.0,0.0
2022/2/16 5:00,3357,2.3,0.0,0.0
2022/2/16 6:00,3807,1.9,0.0,0.0
2022/2/16 7:00,4169,2.0,0.0,0.0
2022/2/16 8:00,4388,4.1,0.0,0.0
2022/2/16 9:00,4442,6.4,0.0,0.0
2022/2/16 10:00,4346,8.4,0.0,0.0
2022/2/16 11:00,4253,9.1,0.0,0.0
2022/2/16 12:00,4057,10.7,0.0,0.0
2022/2/16 13:00,4079,9.8,0.0,0.0
2022/2/16 14:00,4044,9.5,0.0,0.0
2022/2/16 15:00,4041,9.5,0.0,0.0
2022/2/16 16:00,4170,9.6,0.0,0.0
2022/2/16 17:00,4353,9.3,0.0,0.0
2022/2/16 18:00,4438,8.0,0.0,0.0
2022/2/16 19:00,4360,6.6,0.0,0.0
2022/2/16 20:00,4250,6.4,0.0,0.0
2022/2/16 21:00,4045,5.4,0.0,0.0
2022/2/16 22:00,3807,5.5,0.0,0.0
2022/2/16 23:00,3589,4.2,0.0,0.0
2022/2/17 0:00,3285,3.3,0.0,0.0
2022/2/17 1:00,3149,2.6,0.0,0.0
2022/2/17 2:00,3108,3.9,0.0,0.0
2022/2/17 3:00,3088,3.5,0.0,0.0
2022/2/17 4:00,3138,2.5,0.0,0.0
2022/2/17 5:00,3373,2.5,0.0,0.0
2022/2/17 6:00,3866,1.8,0.0,0.0
2022/2/17 7:00,4225,1.9,0.0,0.0
2022/2/17 8:00,4461,3.8,0.0,0.0
2022/2/17 9:00,4548,5.0,0.0,0.0
2022/2/17 10:00,4470,6.2,0.0,0.0
2022/2/17 11:00,4424,8.3,0.0,0.0
2022/2/17 12:00,4264,9.0,0.0,0.0
2022/2/17 13:00,4300,7.2,0.0,0.0
2022/2/17 14:00,4255,8.7,0.0,0.0
2022/2/17 15:00,4218,8.2,0.0,0.0
2022/2/17 16:00,4390,6.9,0.0,0.0
2022/2/17 17:00,4625,5.5,0.0,0.0
2022/2/17 18:00,4723,4.7,0.0,0.0
2022/2/17 19:00,4639,4.3,0.0,0.0
2022/2/17 20:00,4502,4.5,0.0,0.0
2022/2/17 21:00,4297,3.7,0.0,0.0
2022/2/17 22:00,4033,2.7,0.0,0.0
2022/2/17 23:00,3791,1.7,0.0,0.0
2022/2/18 0:00,3468,1.4,0.0,0.0
2022/2/18 1:00,3300,0.4,0.0,0.0
2022/2/18 2:00,3227,1.4,0.0,0.0
2022/2/18 3:00,3190,1.0,0.0,0.0
2022/2/18 4:00,3229,1.9,0.0,0.0
2022/2/18 5:00,3460,1.5,0.0,0.0
2022/2/18 6:00,3943,2.0,0.0,0.0
2022/2/18 7:00,4281,2.4,0.0,0.0
2022/2/18 8:00,4512,4.1,0.0,0.0
2022/2/18 9:00,4632,6.4,0.0,0.0
2022/2/18 10:00,4522,8.1,0.0,0.0
2022/2/18 11:00,4406,8.9,0.0,0.0
2022/2/18 12:00,4209,10.4,0.0,0.0
2022/2/18 13:00,4200,10.6,0.0,0.0
2022/2/18 14:00,4107,10.6,0.0,0.0
2022/2/18 15:00,4056,10.6,0.0,0.0
2022/2/18 16:00,4159,9.7,0.0,0.0
2022/2/18 17:00,4354,8.5,0.0,0.0
2022/2/18 18:00,4448,7.7,0.0,0.0
2022/2/18 19:00,4365,7.1,0.0,0.0
2022/2/18 20:00,4251,6.8,0.0,0.0
2022/2/18 21:00,4062,5.7,0.0,0.0
2022/2/18 22:00,3848,4.7,0.0,0.0
2022/2/18 23:00,3655,3.8,0.0,0.0
2022/2/19 0:00,3379,3.3,0.0,0.5
2022/2/19 1:00,3208,2.8,0.0,0.5
2022/2/19 2:00,3132,2.0,0.0,0.5
2022/2/19 3:00,3088,1.9,0.0,0.5
2022/2/19 4:00,3082,1.8,0.0,0.5
2022/2/19 5:00,3175,2.7,0.0,0.5
2022/2/19 6:00,3416,2.7,0.0,0.5
2022/2/19 7:00,3723,2.3,0.0,0.5
2022/2/19 8:00,4052,2.8,0.0,0.5
2022/2/19 9:00,4233,3.8,0.0,0.5
2022/2/19 10:00,4128,4.7,0.0,0.5
2022/2/19 11:00,4036,5.3,0.0,0.5
2022/2/19 12:00,3895,7.1,0.0,0.5
2022/2/19 13:00,3816,8.3,0.0,0.5
2022/2/19 14:00,3772,7.9,0.0,0.5
2022/2/19 15:00,3793,8.3,0.0,0.5
2022/2/19 16:00,3868,8.2,0.0,0.5
2022/2/19 17:00,4038,6.5,0.0,0.5
2022/2/19 18:00,4094,6.0,0.0,0.5
2022/2/19 19:00,4012,6.3,0.5,0.5
2022/2/19 20:00,3884,6.4,0.5,0.5
2022/2/19 21:00,3684,6.2,1.0,0.5
2022/2/19 22:00,3478,5.4,1.0,0.5
2022/2/19 23:00,3280,5.1,0.5,0.5
2022/2/20 0:00,3049,4.5,3.0,0.5
2022/2/20 1:00,2920,4.0,0.5,0.5
2022/2/20 2:00,2856,4.0,1.5,0.5
2022/2/20 3:00,2808,4.1,0.5,0.5
2022/2/20 4:00,2780,4.2,0.0,0.5
2022/2/20 5:00,2821,4.5,0.0,0.5
2022/2/20 6:00,2969,4.9,1.0,0.5
2022/2/20 7:00,3222,5.1,4.0,0.5
2022/2/20 8:00,3499,5.4,1.5,0.5
2022/2/20 9:00,3733,5.8,0.0,0.5
2022/2/20 10:00,3751,6.0,0.0,0.5
2022/2/20 11:00,3568,7.1,0.0,0.5
2022/2/20 12:00,3463,8.8,0.0,0.5
2022/2/20 13:00,3441,9.2,0.0,0.5
2022/2/20 14:00,3375,9.2,0.0,0.5
2022/2/20 15:00,3428,8.6,0.0,0.5
2022/2/20 16:00,3589,8.7,0.0,0.5
2022/2/20 17:00,3900,7.7,0.0,0.5
2022/2/20 18:00,4051,7.3,0.0,0.5
2022/2/20 19:00,4050,6.9,0.0,0.5
2022/2/20 20:00,3978,5.5,0.0,0.5
2022/2/20 21:00,3828,4.4,0.0,0.5
2022/2/20 22:00,3593,3.7,0.0,0.5
2022/2/20 23:00,3391,2.7,0.0,0.5
2022/2/21 0:00,3168,2.7,0.0,0.0
2022/2/21 1:00,3037,2.2,0.0,0.0
2022/2/21 2:00,2999,2.4,0.0,0.0
2022/2/21 3:00,2990,2.1,0.0,0.0
2022/2/21 4:00,3050,1.8,0.0,0.0
2022/2/21 5:00,3317,1.8,0.0,0.0
2022/2/21 6:00,3836,1.4,0.0,0.0
2022/2/21 7:00,4198,1.7,0.0,0.0
2022/2/21 8:00,4459,2.9,0.0,0.0
2022/2/21 9:00,4635,4.3,0.0,0.0
2022/2/21 10:00,4564,4.6,0.0,0.0
2022/2/21 11:00,4504,6.9,0.0,0.0
2022/2/21 12:00,4300,7.8,0.0,0.0
2022/2/21 13:00,4304,7.7,0.0,0.0
2022/2/21 14:00,4225,7.9,0.0,0.0
2022/2/21 15:00,4203,8.0,0.0,0.0
2022/2/21 16:00,4388,7.0,0.0,0.0
2022/2/21 17:00,4634,5.5,0.0,0.0
2022/2/21 18:00,4768,4.5,0.0,0.0
2022/2/21 19:00,4678,3.8,0.0,0.0
2022/2/21 20:00,4534,3.4,0.0,0.0
2022/2/21 21:00,4319,3.0,0.0,0.0
2022/2/21 22:00,4036,2.6,0.0,0.0
2022/2/21 23:00,3748,2.8,0.0,0.0
2022/2/22 0:00,3436,1.3,0.0,0.0
2022/2/22 1:00,3280,2.7,0.0,0.0
2022/2/22 2:00,3219,2.1,0.0,0.0
2022/2/22 3:00,3181,1.3,0.0,0.0
2022/2/22 4:00,3233,1.3,0.0,0.0
2022/2/22 5:00,3487,1.3,0.0,0.0
2022/2/22 6:00,4014,0.0,0.0,0.0
2022/2/22 7:00,4327,0.4,0.0,0.0
2022/2/22 8:00,4552,2.6,0.0,0.0
2022/2/22 9:00,4641,4.4,0.0,0.0
2022/2/22 10:00,4551,6.1,0.0,0.0
2022/2/22 11:00,4464,7.3,0.0,0.0
2022/2/22 12:00,4261,7.9,0.0,0.0
2022/2/22 13:00,4284,9.1,0.0,0.0
2022/2/22 14:00,4229,9.1,0.0,0.0
2022/2/22 15:00,4213,9.1,0.0,0.0
2022/2/22 16:00,4327,8.5,0.0,0.0
2022/2/22 17:00,4529,7.0,0.0,0.0
2022/2/22 18:00,4652,5.9,0.0,0.0
2022/2/22 19:00,4576,5.4,0.0,0.0
2022/2/22 20:00,4472,3.9,0.0,0.0
2022/2/22 21:00,4274,2.8,0.0,0.0
2022/2/22 22:00,4036,2.8,0.0,0.0
2022/2/22 23:00,3787,2.4,0.0,0.0
2022/2/23 0:00,3496,2.1,0.0,0.0
2022/2/23 1:00,3331,1.8,0.0,0.0
2022/2/23 2:00,3247,1.3,0.0,0.0
2022/2/23 3:00,3206,0.9,0.0,0.0
2022/2/23 4:00,3197,1.1,0.0,0.0
2022/2/23 5:00,3316,1.2,0.0,0.0
2022/2/23 6:00,3592,1.3,0.0,0.0
2022/2/23 7:00,3814,1.6,0.0,0.0
2022/2/23 8:00,3986,2.6,0.0,0.0
2022/2/23 9:00,4071,4.0,0.0,0.0
2022/2/23 10:00,4045,6.2,0.0,0.0
2022/2/23 11:00,3965,7.1,0.0,0.0
2022/2/23 12:00,3796,7.2,0.0,0.0
2022/2/23 13:00,3744,7.9,0.0,0.0
2022/2/23 14:00,3650,8.9,0.0,0.0
2022/2/23 15:00,3666,7.9,0.0,0.0
2022/2/23 16:00,3852,7.7,0.0,0.0
2022/2/23 17:00,4154,6.6,0.0,0.0
2022/2/23 18:00,4348,6.9,0.0,0.0
2022/2/23 19:00,4339,5.9,0.0,0.0
2022/2/23 20:00,4268,4.5,0.0,0.0
2022/2/23 21:00,4091,3.5,0.0,0.0
2022/2/23 22:00,3831,3.6,0.0,0.0
2022/2/23 23:00,3598,2.9,0.0,0.0
2022/2/24 0:00,3321,2.3,0.0,0.0
2022/2/24 1:00,3191,2.6,0.0,0.0
2022/2/24 2:00,3143,2.7,0.0,0.0
2022/2/24 3:00,3116,2.3,0.0,0.0
2022/2/24 4:00,3162,2.2,0.0,0.0
2022/2/24 5:00,3393,2.1,0.0,0.0
2022/2/24 6:00,3893,2.2,0.0,0.0
2022/2/24 7:00,4263,2.3,0.0,0.0
2022/2/24 8:00,4535,3.4,0.0,0.0
2022/2/24 9:00,4659,4.8,0.0,0.0
2022/2/24 10:00,4587,5.8,0.0,0.0
2022/2/24 11:00,4479,7.6,0.0,0.0
2022/2/24 12:00,4240,9.1,0.0,0.0
2022/2/24 13:00,4236,9.5,0.0,0.0
2022/2/24 14:00,4135,8.8,0.0,0.0
2022/2/24 15:00,4100,9.4,0.0,0.0
2022/2/24 16:00,4259,8.3,0.0,0.0
2022/2/24 17:00,4502,7.1,0.0,0.0
2022/2/24 18:00,4651,6.1,0.0,0.0
2022/2/24 19:00,4576,5.2,0.0,0.0
2022/2/24 20:00,4447,4.5,0.0,0.0
2022/2/24 21:00,4220,3.2,0.0,0.0
2022/2/24 22:00,3943,2.8,0.0,0.0
2022/2/24 23:00,3695,2.2,0.0,0.0
2022/2/25 0:00,3386,1.9,0.0,0.0
2022/2/25 1:00,3236,2.1,0.0,0.0
2022/2/25 2:00,3175,1.9,0.0,0.0
2022/2/25 3:00,3148,1.5,0.0,0.0
2022/2/25 4:00,3190,0.8,0.0,0.0
2022/2/25 5:00,3435,0.4,0.0,0.0
2022/2/25 6:00,3934,0.2,0.0,0.0
2022/2/25 7:00,4197,1.1,0.0,0.0
2022/2/25 8:00,4352,4.7,0.0,0.0
2022/2/25 9:00,4433,7.2,0.0,0.0
2022/2/25 10:00,4318,8.4,0.0,0.0
2022/2/25 11:00,4192,9.3,0.0,0.0
2022/2/25 12:00,3984,11.0,0.0,0.0
2022/2/25 13:00,3964,12.0,0.0,0.0
2022/2/25 14:00,3866,12.5,0.0,0.0
2022/2/25 15:00,3812,12.0,0.0,0.0
2022/2/25 16:00,3913,11.2,0.0,0.0
2022/2/25 17:00,4103,10.0,0.0,0.0
2022/2/25 18:00,4237,8.7,0.0,0.0
2022/2/25 19:00,4173,8.7,0.0,0.0
2022/2/25 20:00,4056,7.4,0.0,0.0
2022/2/25 21:00,3869,6.5,0.0,0.0
2022/2/25 22:00,3671,7.0,0.0,0.0
2022/2/25 23:00,3458,6.1,0.0,0.0
2022/2/26 0:00,3219,4.8,0.0,0.0
2022/2/26 1:00,3083,4.7,0.0,0.0
2022/2/26 2:00,3027,4.1,0.0,0.0
2022/2/26 3:00,2992,3.4,0.0,0.0
2022/2/26 4:00,2997,3.6,0.0,0.0
2022/2/26 5:00,3091,4.0,0.0,0.0
2022/2/26 6:00,3315,3.5,0.0,0.0
2022/2/26 7:00,3440,3.5,0.0,0.0
2022/2/26 8:00,3537,6.6,0.0,0.0
2022/2/26 9:00,3572,9.2,0.0,0.0
2022/2/26 10:00,3497,10.0,0.0,0.0
2022/2/26 11:00,3418,12.3,0.0,0.0
2022/2/26 12:00,3295,12.5,0.0,0.0
2022/2/26 13:00,3239,13.5,0.0,0.0
2022/2/26 14:00,3179,13.1,0.0,0.0
2022/2/26 15:00,3132,13.7,0.0,0.0
2022/2/26 16:00,3195,12.0,0.0,0.0
2022/2/26 17:00,3434,11.3,0.0,0.0
2022/2/26 18:00,3616,9.7,0.0,0.0
2022/2/26 19:00,3597,9.8,0.0,0.0
2022/2/26 20:00,3531,10.0,0.0,0.0
2022/2/26 21:00,3398,9.5,0.0,0.0
2022/2/26 22:00,3218,9.6,0.0,0.0
2022/2/26 23:00,3038,8.9,0.0,0.0
2022/2/27 0:00,2836,8.5,0.0,0.0
2022/2/27 1:00,2737,7.6,0.0,0.0
2022/2/27 2:00,2713,6.7,0.0,0.0
2022/2/27 3:00,2697,5.8,0.0,0.0
2022/2/27 4:00,2708,5.5,0.0,0.0
2022/2/27 5:00,2776,4.1,0.0,0.0
2022/2/27 6:00,2910,3.9,0.0,0.0
2022/2/27 7:00,3018,5.4,0.0,0.0
2022/2/27 8:00,3109,7.5,0.0,0.0
2022/2/27 9:00,3157,10.4,0.0,0.0
2022/2/27 10:00,3112,12.4,0.0,0.0
2022/2/27 11:00,3075,15.7,0.0,0.0
2022/2/27 12:00,2997,16.6,0.0,0.0
2022/2/27 13:00,2916,16.6,0.0,0.0
2022/2/27 14:00,2835,16.2,0.0,0.0
2022/2/27 15:00,2839,15.0,0.0,0.0
2022/2/27 16:00,2982,13.9,0.0,0.0
2022/2/27 17:00,3315,11.9,0.0,0.0
2022/2/27 18:00,3579,10.3,0.0,0.0
2022/2/27 19:00,3593,8.7,0.0,0.0
2022/2/27 20:00,3536,7.7,0.0,0.0
2022/2/27 21:00,3389,7.6,0.0,0.0
2022/2/27 22:00,3191,6.8,0.0,0.0
2022/2/27 23:00,3014,6.5,0.0,0.0
2022/2/28 0:00,2828,6.2,0.0,0.0
2022/2/28 1:00,2742,6.1,0.0,0.0
2022/2/28 2:00,2729,5.5,0.0,0.0
2022/2/28 3:00,2738,5.2,0.0,0.0
2022/2/28 4:00,2807,5.8,0.0,0.0
2022/2/28 5:00,3034,5.1,0.0,0.0
2022/2/28 6:00,3457,5.5,0.0,0.0
2022/2/28 7:00,3713,5.8,0.0,0.0
2022/2/28 8:00,3922,8.7,0.0,0.0
2022/2/28 9:00,4024,10.5,0.0,0.0
2022/2/28 10:00,3937,12.1,0.0,0.0
2022/2/28 11:00,3858,13.0,0.0,0.0
2022/2/28 12:00,3673,14.1,0.0,0.0
2022/2/28 13:00,3684,14.7,0.0,0.0
2022/2/28 14:00,3642,14.5,0.0,0.0
2022/2/28 15:00,3621,13.4,0.0,0.0
2022/2/28 16:00,3644,13.0,0.0,0.0
2022/2/28 17:00,3782,12.5,0.0,0.0
2022/2/28 18:00,3901,10.6,0.0,0.0
2022/2/28 19:00,3821,10.8,0.0,0.0
2022/2/28 20:00,3696,10.2,0.0,0.0
2022/2/28 21:00,3516,9.9,0.0,0.0
2022/2/28 22:00,3326,10.0,0.0,0.0
2022/2/28 23:00,3101,9.5,0.0,0.0
2022/3/1 0:00,2876,8.8,0.0,0.5
2022/3/1 1:00,2788,8.2,0.0,0.5
2022/3/1 2:00,2778,7.5,0.0,0.5
2022/3/1 3:00,2783,7.0,0.0,0.5
2022/3/1 4:00,2844,6.0,0.0,0.5
2022/3/1 5:00,3049,6.1,0.0,0.5
2022/3/1 6:00,3414,5.4,0.0,0.5
2022/3/1 7:00,3637,5.9,0.0,0.5
2022/3/1 8:00,3839,7.2,0.0,0.5
2022/3/1 9:00,4030,9.4,0.0,0.5
2022/3/1 10:00,3869,10.7,0.0,0.5
2022/3/1 11:00,3777,12.5,0.0,0.5
2022/3/1 12:00,3558,13.9,0.0,0.5
2022/3/1 13:00,3668,13.8,0.0,0.5
2022/3/1 14:00,3752,16.7,0.0,0.5
2022/3/1 15:00,3673,18.2,0.0,0.5
2022/3/1 16:00,3690,15.9,0.0,0.5
2022/3/1 17:00,3798,14.0,0.0,0.5
2022/3/1 18:00,3864,13.7,0.0,0.5
2022/3/1 19:00,3758,13.5,0.0,0.5
2022/3/1 20:00,3618,12.6,0.0,0.5
2022/3/1 21:00,3421,12.3,0.0,0.5
2022/3/1 22:00,3224,12.0,0.0,0.5
2022/3/1 23:00,3023,11.7,0.0,0.5
2022/3/2 0:00,2805,10.5,0.0,0.5
2022/3/2 1:00,2713,10.1,0.0,0.5
2022/3/2 2:00,2702,9.4,0.0,0.5
2022/3/2 3:00,2725,8.7,0.0,0.5
2022/3/2 4:00,2786,8.0,0.0,0.5
2022/3/2 5:00,2961,8.7,0.0,0.5
2022/3/2 6:00,3249,8.4,0.0,0.5
2022/3/2 7:00,3411,9.2,0.0,0.5
2022/3/2 8:00,3605,10.7,0.0,0.5
2022/3/2 9:00,3721,12.6,0.0,0.5
2022/3/2 10:00,3712,13.3,0.0,0.5
2022/3/2 11:00,3674,13.5,0.0,0.5
2022/3/2 12:00,3453,14.1,0.0,0.5
2022/3/2 13:00,3463,14.0,0.0,0.5
2022/3/2 14:00,3518,15.2,0.0,0.5
2022/3/2 15:00,3461,15.1,0.0,0.5
2022/3/2 16:00,3599,13.6,0.0,0.5
2022/3/2 17:00,3756,12.5,0.0,0.5
2022/3/2 18:00,3820,11.8,0.0,0.5
2022/3/2 19:00,3723,11.6,0.0,0.5
2022/3/2 20:00,3596,11.5,0.0,0.5
2022/3/2 21:00,3404,11.8,0.0,0.5
2022/3/2 22:00,3220,8.7,0.0,0.5
2022/3/2 23:00,3016,7.7,4.0,0.5
2022/3/3 0:00,2776,7.8,0.0,0.5
2022/3/3 1:00,2682,7.6,0.0,0.5
2022/3/3 2:00,2681,7.2,0.0,0.5
2022/3/3 3:00,2706,6.9,0.0,0.5
2022/3/3 4:00,2771,5.8,0.0,0.5
2022/3/3 5:00,2956,5.8,0.0,0.5
2022/3/3 6:00,3275,4.9,0.0,0.5
2022/3/3 7:00,3453,6.4,0.0,0.5
2022/3/3 8:00,3664,7.7,0.0,0.5
2022/3/3 9:00,3827,8.6,0.0,0.5
2022/3/3 10:00,3741,10.4,0.0,0.5
2022/3/3 11:00,3677,12.0,0.0,0.5
2022/3/3 12:00,3507,13.0,0.0,0.5
2022/3/3 13:00,3549,12.6,0.0,0.5
2022/3/3 14:00,3481,14.2,0.0,0.5
2022/3/3 15:00,3447,14.5,0.0,0.5
2022/3/3 16:00,3563,13.4,0.0,0.5
2022/3/3 17:00,3729,12.5,0.0,0.5
2022/3/3 18:00,3838,12.5,0.0,0.5
2022/3/3 19:00,3767,10.7,0.0,0.5
2022/3/3 20:00,3673,9.7,0.0,0.5
2022/3/3 21:00,3499,8.6,0.0,0.5
2022/3/3 22:00,3303,7.8,0.0,0.5
2022/3/3 23:00,3102,7.4,0.0,0.5
2022/3/4 0:00,2884,6.7,0.0,0.0
2022/3/4 1:00,2792,6.5,0.0,0.0
2022/3/4 2:00,2777,5.9,0.0,0.0
2022/3/4 3:00,2786,5.8,0.0,0.0
2022/3/4 4:00,2838,5.2,0.0,0.0
2022/3/4 5:00,3020,5.3,0.0,0.0
2022/3/4 6:00,3369,5.1,0.0,0.0
2022/3/4 7:00,3633,5.6,0.0,0.0
2022/3/4 8:00,3902,5.9,0.0,0.0
2022/3/4 9:00,4016,6.8,0.0,0.0
2022/3/4 10:00,3986,7.1,0.0,0.0
2022/3/4 11:00,3881,9.5,0.0,0.0
2022/3/4 12:00,3662,9.2,0.0,0.0
2022/3/4 13:00,3735,11.0,0.0,0.0
2022/3/4 14:00,3697,11.1,0.0,0.0
2022/3/4 15:00,3664,11.6,0.0,0.0
2022/3/4 16:00,3757,10.8,0.0,0.0
2022/3/4 17:00,3903,9.8,0.0,0.0
2022/3/4 18:00,3974,9.0,0.0,0.0
2022/3/4 19:00,3874,8.8,0.0,0.0
2022/3/4 20:00,3732,9.0,0.0,0.0
2022/3/4 21:00,3517,9.0,0.0,0.0
2022/3/4 22:00,3315,9.4,0.0,0.0
2022/3/4 23:00,3101,9.1,0.0,0.0
2022/3/5 0:00,2857,7.6,0.0,0.0
2022/3/5 1:00,2745,6.5,0.0,0.0
2022/3/5 2:00,2712,7.4,0.0,0.0
2022/3/5 3:00,2719,6.3,0.0,0.0
2022/3/5 4:00,2740,5.0,0.0,0.0
2022/3/5 5:00,2824,5.1,0.0,0.0
2022/3/5 6:00,2963,4.7,0.0,0.0
2022/3/5 7:00,3041,6.2,0.0,0.0
2022/3/5 8:00,3139,7.8,0.0,0.0
2022/3/5 9:00,3208,8.5,0.0,0.0
2022/3/5 10:00,3159,10.6,0.0,0.0
2022/3/5 11:00,3134,12.7,0.0,0.0
2022/3/5 12:00,3036,13.7,0.0,0.0
2022/3/5 13:00,2992,16.8,0.0,0.0
2022/3/5 14:00,2925,17.1,0.0,0.0
2022/3/5 15:00,2896,17.6,0.0,0.0
2022/3/5 16:00,2935,17.1,0.0,0.0
2022/3/5 17:00,3111,16.1,0.0,0.0
2022/3/5 18:00,3285,14.7,0.0,0.0
2022/3/5 19:00,3259,13.9,0.0,0.0
2022/3/5 20:00,3180,14.1,0.0,0.0
2022/3/5 21:00,3033,13.5,0.0,0.0
2022/3/5 22:00,2898,12.1,0.0,0.0
2022/3/5 23:00,2768,10.6,0.0,0.0
2022/3/6 0:00,2592,9.8,0.0,0.0
2022/3/6 1:00,2521,8.5,0.0,0.0
2022/3/6 2:00,2520,7.3,0.0,0.0
2022/3/6 3:00,2536,6.3,0.0,0.0
2022/3/6 4:00,2566,6.4,0.0,0.0
2022/3/6 5:00,2629,6.0,0.0,0.0
2022/3/6 6:00,2712,5.7,0.0,0.0
2022/3/6 7:00,2734,5.3,0.0,0.0
2022/3/6 8:00,2822,6.8,0.0,0.0
2022/3/6 9:00,2933,9.8,0.0,0.0
2022/3/6 10:00,2996,11.3,0.0,0.0
2022/3/6 11:00,2975,11.9,0.0,0.0
2022/3/6 12:00,2917,11.5,0.0,0.0
2022/3/6 13:00,2912,12.7,0.0,0.0
2022/3/6 14:00,2840,12.8,0.0,0.0
2022/3/6 15:00,2877,11.4,0.0,0.0
2022/3/6 16:00,3052,10.8,0.0,0.0
2022/3/6 17:00,3393,9.0,0.0,0.0
2022/3/6 18:00,3665,7.2,0.0,0.0
2022/3/6 19:00,3691,6.0,0.0,0.0
2022/3/6 20:00,3619,5.7,0.0,0.0
2022/3/6 21:00,3455,5.4,0.0,0.0
2022/3/6 22:00,3229,5.3,0.0,0.0
2022/3/6 23:00,3048,5.2,0.0,0.0
2022/3/7 0:00,2842,5.1,0.0,0.5
2022/3/7 1:00,2753,4.9,0.0,0.5
2022/3/7 2:00,2731,5.0,0.0,0.5
2022/3/7 3:00,2734,4.5,0.0,0.5
2022/3/7 4:00,2790,4.7,0.0,0.5
2022/3/7 5:00,3016,4.8,0.0,0.5
2022/3/7 6:00,3401,4.7,0.0,0.5
2022/3/7 7:00,3619,5.4,0.0,0.5
2022/3/7 8:00,3859,7.8,0.0,0.5
2022/3/7 9:00,4033,9.0,0.0,0.5
2022/3/7 10:00,4002,10.3,0.0,0.5
2022/3/7 11:00,3964,10.1,0.0,0.5
2022/3/7 12:00,3748,11.8,0.0,0.5
2022/3/7 13:00,3819,13.1,0.0,0.5
2022/3/7 14:00,3771,12.0,0.0,0.5
2022/3/7 15:00,3714,12.7,0.0,0.5
2022/3/7 16:00,3749,11.8,0.0,0.5
2022/3/7 17:00,3903,10.5,0.0,0.5
2022/3/7 18:00,4045,8.8,0.0,0.5
2022/3/7 19:00,3962,9.4,0.0,0.5
2022/3/7 20:00,3840,7.7,0.0,0.5
2022/3/7 21:00,3640,7.7,0.0,0.5
2022/3/7 22:00,3430,8.2,0.0,0.5
2022/3/7 23:00,3206,7.8,0.0,0.5
2022/3/8 0:00,2960,7.5,0.0,0.5
2022/3/8 1:00,2836,6.7,0.0,0.5
2022/3/8 2:00,2812,6.4,0.0,0.5
2022/3/8 3:00,2809,6.0,0.0,0.5
2022/3/8 4:00,2853,5.8,0.0,0.5
2022/3/8 5:00,3037,5.2,0.0,0.5
2022/3/8 6:00,3423,4.8,0.0,0.5
2022/3/8 7:00,3818,4.5,0.0,0.5
2022/3/8 8:00,4236,4.6,0.0,0.5
2022/3/8 9:00,4405,4.7,0.0,0.5
2022/3/8 10:00,4374,5.0,0.5,0.5
2022/3/8 11:00,4273,5.5,0.0,0.5
2022/3/8 12:00,4085,5.7,0.0,0.5
2022/3/8 13:00,4210,6.1,0.0,0.5
2022/3/8 14:00,4166,7.0,0.0,0.5
2022/3/8 15:00,4141,7.4,0.0,0.5
2022/3/8 16:00,4185,7.8,0.0,0.5
2022/3/8 17:00,4252,7.7,0.0,0.5
2022/3/8 18:00,4296,7.4,0.0,0.5
2022/3/8 19:00,4154,7.6,0.0,0.5
2022/3/8 20:00,3988,7.3,0.0,0.5
2022/3/8 21:00,3745,7.2,0.0,0.5
2022/3/8 22:00,3504,7.0,0.0,0.5
2022/3/8 23:00,3247,6.4,0.0,0.5
2022/3/9 0:00,2973,6.2,0.0,0.0
2022/3/9 1:00,2853,4.8,0.0,0.0
2022/3/9 2:00,2827,4.7,0.0,0.0
2022/3/9 3:00,2834,5.2,0.0,0.0
2022/3/9 4:00,2887,4.1,0.0,0.0
2022/3/9 5:00,3090,3.6,0.0,0.0
2022/3/9 6:00,3420,3.0,0.0,0.0
2022/3/9 7:00,3654,4.6,0.0,0.0
2022/3/9 8:00,3887,6.3,0.0,0.0
2022/3/9 9:00,3980,7.8,0.0,0.0
2022/3/9 10:00,3927,8.9,0.0,0.0
2022/3/9 11:00,3880,10.0,0.0,0.0
2022/3/9 12:00,3700,10.9,0.0,0.0
2022/3/9 13:00,3736,12.5,0.0,0.0
2022/3/9 14:00,3681,12.5,0.0,0.0
2022/3/9 15:00,3634,12.8,0.0,0.0
2022/3/9 16:00,3700,12.2,0.0,0.0
2022/3/9 17:00,3832,11.1,0.0,0.0
2022/3/9 18:00,3955,11.1,0.0,0.0
2022/3/9 19:00,3891,9.5,0.0,0.0
2022/3/9 20:00,3783,8.1,0.0,0.0
2022/3/9 21:00,3596,7.6,0.0,0.0
2022/3/9 22:00,3402,7.0,0.0,0.0
2022/3/9 23:00,3184,6.1,0.0,0.0
2022/3/10 0:00,2947,5.5,0.0,0.0
2022/3/10 1:00,2842,5.3,0.0,0.0
2022/3/10 2:00,2826,4.9,0.0,0.0
2022/3/10 3:00,2835,4.0,0.0,0.0
2022/3/10 4:00,2897,5.2,0.0,0.0
2022/3/10 5:00,3104,3.8,0.0,0.0
2022/3/10 6:00,3425,4.1,0.0,0.0
2022/3/10 7:00,3632,5.3,0.0,0.0
2022/3/10 8:00,3825,7.5,0.0,0.0
2022/3/10 9:00,3967,9.4,0.0,0.0
2022/3/10 10:00,3926,10.4,0.0,0.0
2022/3/10 11:00,3895,12.5,0.0,0.0
2022/3/10 12:00,3740,12.6,0.0,0.0
2022/3/10 13:00,3735,11.9,0.0,0.0
2022/3/10 14:00,3646,14.2,0.0,0.0
2022/3/10 15:00,3575,13.3,0.0,0.0
2022/3/10 16:00,3626,13.3,0.0,0.0
2022/3/10 17:00,3747,12.3,0.0,0.0
2022/3/10 18:00,3900,11.3,0.0,0.0
2022/3/10 19:00,3824,10.7,0.0,0.0
2022/3/10 20:00,3694,9.7,0.0,0.0
2022/3/10 21:00,3500,9.8,0.0,0.0
2022/3/10 22:00,3300,8.6,0.0,0.0
2022/3/10 23:00,3089,8.2,0.0,0.0
2022/3/11 0:00,2855,7.9,0.0,0.0
2022/3/11 1:00,2747,7.9,0.0,0.0
2022/3/11 2:00,2729,7.5,0.0,0.0
2022/3/11 3:00,2729,6.7,0.0,0.0
2022/3/11 4:00,2793,5.9,0.0,0.0
2022/3/11 5:00,2973,6.3,0.0,0.0
2022/3/11 6:00,3269,5.7,0.0,0.0
2022/3/11 7:00,3464,6.5,0.0,0.0
2022/3/11 8:00,3671,9.0,0.0,0.0
2022/3/11 9:00,3781,10.6,0.0,0.0
2022/3/11 10:00,3725,12.6,0.0,0.0
2022/3/11 11:00,3664,14.1,0.0,0.0
2022/3/11 12:00,3490,15.5,0.0,0.0
2022/3/11 13:00,3513,16.0,0.0,0.0
2022/3/11 14:00,3442,17.0,0.0,0.0
2022/3/11 15:00,3394,18.0,0.0,0.0
2022/3/11 16:00,3413,17.1,0.0,0.0
2022/3/11 17:00,3459,15.8,0.0,0.0
2022/3/11 18:00,3575,14.3,0.0,0.0
2022/3/11 19:00,3489,14.3,0.0,0.0
2022/3/11 20:00,3368,14.5,0.0,0.0
2022/3/11 21:00,3191,13.6,0.0,0.0
2022/3/11 22:00,3033,12.9,0.0,0.0
2022/3/11 23:00,2852,12.9,0.0,0.0
2022/3/12 0:00,2652,12.1,0.0,0.0
2022/3/12 1:00,2568,11.4,0.0,0.0
2022/3/12 2:00,2559,10.5,0.0,0.0
2022/3/12 3:00,2570,9.2,0.0,0.0
2022/3/12 4:00,2590,8.6,0.0,0.0
2022/3/12 5:00,2647,7.8,0.0,0.0
2022/3/12 6:00,2694,8.3,0.0,0.0
2022/3/12 7:00,2737,9.9,0.0,0.0
2022/3/12 8:00,2836,13.0,0.0,0.0
2022/3/12 9:00,2905,16.0,0.0,0.0
2022/3/12 10:00,2917,17.3,0.0,0.0
2022/3/12 11:00,2906,18.8,0.0,0.0
2022/3/12 12:00,2846,19.9,0.0,0.0
2022/3/12 13:00,2803,21.0,0.0,0.0
2022/3/12 14:00,2755,20.4,0.0,0.0
2022/3/12 15:00,2695,20.9,0.0,0.0
2022/3/12 16:00,2737,19.6,0.0,0.0
2022/3/12 17:00,2853,18.1,0.0,0.0
2022/3/12 18:00,3015,16.6,0.0,0.0
2022/3/12 19:00,2990,15.7,0.0,0.0
2022/3/12 20:00,2921,14.6,0.0,0.0
2022/3/12 21:00,2790,13.9,0.0,0.0
2022/3/12 22:00,2678,13.5,0.0,0.0
2022/3/12 23:00,2561,12.9,0.0,0.0
2022/3/13 0:00,2408,12.3,0.0,0.5
2022/3/13 1:00,2339,11.8,0.0,0.5
2022/3/13 2:00,2337,11.1,0.0,0.5
2022/3/13 3:00,2348,10.6,0.0,0.5
2022/3/13 4:00,2354,10.5,0.0,0.5
2022/3/13 5:00,2381,9.5,0.0,0.5
2022/3/13 6:00,2401,9.0,0.0,0.5
2022/3/13 7:00,2486,10.8,0.0,0.5
2022/3/13 8:00,2655,11.5,0.0,0.5
2022/3/13 9:00,2743,12.5,0.0,0.5
2022/3/13 10:00,2838,14.8,0.0,0.5
2022/3/13 11:00,2790,15.1,0.0,0.5
2022/3/13 12:00,2767,16.0,0.0,0.5
2022/3/13 13:00,2742,17.6,0.0,0.5
2022/3/13 14:00,2661,18.4,0.0,0.5
2022/3/13 15:00,2655,17.9,0.0,0.5
2022/3/13 16:00,2650,18.2,0.0,0.5
2022/3/13 17:00,2868,17.6,0.0,0.5
2022/3/13 18:00,3018,17.6,0.0,0.5
2022/3/13 19:00,2985,17.3,0.0,0.5
2022/3/13 20:00,2892,17.0,0.0,0.5
2022/3/13 21:00,2748,16.8,0.0,0.5
2022/3/13 22:00,2589,16.8,0.0,0.5
2022/3/13 23:00,2456,17.1,0.0,0.5
2022/3/14 0:00,2307,17.1,0.0,0.0
2022/3/14 1:00,2248,17.0,0.0,0.0
2022/3/14 2:00,2269,16.6,0.0,0.0
2022/3/14 3:00,2294,16.8,0.0,0.0
2022/3/14 4:00,2333,17.3,0.0,0.0
2022/3/14 5:00,2421,17.5,0.0,0.0
2022/3/14 6:00,2625,12.9,0.0,0.0
2022/3/14 7:00,2797,13.6,1.0,0.0
2022/3/14 8:00,3019,16.4,0.0,0.0
2022/3/14 9:00,3192,18.6,0.0,0.0
2022/3/14 10:00,3255,20.9,0.0,0.0
2022/3/14 11:00,3295,21.8,0.0,0.0
2022/3/14 12:00,3187,23.0,0.0,0.0
2022/3/14 13:00,3271,22.5,0.0,0.0
2022/3/14 14:00,3266,22.3,0.0,0.0
2022/3/14 15:00,3193,22.6,0.0,0.0
2022/3/14 16:00,3221,21.9,0.0,0.0
2022/3/14 17:00,3236,20.3,0.0,0.0
2022/3/14 18:00,3295,14.7,0.0,0.0
2022/3/14 19:00,3200,11.7,0.0,0.0
2022/3/14 20:00,3090,10.7,0.0,0.0
2022/3/14 21:00,2938,9.8,0.0,0.0
2022/3/14 22:00,2811,9.2,0.0,0.0
2022/3/14 23:00,2678,8.3,0.0,0.0
2022/3/15 0:00,2495,7.9,0.0,0.0
2022/3/15 1:00,2421,7.8,0.0,0.0
2022/3/15 2:00,2429,7.6,0.0,0.0
2022/3/15 3:00,2458,7.3,0.0,0.0
2022/3/15 4:00,2499,7.4,0.0,0.0
2022/3/15 5:00,2606,7.4,0.0,0.0
2022/3/15 6:00,2837,7.4,0.0,0.0
2022/3/15 7:00,3068,7.6,0.0,0.0
2022/3/15 8:00,3370,9.1,0.0,0.0
2022/3/15 9:00,3513,10.5,0.0,0.0
2022/3/15 10:00,3447,11.8,0.0,0.0
2022/3/15 11:00,3352,13.9,0.0,0.0
2022/3/15 12:00,3239,15.7,0.0,0.0
2022/3/15 13:00,3318,17.4,0.0,0.0
2022/3/15 14:00,3267,17.5,0.0,0.0
2022/3/15 15:00,3199,19.7,0.0,0.0
2022/3/15 16:00,3223,19.8,0.0,0.0
2022/3/15 17:00,3281,18.6,0.0,0.0
2022/3/15 18:00,3367,17.6,0.0,0.0
2022/3/15 19:00,3272,16.9,0.0,0.0
2022/3/15 20:00,3150,15.3,0.0,0.0
2022/3/15 21:00,2992,13.4,0.0,0.0
2022/3/15 22:00,2840,12.1,0.0,0.0
2022/3/15 23:00,2700,12.2,0.0,0.0
2022/3/16 0:00,2524,11.6,0.0,0.5
2022/3/16 1:00,2448,11.3,0.0,0.5
2022/3/16 2:00,2459,9.8,0.0,0.5
2022/3/16 3:00,2479,11.4,0.0,0.5
2022/3/16 4:00,2519,12.1,0.0,0.5
2022/3/16 5:00,2629,11.9,0.0,0.5
2022/3/16 6:00,2796,11.9,0.0,0.5
2022/3/16 7:00,3023,11.8,0.0,0.5
2022/3/16 8:00,3332,12.0,0.0,0.5
2022/3/16 9:00,3469,12.4,0.0,0.5
2022/3/16 10:00,3480,14.5,0.0,0.5
2022/3/16 11:00,3467,16.2,0.0,0.5
2022/3/16 12:00,3323,17.9,0.0,0.5
2022/3/16 13:00,3381,19.1,0.0,0.5
2022/3/16 14:00,3353,19.5,0.0,0.5
2022/3/16 15:00,3301,18.6,0.0,0.5
2022/3/16 16:00,3262,18.2,0.0,0.5
2022/3/16 17:00,3282,17.3,0.0,0.5
2022/3/16 18:00,3362,16.0,0.0,0.5
2022/3/16 19:00,3274,16.0,0.0,0.5
2022/3/16 20:00,3156,13.0,0.0,0.5
2022/3/16 21:00,2988,12.2,0.0,0.5
2022/3/16 22:00,2846,11.6,0.0,0.5
2022/3/16 23:00,2609,11.4,0.0,0.5
2022/3/17 0:00,2302,11.3,0.0,0.5
2022/3/17 1:00,2352,10.8,0.0,0.5
2022/3/17 2:00,2396,10.0,0.0,0.5
2022/3/17 3:00,2417,10.3,0.0,0.5
2022/3/17 4:00,2462,9.6,0.0,0.5
2022/3/17 5:00,2577,9.5,0.0,0.5
2022/3/17 6:00,2748,8.6,0.0,0.5
2022/3/17 7:00,2937,10.8,0.0,0.5
2022/3/17 8:00,3248,13.3,0.0,0.5
2022/3/17 9:00,3450,14.9,0.0,0.5
2022/3/17 10:00,3539,15.7,0.0,0.5
2022/3/17 11:00,3524,15.7,0.0,0.5
2022/3/17 12:00,3332,18.2,0.0,0.5
2022/3/17 13:00,3385,18.6,0.0,0.5
2022/3/17 14:00,3314,20.0,0.0,0.5
2022/3/17 15:00,3240,19.4,0.0,0.5
2022/3/17 16:00,3279,18.0,0.0,0.5
2022/3/17 17:00,3313,17.2,0.0,0.5
2022/3/17 18:00,3370,16.7,0.0,0.5
2022/3/17 19:00,3269,16.2,0.0,0.5
2022/3/17 20:00,3138,15.9,0.0,0.5
2022/3/17 21:00,2982,14.2,0.0,0.5
2022/3/17 22:00,2821,12.2,0.0,0.5
2022/3/17 23:00,2675,11.6,0.0,0.5
2022/3/18 0:00,2507,10.3,0.0,1.0
2022/3/18 1:00,2446,8.2,1.0,1.0
2022/3/18 2:00,2461,7.2,0.5,1.0
2022/3/18 3:00,2498,6.2,1.0,1.0
2022/3/18 4:00,2559,5.8,0.0,1.0
2022/3/18 5:00,2692,5.6,0.0,1.0
2022/3/18 6:00,2982,5.7,0.0,1.0
2022/3/18 7:00,3347,5.6,0.0,1.0
2022/3/18 8:00,3812,5.7,0.0,1.0
2022/3/18 9:00,4156,6.2,0.0,1.0
2022/3/18 10:00,4251,6.0,0.0,1.0
2022/3/18 11:00,4297,5.5,0.0,1.0
2022/3/18 12:00,4204,5.0,0.0,1.0
2022/3/18 13:00,4273,5.0,1.0,1.0
2022/3/18 14:00,4278,4.5,0.0,1.0
2022/3/18 15:00,4264,4.3,0.5,1.0
2022/3/18 16:00,4307,4.1,1.0,1.0
2022/3/18 17:00,4317,4.0,0.5,1.0
2022/3/18 18:00,4279,4.2,2.0,1.0
2022/3/18 19:00,4145,4.1,5.5,1.0
2022/3/18 20:00,3990,4.4,7.0,1.0
2022/3/18 21:00,3744,4.2,8.0,1.0
2022/3/18 22:00,3481,3.9,9.0,1.0
2022/3/18 23:00,3232,4.0,9.5,1.0
2022/3/19 0:00,2969,4.4,1.5,0.5
2022/3/19 1:00,2804,4.7,0.5,0.5
2022/3/19 2:00,2738,5.1,0.0,0.5
2022/3/19 3:00,2698,5.2,0.0,0.5
2022/3/19 4:00,2682,5.4,0.0,0.5
2022/3/19 5:00,2715,5.8,0.0,0.5
2022/3/19 6:00,2783,5.8,0.0,0.5
2022/3/19 7:00,2868,6.7,0.0,0.5
2022/3/19 8:00,2983,9.0,0.0,0.5
2022/3/19 9:00,3079,12.4,0.0,0.5
2022/3/19 10:00,3102,15.1,0.0,0.5
2022/3/19 11:00,3138,16.3,0.0,0.5
2022/3/19 12:00,3068,16.9,0.0,0.5
2022/3/19 13:00,2904,16.2,0.0,0.5
2022/3/19 14:00,2985,16.0,0.0,0.5
2022/3/19 15:00,2897,15.6,0.0,0.5
2022/3/19 16:00,2997,15.4,0.0,0.5
2022/3/19 17:00,3198,13.2,0.0,0.5
2022/3/19 18:00,3314,10.7,6.5,0.5
2022/3/19 19:00,3309,8.9,4.0,0.5
2022/3/19 20:00,3237,7.7,5.0,0.5
2022/3/19 21:00,3089,7.4,5.5,0.5
2022/3/19 22:00,2929,7.9,0.5,0.5
2022/3/19 23:00,2769,7.0,0.0,0.5
2022/3/20 0:00,2572,6.8,0.0,0.5
2022/3/20 1:00,2480,6.3,0.0,0.5
2022/3/20 2:00,2472,6.0,0.0,0.5
2022/3/20 3:00,2477,5.0,0.0,0.5
2022/3/20 4:00,2494,4.6,0.0,0.5
2022/3/20 5:00,2535,5.4,0.0,0.5
2022/3/20 6:00,2566,4.3,0.0,0.5
2022/3/20 7:00,2606,7.1,0.0,0.5
2022/3/20 8:00,2727,9.1,0.0,0.5
2022/3/20 9:00,2846,10.7,0.0,0.5
2022/3/20 10:00,2905,11.7,0.0,0.5
2022/3/20 11:00,2905,12.1,0.0,0.5
2022/3/20 12:00,2878,14.6,0.0,0.5
2022/3/20 13:00,2780,14.0,0.0,0.5
2022/3/20 14:00,2732,13.6,0.0,0.5
2022/3/20 15:00,2765,13.3,0.0,0.5
2022/3/20 16:00,2895,13.0,0.0,0.5
2022/3/20 17:00,3099,12.1,0.0,0.5
2022/3/20 18:00,3239,12.5,0.0,0.5
2022/3/20 19:00,3234,11.9,0.0,0.5
2022/3/20 20:00,3160,11.7,0.0,0.5
2022/3/20 21:00,3020,10.7,0.0,0.5
2022/3/20 22:00,2842,9.9,0.0,0.5
2022/3/20 23:00,2689,9.0,0.0,0.5
2022/3/21 0:00,2498,8.6,0.0,0.5
2022/3/21 1:00,2414,7.7,0.0,0.5
2022/3/21 2:00,2407,7.0,0.0,0.5
2022/3/21 3:00,2422,6.4,0.0,0.5
2022/3/21 4:00,2463,6.5,0.0,0.5
2022/3/21 5:00,2540,6.5,0.0,0.5
2022/3/21 6:00,2638,6.6,0.0,0.5
2022/3/21 7:00,2782,6.7,0.0,0.5
2022/3/21 8:00,3028,7.4,0.0,0.5
2022/3/21 9:00,3220,8.5,0.0,0.5
2022/3/21 10:00,3230,9.1,0.0,0.5
2022/3/21 11:00,3224,9.4,0.0,0.5
2022/3/21 12:00,3139,11.5,0.0,0.5
2022/3/21 13:00,3085,13.1,0.0,0.5
2022/3/21 14:00,2997,12.6,0.0,0.5
2022/3/21 15:00,2979,13.2,0.0,0.5
2022/3/21 16:00,3047,12.7,0.0,0.5
2022/3/21 17:00,3212,11.8,0.0,0.5
2022/3/21 18:00,3429,11.1,0.0,0.5
2022/3/21 19:00,3424,11.0,0.0,0.5
2022/3/21 20:00,3340,9.8,0.0,0.5
2022/3/21 21:00,3173,10.2,0.0,0.5
2022/3/21 22:00,2973,10.5,0.0,0.5
2022/3/21 23:00,2792,10.5,0.0,0.5
2022/3/22 0:00,2587,10.0,0.0,1.0
2022/3/22 1:00,2505,8.8,0.0,1.0
2022/3/22 2:00,2511,8.1,0.0,1.0
2022/3/22 3:00,2539,6.9,0.0,1.0
2022/3/22 4:00,2608,5.6,2.0,1.0
2022/3/22 5:00,2781,5.3,2.0,1.0
2022/3/22 6:00,3115,4.9,0.5,1.0
2022/3/22 7:00,3516,4.6,0.5,1.0
2022/3/22 8:00,4005,4.0,1.0,1.0
2022/3/22 9:00,4358,3.9,2.0,1.0
2022/3/22 10:00,4461,3.3,1.5,1.0
2022/3/22 11:00,4518,3.4,1.5,1.0
2022/3/22 12:00,4436,1.9,2.0,1.0
2022/3/22 13:00,4534,1.9,2.0,1.0
2022/3/22 14:00,4514,2.5,1.5,1.0
2022/3/22 15:00,4439,2.2,1.0,1.0
2022/3/22 16:00,4377,2.1,0.0,1.0
2022/3/22 17:00,4319,2.3,0.0,1.0
2022/3/22 18:00,4308,2.2,0.5,1.0
2022/3/22 19:00,4154,2.4,0.0,1.0
2022/3/22 20:00,3962,2.7,0.0,1.0
2022/3/22 21:00,3749,2.7,0.0,1.0
2022/3/22 22:00,3538,3.0,0.0,1.0
2022/3/22 23:00,3311,2.1,0.0,1.0
2022/3/23 0:00,3074,1.3,0.0,0.5
2022/3/23 1:00,2964,1.9,0.0,0.5
2022/3/23 2:00,2939,2.0,0.0,0.5
2022/3/23 3:00,2932,1.3,0.0,0.5
2022/3/23 4:00,2974,1.2,0.0,0.5
2022/3/23 5:00,3163,0.9,0.0,0.5
2022/3/23 6:00,3491,1.2,0.0,0.5
2022/3/23 7:00,3767,2.2,0.0,0.5
2022/3/23 8:00,4136,3.6,0.0,0.5
2022/3/23 9:00,4352,5.5,0.0,0.5
2022/3/23 10:00,4324,6.4,0.0,0.5
2022/3/23 11:00,4212,7.8,0.0,0.5
2022/3/23 12:00,3957,9.0,0.0,0.5
2022/3/23 13:00,3921,8.9,0.0,0.5
2022/3/23 14:00,3874,9.9,0.0,0.5
2022/3/23 15:00,3831,9.2,0.0,0.5
2022/3/23 16:00,3884,9.1,0.0,0.5
2022/3/23 17:00,4023,8.8,0.0,0.5
2022/3/23 18:00,4091,8.4,0.0,0.5
2022/3/23 19:00,3999,7.7,0.0,0.5
2022/3/23 20:00,3882,6.9,0.0,0.5
2022/3/23 21:00,3709,5.0,0.0,0.5
2022/3/23 22:00,3505,2.3,1.0,0.5
2022/3/23 23:00,3269,2.6,0.0,0.5
2022/3/24 0:00,3007,3.0,0.0,0.0
2022/3/24 1:00,2882,3.2,0.5,0.0
2022/3/24 2:00,2841,3.0,0.5,0.0
2022/3/24 3:00,2828,3.3,0.0,0.0
2022/3/24 4:00,2872,3.2,0.0,0.0
2022/3/24 5:00,3045,3.2,0.0,0.0
2022/3/24 6:00,3325,2.7,0.0,0.0
2022/3/24 7:00,3530,4.0,0.0,0.0
2022/3/24 8:00,3787,6.0,0.0,0.0
2022/3/24 9:00,3923,8.5,0.0,0.0
2022/3/24 10:00,3873,9.4,0.0,0.0
2022/3/24 11:00,3859,10.5,0.0,0.0
2022/3/24 12:00,3672,12.5,0.0,0.0
2022/3/24 13:00,3677,12.2,0.0,0.0
2022/3/24 14:00,3595,12.5,0.0,0.0
2022/3/24 15:00,3525,13.2,0.0,0.0
2022/3/24 16:00,3551,12.8,0.0,0.0
2022/3/24 17:00,3614,12.8,0.0,0.0
2022/3/24 18:00,3768,11.5,0.0,0.0
2022/3/24 19:00,3713,9.9,0.0,0.0
2022/3/24 20:00,3611,10.6,0.0,0.0
2022/3/24 21:00,3450,9.2,0.0,0.0
2022/3/24 22:00,3256,8.1,0.0,0.0
2022/3/24 23:00,3049,7.7,0.0,0.0
2022/3/25 0:00,2816,7.9,0.0,0.0
2022/3/25 1:00,2710,7.4,0.0,0.0
2022/3/25 2:00,2691,6.6,0.0,0.0
2022/3/25 3:00,2701,7.4,0.0,0.0
2022/3/25 4:00,2747,6.5,0.0,0.0
2022/3/25 5:00,2908,6.4,0.0,0.0
2022/3/25 6:00,3119,5.5,0.0,0.0
2022/3/25 7:00,3270,8.0,0.0,0.0
2022/3/25 8:00,3524,10.9,0.0,0.0
2022/3/25 9:00,3688,12.2,0.0,0.0
2022/3/25 10:00,3666,14.1,0.0,0.0
2022/3/25 11:00,3631,15.3,0.0,0.0
2022/3/25 12:00,3476,15.9,0.0,0.0
2022/3/25 13:00,3478,16.3,0.0,0.0
2022/3/25 14:00,3396,16.4,0.0,0.0
2022/3/25 15:00,3336,17.4,0.0,0.0
2022/3/25 16:00,3330,16.2,0.0,0.0
2022/3/25 17:00,3358,15.2,0.0,0.0
2022/3/25 18:00,3487,14.4,0.0,0.0
2022/3/25 19:00,3421,14.1,0.0,0.0
2022/3/25 20:00,3316,13.6,0.0,0.0
2022/3/25 21:00,3164,13.0,0.0,0.0
2022/3/25 22:00,3011,13.1,0.0,0.0
2022/3/25 23:00,2840,13.6,0.0,0.0
2022/3/26 0:00,2631,13.8,0.0,0.5
2022/3/26 1:00,2523,13.5,0.0,0.5
2022/3/26 2:00,2494,13.7,0.0,0.5
2022/3/26 3:00,2484,14.0,0.0,0.5
2022/3/26 4:00,2470,14.2,0.0,0.5
2022/3/26 5:00,2487,14.2,0.0,0.5
2022/3/26 6:00,2530,14.2,0.0,0.5
2022/3/26 7:00,2651,14.7,0.0,0.5
2022/3/26 8:00,2900,15.6,0.0,0.5
2022/3/26 9:00,3062,16.4,0.0,0.5
2022/3/26 10:00,3050,16.7,0.0,0.5
2022/3/26 11:00,3056,17.3,0.0,0.5
2022/3/26 12:00,3003,17.3,0.0,0.5
2022/3/26 13:00,3025,18.8,0.0,0.5
2022/3/26 14:00,2985,18.5,0.0,0.5
2022/3/26 15:00,2935,18.3,0.0,0.5
2022/3/26 16:00,2987,17.9,0.0,0.5
2022/3/26 17:00,3091,17.5,0.0,0.5
2022/3/26 18:00,3159,16.4,0.5,0.5
2022/3/26 19:00,3095,16.6,0.5,0.5
2022/3/26 20:00,2990,15.9,0.5,0.5
2022/3/26 21:00,2856,15.8,1.0,0.5
2022/3/26 22:00,2707,16.5,2.5,0.5
2022/3/26 23:00,2562,16.5,1.0,0.5
2022/3/27 0:00,2387,16.6,1.5,0.5
2022/3/27 1:00,2301,16.8,0.5,0.5
2022/3/27 2:00,2287,17.1,0.0,0.5
2022/3/27 3:00,2290,13.7,0.0,0.5
2022/3/27 4:00,2278,13.8,0.0,0.5
2022/3/27 5:00,2255,14.3,0.0,0.5
2022/3/27 6:00,2242,13.8,0.0,0.5
2022/3/27 7:00,2328,15.2,0.0,0.5
2022/3/27 8:00,2466,17.0,0.0,0.5
2022/3/27 9:00,2582,19.6,0.0,0.5
2022/3/27 10:00,2657,20.1,0.0,0.5
2022/3/27 11:00,2606,19.8,0.0,0.5
2022/3/27 12:00,2608,20.2,0.0,0.5
2022/3/27 13:00,2536,20.9,0.0,0.5
2022/3/27 14:00,2473,20.8,0.0,0.5
2022/3/27 15:00,2526,17.3,0.0,0.5
2022/3/27 16:00,2615,16.9,0.0,0.5
2022/3/27 17:00,2799,15.9,0.0,0.5
2022/3/27 18:00,2943,15.2,0.0,0.5
2022/3/27 19:00,2910,14.3,0.0,0.5
2022/3/27 20:00,2842,14.2,0.0,0.5
2022/3/27 21:00,2723,14.3,0.0,0.5
2022/3/27 22:00,2567,13.6,0.0,0.5
2022/3/27 23:00,2454,12.9,0.0,0.5
2022/3/28 0:00,2298,11.5,0.0,0.5
2022/3/28 1:00,2236,11.4,0.0,0.5
2022/3/28 2:00,2235,11.3,0.0,0.5
2022/3/28 3:00,2268,11.5,0.0,0.5
2022/3/28 4:00,2311,11.2,0.0,0.5
2022/3/28 5:00,2395,11.1,0.0,0.5
2022/3/28 6:00,2502,10.9,0.0,0.5
2022/3/28 7:00,2686,11.8,0.0,0.5
2022/3/28 8:00,3014,13.6,0.0,0.5
2022/3/28 9:00,3276,15.0,0.0,0.5
2022/3/28 10:00,3336,16.3,0.0,0.5
2022/3/28 11:00,3385,16.2,0.0,0.5
2022/3/28 12:00,3304,17.2,0.0,0.5
2022/3/28 13:00,3334,17.9,0.0,0.5
2022/3/28 14:00,3271,17.1,0.0,0.5
2022/3/28 15:00,3213,16.3,0.0,0.5
2022/3/28 16:00,3262,15.0,0.0,0.5
2022/3/28 17:00,3346,14.5,0.0,0.5
2022/3/28 18:00,3427,13.8,0.0,0.5
2022/3/28 19:00,3350,13.5,0.0,0.5
2022/3/28 20:00,3234,12.8,0.0,0.5
2022/3/28 21:00,3087,12.3,0.0,0.5
2022/3/28 22:00,2934,11.9,0.0,0.5
2022/3/28 23:00,2760,11.1,0.0,0.5
2022/3/29 0:00,2554,10.8,0.0,0.5
2022/3/29 1:00,2457,10.5,0.0,0.5
2022/3/29 2:00,2455,10.3,0.0,0.5
2022/3/29 3:00,2482,10.0,0.0,0.5
2022/3/29 4:00,2523,9.8,0.0,0.5
2022/3/29 5:00,2625,9.6,0.0,0.5
2022/3/29 6:00,2841,9.3,0.0,0.5
2022/3/29 7:00,3114,9.3,0.0,0.5
2022/3/29 8:00,3488,9.6,0.0,0.5
2022/3/29 9:00,3729,10.1,0.0,0.5
2022/3/29 10:00,3750,9.9,0.0,0.5
2022/3/29 11:00,3763,10.5,0.0,0.5
2022/3/29 12:00,3637,10.8,0.0,0.5
2022/3/29 13:00,3705,10.9,0.0,0.5
2022/3/29 14:00,3674,10.7,0.0,0.5
2022/3/29 15:00,3696,10.6,0.0,0.5
2022/3/29 16:00,3754,10.4,0.0,0.5
2022/3/29 17:00,3785,10.2,0.0,0.5
2022/3/29 18:00,3785,10.2,0.0,0.5
2022/3/29 19:00,3665,10.5,0.0,0.5
2022/3/29 20:00,3511,10.4,0.0,0.5
2022/3/29 21:00,3315,10.3,0.0,0.5
2022/3/29 22:00,3119,10.2,0.0,0.5
2022/3/29 23:00,2901,9.9,0.0,0.5
2022/3/30 0:00,2663,9.9,0.0,0.5
2022/3/30 1:00,2541,9.4,0.0,0.5
2022/3/30 2:00,2520,9.9,0.0,0.5
2022/3/30 3:00,2530,10.0,0.0,0.5
2022/3/30 4:00,2560,9.7,0.0,0.5
2022/3/30 5:00,2655,10.1,0.0,0.5
2022/3/30 6:00,2806,10.3,0.0,0.5
2022/3/30 7:00,3004,10.8,0.0,0.5
2022/3/30 8:00,3256,12.2,0.0,0.5
2022/3/30 9:00,3355,14.3,0.0,0.5
2022/3/30 10:00,3418,15.7,0.0,0.5
2022/3/30 11:00,3366,17.3,0.0,0.5
2022/3/30 12:00,3178,18.4,0.0,0.5
2022/3/30 13:00,3263,19.0,0.0,0.5
2022/3/30 14:00,3214,18.8,0.0,0.5
2022/3/30 15:00,3186,18.2,0.0,0.5
2022/3/30 16:00,3196,17.6,0.0,0.5
2022/3/30 17:00,3221,16.9,0.0,0.5
2022/3/30 18:00,3295,16.4,0.0,0.5
2022/3/30 19:00,3208,16.4,0.0,0.5
2022/3/30 20:00,3098,16.2,0.0,0.5
2022/3/30 21:00,2944,15.6,0.0,0.5
2022/3/30 22:00,2796,14.9,0.0,0.5
2022/3/30 23:00,2631,14.8,0.0,0.5
2022/3/31 0:00,2437,14.6,0.0,0.0
2022/3/31 1:00,2344,14.6,0.0,0.0
2022/3/31 2:00,2339,14.1,0.0,0.0
2022/3/31 3:00,2368,14.1,0.0,0.0
2022/3/31 4:00,2391,13.0,0.0,0.0
2022/3/31 5:00,2439,13.0,0.0,0.0
2022/3/31 6:00,2511,12.9,0.0,0.0
2022/3/31 7:00,2674,15.7,0.0,0.0
2022/3/31 8:00,2984,16.5,0.0,0.0
2022/3/31 9:00,3175,17.1,0.0,0.0
2022/3/31 10:00,3246,18.8,0.0,0.0
2022/3/31 11:00,3321,20.2,0.0,0.0
2022/3/31 12:00,3146,20.9,0.0,0.0
2022/3/31 13:00,3209,21.6,0.0,0.0
2022/3/31 14:00,3098,20.6,0.0,0.0
2022/3/31 15:00,3054,16.5,0.0,0.0
2022/3/31 16:00,3152,14.9,0.0,0.0
2022/3/31 17:00,3215,15.1,0.0,0.0
2022/3/31 18:00,3275,14.5,0.0,0.0
2022/3/31 19:00,3206,13.9,0.0,0.0
2022/3/31 20:00,3112,13.0,0.0,0.0
2022/3/31 21:00,2980,11.4,1.0,0.0
2022/3/31 22:00,2857,10.6,0.5,0.0
2022/3/31 23:00,2714,9.6,2.5,0.0
